mv_avg_vib_x,mv_avg_vib_y,mv_avg_vib_z,mv_avg_ar,mv_avg_sl,tool_wear
0.4967141530112327,-1.0469109826819396,0.1838345163225043,0.5121828611851357,49.058987806135896,-0.0167672376000161
0.17958232406155367,-0.254843196564103,1.4386127892222653,0.478907700050888,49.27410075096879,-0.0142531426524662
0.33609425959663947,0.22572047852922864,1.0759134664318324,0.46960811285965104,49.164373863275195,0.0356388507090383
0.6333642560117805,0.3494575643330238,0.5561894992195191,0.46519150759176375,50.5915366218147,0.0286917953280921
0.4604325668912047,0.4792330582487403,0.42614466847102445,0.47337292665343994,50.89770762784373,0.0397299351081404
0.31497714118218134,0.5378280740976835,0.03448589665476285,0.4648161609111946,51.31364156718449,0.0278653402454109
0.659187360800956,0.146707227270305,-0.5198833878591589,0.48080184342555593,50.1534246623286,0.0540061300813422
0.6838513952944585,0.21040496375525045,-0.7560972060313624,0.4622539320603332,49.99586804950067,0.0547306939338177
0.28606534310892234,0.0026501708802573855,-0.3718508334093985,0.4635258098620138,49.93136897088216,0.0876691002970843
0.44212282305384176,-0.24615413254546786,-0.4623086407691611,0.45130287633477567,49.557453546709176,0.0701781772933677
0.39698147216424473,0.17141555056468327,-0.13005515909339055,0.45514558156949275,50.00354944139154,0.1265958873041015
-0.011292245368225595,0.5675955228196315,-0.24068937937338938,0.444967424051448,53.04816092564206,0.0764883910075181
-0.1156719406025412,0.3590781838713031,0.2740495005389582,0.4816350877360615,54.472494700894615,0.1038696033508687
-0.40371831606405106,0.8571864576463945,0.027080290344873227,0.47175319792735076,53.67413184108578,0.1635440101993219
-0.8564990950007912,0.7792212518878227,0.5038571521013503,0.4836116115563807,53.132594060596716,0.1312972250407593
-0.875558266003434,0.6997222861607062,0.6903980858255825,0.4919013418288345,49.92666095778228,0.1237024267119117
-0.9842637430732081,0.6004507462864385,0.9142803977150702,0.5159912530359674,47.99891219781239,0.1643814312507533
-0.9690919345843009,0.5635634846692158,0.6406141549494374,0.5033381147826868,46.64144159561731,0.1604921551557091
-0.767325904473924,0.4368285379979529,0.7839795659577997,0.5253190277994244,46.945797415143545,0.1632825948876339
-0.7040882819553165,0.6676711723583537,0.032291039534367,0.5069684443671051,47.31002932119517,0.1680825837840256
-0.29778622603975174,0.5903341995784803,-0.18595859357790787,0.47760847734846956,49.550341820644874,0.2553674721125188
-0.13966046578711483,0.7940048790874713,-0.11298294666659112,0.467632705997279,47.9464757754411,0.2049689619963172
-0.18828949508552553,0.6678677144326903,-0.1961516146833865,0.4725377220283448,47.33966840493848,0.1814886527933424
-0.2909195209409153,0.19490393270883014,-0.5555916455458221,0.48122122213941576,47.43310121417424,0.2598741951801107
-0.11662052929583415,-0.11505322032685386,-0.18018062165066437,0.48566878043195383,49.310062035112225,0.2522214181022114
-0.3868509688551124,-0.6154119169855333,0.21677455857211486,0.5149303231269835,49.540069673633994,0.2346706713796042
-0.5711796279592066,-0.4181001214329819,0.29747870558372413,0.5253137170312169,51.65442764054592,0.2413376182262771
-0.5088308689445977,-0.5651794116422939,0.2952147385468685,0.5297093353078821,53.55402158947938,0.2834694559231646
-0.3432941734026079,-0.4410163658651996,0.7668999614607305,0.5208329827224203,52.27362457530917,0.2750616334502109
-0.2920415821731675,-0.2868453500123295,0.7044368456441437,0.5347955316769731,50.931678950292515,0.2514804436310979
-0.4338526262779608,0.16847914445113843,0.023198823169231275,0.5140306549670383,50.29586219053657,0.3357447992920933
0.1675165223913467,-0.0790430020026192,-0.4107153194220938,0.5090411651753152,50.840023518284056,0.3013201907556808
0.09039227005768484,0.3142652058401139,-0.08537936570571825,0.49887849195030365,50.04609637211358,0.3499114347296485
-0.0003073814666748831,0.2424722798699281,-0.3301104393416668,0.5013004687148352,51.16259008512586,0.3555686991593143
0.22325514719567763,0.26498243411687744,-0.30512843300153036,0.485727524097491,50.020325407252415,0.3199798091103437
0.10014253593041186,0.26058892167916464,-0.02396435674963294,0.4897847012802842,51.47499583602596,0.370663797287263
-0.22782558568736527,0.04827509096104332,0.5421135569324089,0.4907228051720149,52.70203228159655,0.3469711490027263
-0.6163453692326742,0.19822134551954024,0.5550849844447118,0.49350131793709906,51.549865501047215,0.3326659882639211
-0.669725596938121,0.41360366058742565,1.053997045641729,0.5031321993903062,50.91880264224884,0.3715080366795572
-0.7941475359018748,0.5945753975811189,1.0712221975782519,0.5181231951220454,51.94015667666612,0.3979527500355256
-0.40157069362552883,0.671207498243389,1.190672132724177,0.5116417732941565,52.02667849188174,0.3907452670400733
-0.4083549601054265,0.9562123320036109,0.5068737030669468,0.5063545345558632,49.38956724819185,0.403859033181498
-0.038835795524060204,0.6715193655668013,0.47742620335971875,0.5040715935244975,47.57159661630791,0.4428713208985722
0.1672954714208275,0.3145298226744291,-0.19952835544196534,0.4966686861558543,49.27769308095005,0.4321298796058018
-0.1670663775434234,0.24806369284144134,-0.12400680246789961,0.49784606067845216,49.8137396891967,0.423134033774301
-0.45801373893838787,-0.014212102623959532,-0.40223480760235775,0.5009768153852139,47.29153390954481,0.4640406064733465
-0.5837003530852801,-0.3540583734445284,-0.21632226492440906,0.4938420462982142,47.250659365885305,0.4639535113390849
-0.3484314550807896,-0.2724180444078037,-0.6788042382164743,0.5218461601539103,51.65902004838597,0.4195679039707591
-0.21877226176618025,0.23517679649654016,-0.5664659819565212,0.5199320958604962,51.7547749355104,0.4885670582754289
-0.27496109848218214,0.16006535851967169,-0.717288237197313,0.5192477689116526,51.9400568014358,0.497836574154322
-0.0654606666412221,0.3526751768242777,-0.6071240925142302,0.5455753444672622,53.5140398607932,0.5004024225916172
-0.0496345722494686,0.7994133391277242,-0.3223265466688998,0.5461820407221994,54.21174403421585,0.5278340116213915
-0.3957286212713842,0.7308630083008667,-0.3754892209299341,0.5264581108599111,52.519783762393004,0.50655212831347
-0.34140222513384355,1.004114853876666,-0.2094484852504675,0.5107549538097875,52.20737509003455,0.536729995776418
0.2181205067209528,1.1135343046822097,0.14232528398196959,0.51381157085435,50.400040623691105,0.508660812576653
0.34027453294829285,0.7001869873577009,0.14969716820583548,0.5135555302555624,49.77750136559735,0.5581418076679767
0.2501622806700878,0.5109841596780074,-0.16019599415821667,0.5032311833391429,50.71193649645145,0.5990611939107979
0.32441900184409594,0.5396370377832967,0.015029037559766872,0.5155237585055963,50.805648808896606,0.5501028729506492
0.2690512266396945,0.2778228027902144,0.20722319197066516,0.5256659092423479,51.06302434391217,0.5648039573602445
0.2586751438480354,0.29992898094434467,0.0028102858417546617,0.5145926931256783,51.27450250625733,0.5757996911421689
-0.02270093126120294,0.624962173005201,-0.00043590203555616825,0.5143575389873233,52.0326717636333,0.6025999645160319
0.1087255743336207,0.2300060385528687,0.2402806044931018,0.5199931774075527,50.10713215478392,0.5887392745429256
-0.04998414901428276,0.11254154714555557,0.06628449770339699,0.5134863273265562,50.16600425454964,0.6284249475738196
-0.3547633638280704,-0.31494125748640606,-0.03303124373862574,0.5116287605020338,47.31613792492763,0.6469367989093833
-0.3866524284906433,-0.5651103806748948,0.010226089752585921,0.520051153438732,47.507164673783805,0.6506869442690757
-0.018854778924361427,-0.41913166596757073,0.055264652587858475,0.5151533939694845,46.13283713202511,0.6146316914872386
0.004589788375394652,0.16028071918703118,-0.20887043919766604,0.521073266159379,47.75632131289091,0.6799033533031722
0.42727815903806443,0.2815915136352799,-0.1653907955455432,0.4936657587366124,48.4726959340576,0.6887473482850737
0.7395614851467848,0.21309082909655047,-0.1943418322234211,0.48551386691486575,48.22812810340264,0.6966032274469262
0.44874716602997966,0.41868788972797066,-0.029909795124432613,0.4955491874546848,50.05679523268877,0.6974568449731166
0.2504930777005571,0.5408703431994265,-0.09545225216088504,0.48943517877893833,53.99761218686734,0.7044037862841027
0.5732172115928771,0.0855046984917162,0.16429964638038766,0.4814318544319359,53.35684330324301,0.7306477879625279
0.36606022047554126,-0.019661203781016073,-0.07541217474180488,0.4879443913404904,52.006287666089314,0.7584702697520691
0.607376542911875,0.2230248845983077,-0.2989417900008972,0.4885024247852877,56.56802895040729,0.710939190732703
0.21316626929801039,-0.022303474635721,-0.5505922789313603,0.45913329779437195,53.92232266943481,0.7615625079158954
0.30598244535443164,-0.131401848169632,-0.6047100147804384,0.459584815752984,51.452161972714634,0.748275658039851
0.01649934199193135,-0.03306306000086438,-0.883331232307125,0.4589807122314996,51.592925821440815,0.757406538959428
-0.03542212399619249,0.07821869914157216,-0.5991243417389587,0.463043532730833,53.586335664948464,0.7392693861923593
-0.32928390356883397,-0.10164553833823982,-0.4234048518007144,0.47330262094852377,51.128892011902806,0.7743042118096921
-0.20213386938800423,-0.031585698760026426,-0.45430147076627936,0.4973032729132825,51.95637457724746,0.7700547008406318
-0.40973395154749215,-0.0161936769367965,-0.7196536358933774,0.5193910186790092,50.992231702820995,0.7907229114098812
-0.3550060546097177,-0.06599884060714614,-0.9561349933209418,0.5103995195457994,50.477935572773525,0.7880362723244371
0.0010890207148182896,0.19605927788457675,-0.9435947194570697,0.5318021681452696,48.13300855420656,0.8110218322537399
-0.1202023819639523,0.2942023133485238,-0.9101385497701043,0.5423573772637118,47.828242861695045,0.821877792859532
0.116327476660648,0.42720275559003057,-1.4218163164923467,0.5310697028180292,47.76982854045361,0.841935098368776
0.06062524179430243,0.4698164874255418,-1.073758706916149,0.512313042298402,47.2341230803824,0.8177050027541733
0.17299794731542734,0.26128180828373626,-0.7545108495510902,0.5229985032572697,48.83823865183403,0.8310896370450935
-0.056115843417879695,-0.43570088733265244,-0.3551128601964358,0.5134045378850638,49.354641452180736,0.8772382854146106
-0.057699044233498656,-0.6603330760973035,-0.5232971416081893,0.5189077916655706,48.04582729025133,0.864051237658598
0.20736795925086943,-0.4521813635357968,0.10315902202657297,0.5328977406422625,48.44891229845488,0.9114905958045988
0.3278496741204441,-0.7484993220624567,0.23171388341592142,0.5360944240853485,50.01846962054289,0.904505394440301
0.3392130449696664,0.047385518684247604,-0.08879244310050476,0.5365106226357901,47.02400506941953,0.9221352430041282
0.13376700054531837,0.28726959837537247,-0.21246115727431727,0.5199561294389712,47.860473222804934,0.948213846408418
0.17490140826223183,0.6298829589552464,-0.09202009569895726,0.5029230964561334,48.088600421920574,0.9238057837638686
-0.00545891270381158,0.6863599658098325,-0.06660676657069535,0.5090760749350713,49.975036328429496,0.9285102658916744
-0.31686261591678405,1.1985220096465938,0.6907467448406069,0.48886127189345235,50.437773237369164,0.9674340517119764
-0.45065276232738727,1.0997547048666703,0.7003948510438589,0.48275643066784363,51.79148793566948,0.9701902712785936
-0.2573162928328796,1.4548493077432243,0.8920501358112629,0.4990026339360396,50.72182046105695,0.966253393803574
-0.19004637590177448,1.623323389292557,0.7918387289814639,0.49138372744958286,51.67115828501418,1.0078291593391189
-0.157827375667313,1.4339786256456655,0.7480081800686775,0.4715353706864035,50.58006818023728,0.9857551138032014
-0.14748373816791277,1.189004100273616,-0.0459844121373066,0.48271402269163,50.03776150240594,1.0006554727511157
-0.2901220618508405,0.6670380787070773,0.28634830722433213,0.4797517015881073,50.227650648208986,1.0104244530166853
-0.41016122330911287,0.2622968929304348,-0.17220021023411172,0.4688907650202149,51.03833667217483,1.0013081221020306
-0.5709245721988695,0.05738133331239932,-0.048451561097909136,0.48591455129317246,50.5465934113321,1.0315517077897278
-0.5555494915739826,-0.0945891440063755,-0.40899468317131715,0.4809090471986267,49.59774470573636,1.06793520354797
-0.1909503755179328,-0.3403351320787106,-0.24941900246518597,0.469309270927572,47.54459435824715,1.0588993663075237
0.27113066556030435,-0.09024866229521344,-0.24745321862109834,0.4768081544307464,48.742627359066965,1.0606212685279788
0.3753039277150853,0.26502399312979763,-0.35914310263988847,0.4940118871746204,48.990202811401424,1.0667646543766869
0.5879842559870213,0.283952098896805,-0.5146900232121233,0.4851513491833903,48.82775386143554,1.0866173405681272
0.606067011450049,0.6140668766392905,0.04053195763625665,0.4937221954811557,51.076842732464414,1.104995332569784
0.14221739331039243,0.4769465007044921,-0.2162934951298114,0.5102874640578721,53.256799614592396,1.1121847766177952
-0.2396077657384977,0.2995089563836529,-0.06100649236930692,0.4992735987812263,51.25407777459543,1.1033627027635604
-0.26176249003360086,-0.03434471242456279,0.01917351843719961,0.49704405955049,51.81916537857471,1.1264956318822024
0.18009065060196283,-0.42476157607109677,0.26111785816261596,0.5029905872011072,52.997817401948,1.1395987948229658
0.1572224370820311,-0.7362318924242415,0.14714696068967187,0.5036862724979181,51.50081036890758,1.1198561002494605
0.6020009448916211,-0.5316717342477498,0.6242931428937284,0.5134448888973381,50.99518624669419,1.153364610823674
0.6010761623234753,-0.18967805671693255,0.517847028293491,0.519769961493016,52.488973505278025,1.1167739222739528
0.3560093090944229,0.08042058134103133,0.7981266425296966,0.5262449541444132,51.37762575641706,1.1796506741964237
0.09264024578342904,0.2494623769162499,0.6665131785942913,0.5240984997429411,51.542666954384245,1.1932068610912536
0.28221384156006774,0.6373888643780748,0.788943385350383,0.5249690178417286,49.250290477719965,1.204950922515729
0.3808255587850139,0.9065169421862496,0.2758125393108843,0.5148539956266931,49.24932058222296,1.1920990629566086
0.20660521805017415,0.7208183712579939,0.4602837891277133,0.525199268214726,50.528127919083715,1.2161809367004806
0.7216144840443597,0.5499310516035194,0.28797076709432534,0.5262659665029792,50.0299667167351,1.2484790769108234
0.21339450486595873,0.5634524061511119,0.2558770219063665,0.5140971978289285,48.87733493042667,1.2582753929658252
0.18109411337171732,0.11876437469651122,0.015410560564967873,0.5099804905928561,50.341466008817925,1.2394165460154687
0.46169364540816293,0.09287919655872534,0.2099825155135791,0.5206852151238759,49.56768129873906,1.2527863926145912
0.4461786676240324,0.35394875407837145,0.03809304245526089,0.5159454726867586,45.644393387533206,1.2822182228946886
0.053075055799317504,0.708466116529223,0.12033253645423217,0.5128909337525092,46.18802240724048,1.2399839596947566
0.3540903376583612,0.8031559165431117,0.4491511815298983,0.5407950441139182,46.934868091645924,1.2735384851464595
0.13673858435812666,0.6542456221259675,0.6282480199047971,0.5445452454925799,47.33747232438784,1.3167114091107353
-0.6107704307340361,0.4652449845938185,0.7519882572603704,0.5411387990942199,48.41454786115919,1.3195040108336953
-0.3982357744636337,-0.2647883126792262,0.6844835588215176,0.5357001848892717,50.67301747106843,1.3173852755529982
-0.49672217500524096,-0.5082316384702603,0.46405015468327715,0.5343851463532457,51.933593303973396,1.2898833518933877
-0.4212191656126735,-0.4394104343462916,0.33984405295992054,0.5195279856396382,51.61443565679311,1.3290017953391768
-0.503694085353135,-0.3081224110356904,0.3183208724843654,0.5284192779872686,51.100006111075096,1.3282016920750015
0.1171402781466587,-0.6546684368448428,0.4393814872767122,0.5152928932577734,50.97090715096548,1.3566207780563444
-0.052508178998734854,-0.19768870539188166,0.4100506654291702,0.5103619411721122,51.51436100270247,1.3438130663041026
0.09625505678841036,-0.36829057913477276,0.5423464981442953,0.507990088095541,51.910694372525555,1.349485532100508
0.1649548104183673,-0.5721815919906492,0.023746952133187494,0.4855047759674906,51.48014478211618,1.3387026944463274
0.10338159026139619,-1.0528548972468834,-0.2295992294434163,0.477743847480075,52.16030910906293,1.4144360936995342
-0.16039850753822651,-0.738845427777204,-0.3244618643361936,0.4937543461212406,52.78693999871757,1.392004589771139
0.258395498068566,-0.4865432927307508,-0.29660741684645764,0.5124271168922545,51.222163195062556,1.4131429156740507
0.0020259506805148765,-0.04717944486234722,-0.12224432859269381,0.5270209819492695,49.83770144656282,1.4199552376705162
-0.12303592480389894,0.0959565079889035,0.16790928085436038,0.5580490642564937,49.00731929122049,1.40865132134079
0.17582829361563615,0.5505383755993247,0.31157230585237683,0.5548265445522751,47.1464831632828,1.414818701771036
0.28741567733333173,0.6503680448509042,-0.11692267608511649,0.5458308189432017,47.18202009206969,1.4298936974800551
-0.220688219415711,0.09681247470574457,-0.006224312171167007,0.5435810938156387,47.79787132029833,1.445536631223412
-0.16256809883726145,-0.1745091512134888,-0.7321900672499467,0.5084188589908913,47.98688252353722,1.477332124940276
-0.0943917611372834,0.07069799280715112,-0.7311112795412518,0.4889067375568418,49.441809366701555,1.4640856467295875
-0.0862565890572716,0.43709888668281616,-1.1216599357870622,0.48998107162691085,50.241607584607756,1.5249298126318924
-0.19180779706049908,0.3238850571982684,-0.6505653563730359,0.469488692056449,49.83675483758175,1.520543020717863
0.1255867832975718,0.483399232026981,-0.5117683776053842,0.47058029302102156,48.994676236728274,1.526167190993314
0.25438795788178825,0.24801617173822313,0.1801504111095063,0.4840543014645643,50.19051614993905,1.517606821950537
0.19716518047366877,-0.07000411772023958,0.5220882863153089,0.47687231087290394,48.85958874491803,1.5602856147144095
0.1970975367698271,-0.36011470385095895,0.6587570290348991,0.48666500785208777,49.647351485443835,1.5356398873775776
0.0048434793784375655,-0.26603895016528534,0.7673881634501771,0.5143288995841686,48.65748216219152,1.549374771716915
0.30942353599105316,-0.04201543785679487,0.7987024038908817,0.516267268946913,50.468152603397776,1.5633994907949855
0.5409098607721681,-0.02648287361510413,0.6584145481954059,0.5156602648979656,48.75289683694546,1.584036460810867
0.256913218182497,0.43800274801121974,0.5816947303416484,0.5384465846852117,49.5973484250148,1.5927381615800598
0.33032424153258605,0.42964564320945875,0.5505767301658187,0.5413496188938172,50.653483203865534,1.580497494431108
0.27897298737545473,0.3524709200029833,0.03655865641870197,0.5374078864007164,51.73233334642093,1.589340125611481
0.06394980217805299,0.020883495953216237,-0.2712402029397854,0.5270343783643316,51.68570458182669,1.6227980591430418
0.20161713008023557,-0.30275692893885564,-0.3293672889672695,0.5331840270281452,51.042957979421324,1.6343047316778248
0.27645616213348256,-0.4239137264321027,-0.7674454488143793,0.5393673712754932,50.163955717945626,1.622132977503543
0.33853546253864036,-0.22174838977865474,-0.30121273477145777,0.5267418363412208,49.4251100977648,1.608256238606431
0.6167427782544637,-0.2731686053061627,-0.18772338439835964,0.5447901532919601,49.0839811134231,1.6458536780798352
0.6244526857879306,-0.10975628900517616,0.0048529520624859155,0.5479229257130657,49.20091930277167,1.6724705159765174
0.7728069628002985,0.47885144361667953,-0.003064381465917476,0.545623947447967,50.10948474945718,1.7061083369283956
0.8885805995531258,-0.009894970006391456,-0.15551611488204067,0.5270872442362607,51.726524995449914,1.6560408407531868
0.5458729371158229,-0.2625024478676896,-0.34576385848129165,0.5354292024381926,50.003082466299134,1.6814685749433884
0.2861286620864779,-0.04681216349323407,-0.676086575349751,0.49717055137712735,52.217513724238714,1.6922119287694923
-0.040730630622448416,-0.31049635454561086,-0.759956980096691,0.49710940198542586,51.43398502958333,1.73711610678863
-0.4347947727529994,-0.3544007746266574,-0.9191923164389874,0.48600707910515073,52.21862841541567,1.7193011699908274
-0.3167719583060372,-0.3126361271475825,-0.15725905834159262,0.4942282778007489,51.18460936879201,1.7118534688125546
-0.10997176928547617,-0.11296775816517075,-0.028640587443403098,0.5020830024532472,53.12314976378119,1.7511739056584363
0.23408256272989264,-0.2783771535225854,0.37531856403637803,0.5261082405073573,49.939016023472774,1.741907229599181
0.4005597943816209,-0.34997379504339,0.6421441069259352,0.5079950241435475,50.56247380959506,1.735512254532841
0.7074017479789646,-0.17516567355883406,0.7469013173408798,0.5394798919329238,49.516060717700626,1.752144533854477
0.586954782651104,-0.05019579096731548,0.45849939137026646,0.5412222671168214,50.38849085468642,1.8146808390884523
1.0763652523860832,-0.30496043783044946,0.31654633182059444,0.5236557612134143,50.785602945429765,1.7976841844329894
1.036776868414939,-0.2571464648983167,0.3485569879745621,0.51890993778879,50.863055360564815,1.802155201109051
0.8634597750391603,0.29617920519497565,0.35064375060651154,0.5445313888790178,49.733643754522944,1.8050021252837591
0.35928925627853403,-0.1393611924656905,0.6667627647971489,0.5175851644368352,50.55409008282614,1.825842976842376
0.5094299022578216,0.020464929889961098,0.6161690197696645,0.5167544909606592,52.630269016267924,1.83560471892005
-0.07858169184221313,0.26885055438539934,0.2455868439217923,0.5185877187459978,51.80136061430693,1.8458433765641469
-0.06020026629373663,0.3679296734182871,0.0011309667406952605,0.5131157788858001,53.63218500628174,1.852296901805555
0.20659356618728814,0.17406235161443648,-0.27752412185827346,0.5046340485598343,54.21685322986665,1.8773759667661112
0.4069210795511954,0.30439298461989883,-0.40499066941737405,0.49711878208856525,55.708922506366775,1.8704620869200148
0.14178264917193667,0.12711080754700813,-0.6884187487756338,0.4967409393739102,51.87062732768537,1.8604412232889471
-0.1157794424170068,0.05914812111661587,0.12525147172723936,0.5088116158718885,52.110478669846806,1.8777515421819828
-0.3471677353657701,-0.2933289657066869,0.6208969399753763,0.5181470310161643,49.9009464811914,1.860419626130206
-0.2698207051327252,-0.9123155364346058,0.7662197889145477,0.5333520341566793,47.508494343343756,1.950536342320848
-0.21172137749225053,-0.7510261707599604,0.7623100844574959,0.5510651084108364,45.87085876453587,1.9372550918390536
-0.2907955933379079,-0.40414932138653,0.94626643355358,0.5444224479831254,47.76472619047917,1.9133985900974153
0.04752483305256078,-0.893392748077725,0.2739048045749783,0.5471090515188857,47.39241617089821,1.934363103012058
0.21460609569479167,-0.8803392495961436,-0.013520504630434143,0.5285279994163146,48.9189140772511,1.9372624705158712
-0.13273035412707004,-0.17166646366973526,-0.08203626253885106,0.5114649923214493,54.530933044689675,1.9908509442274824
-0.1440892854809459,0.15309250646751832,-0.34443835175039517,0.49872254876368,53.982443816371,1.941602456714581
0.117415010233711,-0.02296388318819175,-0.23480387617965573,0.5149933235938541,54.36021834430422,1.9822895211763756
-0.14510043821959068,0.3045938527007966,-0.07511459579862868,0.5161675293475548,54.00283842526314,1.9878294431487031
-0.14989164581264208,0.4705325424482635,-0.4718148129363497,0.5347587163730358,54.41141305317409,2.0165367726141823
0.13975154298429074,0.6222488111033083,-0.6950849249792705,0.5546276881068906,51.082027906877805,2.0079198154455065
0.3263315667132999,0.08212871836250905,-0.5290965184257448,0.555619820253615,50.936832525010104,1.9848358224668912
0.5261650297141399,-0.08129658747617577,-0.2180368722651566,0.5484481701174435,52.25275465879095,2.0249776433071514
0.47994001197190556,-0.031672866640307884,-0.07531703945192565,0.537911499948823,54.08645240441977,2.0205567556411337
0.22153232820228377,-0.18518746304463488,0.039505556445103986,0.5416502278738341,53.935114439608995,2.051591590931131
0.21309727265342807,-0.43505684664886524,0.3091472146260614,0.529921646152806,51.87628414155123,2.0886835407304067
0.09995901048387383,0.019643517896401397,0.0827649216642468,0.535008004349437,51.93294136385898,2.0352114951153544
-0.0070770663788379375,0.24466961087610534,-0.07787700088484684,0.537074097593049,52.824218358894335,2.063995545292002
1.0397179016265838,0.2913194519137018,-0.2830551580136445,0.5472304928054047,51.42351969190088,2.0789461409243297
1.342175808031301,0.4241947568087829,-0.03432868379997073,0.5322211790746995,52.39713857938591,2.092367378091736
1.4669966789087483,0.08759436889693983,0.1339807859664696,0.5329056239433095,56.15044088011306,2.1248025132821047
1.5557546377080063,-0.06014753034109299,0.18636626817882235,0.5263136057476057,56.73756198205219,2.1165291116487723
1.5837381469910157,-0.13975898734041176,-0.309238181479661,0.4960668696436782,53.19986074860956,2.1383160545144086
0.7508527962150616,-0.1248124326068319,-0.33137571824375656,0.48945273354251506,51.00235804629697,2.1274845391253647
0.789183334458141,0.5727431717716965,-0.10461531215052947,0.5023681983101412,50.59045164568286,2.1545984869083585
0.4082199597975662,0.9457037522106125,-0.6732864586128062,0.5057425823711441,48.3409012037373,2.1755559526175543
0.17077068203398332,0.6192954237885914,-0.9819274663765405,0.4969743307866289,48.30523570259962,2.1553540090052583
-0.05586548150993761,0.5501631809764906,-0.7923782028942122,0.5185894059174053,47.904384957709,2.1956271623961303
0.02427799157845536,0.8165201425604142,-0.5649527795012975,0.4945442912593692,50.08160771185228,2.191047455374551
0.336130657097563,0.2011245481254424,-0.5322188016158654,0.5022952080299766,49.43831152097497,2.220909204809645
0.1179574577697871,-0.14570979218472074,-0.320624460796047,0.4889569533745403,50.52880906767341,2.2059716019984603
0.30328801347575085,0.18906604177580424,0.16387873554439597,0.5211495659032949,49.24498439126389,2.227624893103242
0.07853234508670055,0.14128058093556156,0.4852480522188749,0.5342597158975129,51.698863642445204,2.2291878753664296
-0.03151405966539132,0.28682283136616715,0.0013089504391363693,0.547580249229275,51.37435436101403,2.2380757547591887
-0.2759408573235605,0.48075019942799135,-0.3160901564037017,0.5226983478966675,49.67331380849032,2.255178608564514
0.11108298129694097,0.679513252986162,-0.1850157078600807,0.5372055551383236,49.30284477031315,2.2707361493844984
-0.24100321608076367,0.7524425754445915,-0.012529244038343679,0.5163512379285058,50.459190229522605,2.24500870176152
-0.06080598741176768,0.9002143316843183,-0.34491333138614,0.5080603471698584,49.430016676763614,2.3086726721763577
0.17021473181611355,0.6966813484917006,0.03628060903564205,0.5123809340437615,51.396191828011254,2.252806739189004
-0.19293391763772771,0.5781901358341133,-0.38332330846882434,0.5060401586683945,52.84136041455925,2.2863037578052223
-0.16178340725736592,0.49895502099413636,-0.5527003707790759,0.4803747355698985,52.83791217298453,2.308114618584702
0.06359471259231735,0.11461361921006877,-0.5514849743836596,0.49122777768328696,51.70750044555557,2.328247119381719
0.07705018120620692,0.3076065176472678,-0.6456250444548892,0.4847303130550106,52.3746124781023,2.3615234505548277
0.3706342455673962,0.07066855322796323,-0.6403590043366084,0.4841706500505503,51.20393710132591,2.3028341702354975
0.644206172657485,-0.1064358658528836,-0.052961635351941316,0.5090838318427564,51.02750617359821,2.339846117432206
0.19660073369262804,-0.127617213698132,0.010535605084805033,0.5432658940569373,49.24959906733211,2.3174633302440144
0.22549202494881024,0.08638440291050009,-0.04571598508524459,0.538416563614985,51.80434360645089,2.370632439478205
0.22416959779935536,0.2934690602693443,-0.041446293149701476,0.5407691132658046,49.763258101937524,2.3854336716900004
-0.03341775682340566,0.14748938086624536,-0.09420799526530059,0.5514444010226967,48.994818991320315,2.421815914843425
-0.3179909126904887,0.23363480187564373,-0.06118186336646605,0.5310593661913748,49.78033919252107,2.402412695217869
0.06480511263071219,0.7076752658550476,0.03907996714030347,0.5216994332291393,50.49560392020043,2.4308805025888476
0.12922650175597744,0.6075990115136598,-0.11196164283026817,0.5300866994175908,47.564829909722796,2.431676741630781
0.4354496298267386,0.28614022394142513,0.12578554922634252,0.5404379478274776,46.67571025430878,2.4212950360598966
0.025618477739397915,0.2877399381893512,0.3103871614344051,0.516211949727926,47.99513317941471,2.411820785064159
0.11793717454080768,0.36912930332277677,-0.22128693005740532,0.522310711983444,47.09875038644298,2.4555000459658363
0.04661019688505559,0.049828176265228605,-0.020509311118382945,0.5114395081643444,51.22972637036359,2.430157959657093
-0.18433830914271887,0.2634742906767916,0.029903393199719464,0.5070624772468267,51.736029045816466,2.495904141453393
-0.0036837036374643972,0.4110489787662425,0.07051549713113658,0.5052105802169422,52.9456735679188,2.4767587579592636
0.31808671624894125,1.1420122498257888,0.16740032187438825,0.5396881705730385,51.66643160755835,2.5139035482302283
0.1335249688331812,1.1728493020534216,0.3034112362853203,0.542495027724059,52.46190047025376,2.490395711317352
0.41280121675938697,1.2760092553972122,-0.0699343790498389,0.5464448945258135,49.07157500182571,2.51537701572802
0.9686130989597155,1.1183119536031545,-0.060035772347235804,0.5570857044271207,50.68541024428969,2.5241869771466936
0.8227300992967848,0.8107733217545139,-0.30152706507863786,0.5553869872713558,50.63542084056055,2.529099117639782
0.43857456019685037,0.36112919906957675,-0.19363173649879215,0.5532393575653876,49.82637005521296,2.531346809732068
0.5946193327736683,0.18669411942550315,-0.09029401767652781,0.5612192516557785,47.79216862349596,2.5578491203694105
0.6651439694830972,0.1557988883894402,-0.05915777494686212,0.5547667697083498,46.045945757174664,2.541476734730336
0.09989363323987352,0.3810133722220124,0.03978716869040384,0.5300817252283961,44.92269248652769,2.545811293420819
-0.01712073695805083,0.2509099547546693,-0.043534634158398644,0.5117437926091156,45.60744852695372,2.6048565378665365
0.4423948632016785,0.4117607353145877,-0.4693006935354834,0.5058307551014325,46.3647511807647,2.604543359777842
0.35457037974237154,0.7348358678368141,-0.23409822437856023,0.514972402558816,49.41351968019156,2.601317832172045
0.08999787497574627,0.678101804211123,-0.18920355121615945,0.5451801494164246,52.87227202056749,2.6433028476508755
-0.4160069036312527,-0.009216845685740526,-0.24840133117521485,0.5670854455440468,53.06268601542863,2.614644689625503
-0.708933521244297,0.07109910697774875,-0.1134804503081415,0.5943719130665978,51.5768931774605,2.6564540643997794
-0.9136591659257371,0.10309414109060888,-0.33688097165151243,0.5820941906490881,51.64877305971921,2.6435114816985164
-0.9771149117200311,-0.16433064781069318,-0.3356955834921701,0.5587870235073913,49.812693831445586,2.629504984998472
-0.6380127834382848,-0.340005551845012,0.08222050985531007,0.5489371546743148,47.934676622389986,2.696960803835417
-0.27507279473353746,-0.016017719262489162,0.10493560593351703,0.5448258681300884,47.57890866876684,2.6898142169324815
-0.15748936752301695,0.27424252048375547,0.25621225001423076,0.5344148853547593,48.726514849064586,2.6775795793798087
-0.08011282550410728,0.12476216183825695,0.6980082610152858,0.5442317227442379,48.91382630405248,2.704543425190679
0.458413264985145,0.08212119149054198,0.3801809175796278,0.5591706949928704,48.885254561984574,2.691925931320042
-0.15452662975401057,0.20918859261303405,0.3700546330176303,0.5636510295238424,49.75785999571882,2.726582980701191
0.3648491925521672,0.23236378407636066,0.40719746428703274,0.5725670371062298,50.823095578352515,2.672178428694321
0.45561949837854065,-0.11967042109780301,0.6888734187968744,0.5770777561428362,50.57306134972542,2.709603973326108
0.2338844489947916,0.09462984018225691,0.40407966681023416,0.5818050293187474,52.23781625446081,2.7595851948857395
0.038765282317281956,0.07852400320037525,1.0219155487726685,0.583856759275025,51.900443014266344,2.7450068892356216
0.36646444795092326,0.3958924267548595,0.8368011140952338,0.566549852612755,50.081467854656005,2.7641508458977753
0.014503118371231671,0.7790791039745616,0.9073007701226748,0.5613086027703288,50.109025172946794,2.7430642867576913
0.02713171944837738,1.1637951575303016,0.6280916793170123,0.5420644078149446,50.20941008854554,2.816957339914042
0.14708552656867485,0.7549677941192512,0.72534995294845,0.544288253868886,49.26678419612649,2.8138105928743538
0.07808309704932966,0.9007497430552884,0.602201298273189,0.5273453582035897,47.85032585969716,2.7959862956324937
0.1714120891219043,0.6530507546384534,0.47559957157737154,0.5349580476484951,50.86773037782616,2.8019060828627333
0.6093736240657929,0.16861900913438493,-0.028064988169000937,0.519083820571714,51.16639367733211,2.840592087228394
0.34856490358547865,0.03440052287556093,-0.29794977323950134,0.5387056203476627,50.49047322541404,2.8696494090033786
0.8529490941721433,-0.11451153578634246,-0.28505580192163127,0.5279704118220365,48.69755259364096,2.859075205116227
0.4405428615004527,0.042850160865095875,-0.4628049388417651,0.5241110408946755,52.7806350616696,2.893436053347932
0.278474503872186,-0.04466234028995205,-0.5018372124498239,0.5256029635935249,50.65794717951917,2.8415529734187617
0.07964937822309026,0.17688180005708892,0.13572828436786882,0.5284182546660713,49.15861688557675,2.8536122633900245
0.3841256478185259,0.1692393550484442,-0.03069739795692601,0.5318387913000725,48.40018930342106,2.856221177638933
-0.16630613479378678,0.3538381555660367,0.03554673792418511,0.5323342597033076,49.53533618449639,2.8988352129929895
0.18320177132231782,0.23421287519522638,-0.38969150564482713,0.5523789883954331,47.642498628393696,2.9035120709960873
0.11567339968072728,0.23272744035684756,-0.22607395062648455,0.5387392617917082,49.10251959149173,2.9069609775305603
-0.11914819672197097,0.367326805700176,-0.4884024533320881,0.5387681065023735,48.54477397487047,2.9361851725624657
-0.004711354581713146,0.04204513236804534,-0.013902687978009864,0.5255132121898407,49.297687239609736,2.9546465721042936
0.19194644285847437,0.11967388004459059,-0.2150394692554655,0.5342099393615342,50.10657604281836,2.909486751814263
0.09570377016085788,0.39069275658764,0.40480676029504525,0.5471724596423204,51.34817369171177,2.9380605594419777
0.3749387284623339,0.2861790600174774,0.4615666321515116,0.5488393909316557,49.068676206655006,2.976402871882461
0.5549863803095574,-0.023057556552494217,0.5975246337838194,0.5656441539491179,51.5564166839698,2.9606452263228284
0.5483531809562038,0.349491786455086,0.4880565881478372,0.5486767253894836,53.12139328052783,2.964035878472837
0.6035906484309761,0.36070406396017063,0.7771620354663465,0.528310765832747,53.76938394765659,3.010370748553008
0.5770883615817517,0.043616121029672994,0.38024793367885623,0.5020921696494364,52.699581477742505,2.9742099986055206
0.28584697473876713,0.34209164900676814,0.34337153081275795,0.49676175952906965,51.75560387420303,3.003968403844178
0.374560587871157,0.6051567738505399,0.5569162472166944,0.47030035344122895,50.52927036841785,3.0265728805160963
0.33477701347311717,0.724887009336449,0.7972992067267495,0.4962700759964759,51.55902030843289,3.018523601721798
0.20538572257862442,0.7715062213606795,0.5357646538477707,0.5062142522867321,49.58061691310512,3.0556631131202634
0.3953649977078546,0.6537005076087066,0.7497840290413909,0.5197390500812628,49.27002026854588,3.038622460496053
0.7636489811879927,0.6909496588461675,0.32040198662704844,0.540311823093497,51.62331264531343,3.0881723898689186
0.49659077867923385,0.9445535891393042,0.10534126813892904,0.55894683617971,48.88291411059159,3.0674850740500847
0.48465099810960766,0.6966587084979923,-0.01830276314287078,0.5615374380764476,49.50126583018839,3.0934254027341073
0.44910758269871787,0.4203609532046089,-0.24598813894629207,0.5631257514479153,49.500784132205524,3.1049204790596563
0.38282066167457673,0.6906004550121595,-0.5502709730418557,0.5476047228454186,50.40163249641637,3.0874491999451186
0.34775784919738917,0.5325813190073411,-0.3479130454973499,0.5514210970490233,50.498212826649734,3.068930269026882
0.6318701930452204,-0.281357140148062,-0.5222056590191206,0.5430167650460985,54.66249372570817,3.1272151150932768
0.6858674402943998,-0.08477421841501549,-0.8538643305338598,0.5272261295535825,53.404350235529364,3.1314457669424973
0.988116528495104,0.0036378423547757553,-0.4017479186154606,0.5262852329145732,54.07794960673616,3.151116520551503
1.036568333750159,-0.23531311093700347,-0.11873902990335569,0.5291700168612772,52.68584704457468,3.1454694505523433
0.9539183538947731,-0.14426897500603347,-0.10060767880877645,0.5145605304897869,53.57754684493561,3.151391446023986
0.7274965290615352,0.32893670717903445,-0.19123663127075416,0.5240351502898446,50.45363444745223,3.210169460219634
0.6303426686421553,0.30191457220320556,0.26075757923784926,0.5370174899265421,50.70061670813064,3.1505529187697845
0.34393309262081184,0.3224547723064689,0.5144006541266013,0.5299613272769416,49.843644190927336,3.204679009567285
0.35984631357586305,0.44375442542896504,0.3677510337107211,0.5343553419970312,51.99659090823385,3.1885079628363324
0.34320192068731226,0.3260208608248262,0.28452887481699046,0.5494159351212398,51.367187712345,3.2032844276451917
0.24232593164236835,0.43625485807296105,0.5342861060725919,0.5510823563395565,53.89190074698032,3.213657943348521
0.5966849125648312,0.41800982847421125,0.2532962029814117,0.5684925485971923,53.33514710335974,3.2139313145165747
0.4222248434214871,0.3185911992057083,-0.10530726162736452,0.5894150902554759,52.688962722604195,3.251424484204725
0.16070272414845646,0.4337382998319456,0.1396930636284068,0.6058780339271745,50.583097860082816,3.277812871918999
0.2740082900441466,0.37902678335236695,-0.11938737230055793,0.5813989776315259,51.10133561786209,3.2694002732249334
0.5966997617664876,0.3934480838575428,0.0463889577291063,0.5842165392271326,50.63101563020243,3.272067639924242
0.30376106632288596,0.34440388676164774,0.13288833668590147,0.56307778007329,51.73716468451397,3.2602711900180155
0.6313484407587417,0.8997001995560389,0.07882654604764193,0.545909639557104,53.89996430552274,3.3003365053164893
0.8724516050299644,0.6383824168731094,-0.0865935170000525,0.5362898215334418,53.801139541046005,3.3431269926345863
0.4620933523158439,0.6762835836987269,0.28812096964703954,0.5597635816407265,52.33983402854459,3.3023861075240983
0.3196365214450613,0.5113599398913988,-0.32142235787094975,0.5572762532910464,52.283243564538566,3.312480328412963
0.060095012015267235,0.3778383576707231,-0.03661341910464118,0.5491655425512066,48.79535755606339,3.31877821738038
0.13016465312902087,0.17076183972655604,0.054307734403448195,0.5622429089791272,50.07267284147979,3.3302117153101114
0.10391732768103537,-0.10723524845994366,0.16111238947874268,0.5543298394096541,51.488269431390606,3.295094008926553
0.11898355890275872,-0.2475365360391275,0.3592938707309771,0.5471875145097941,53.5185161289907,3.3681007077171143
0.040260275216474115,-0.4566413621509722,0.5016590380494319,0.5392886571815925,51.84214276048889,3.3530889564729076
0.25899370465708066,-0.20537205016295448,0.29772317050736,0.5460276919342688,55.40789994967484,3.347794737624164
-0.04806035630420522,-0.022665919008531966,0.23628722401500726,0.5464084918053594,55.97310493791019,3.405063798994651
-0.18237816283400443,0.2802781959977388,0.3173983511103607,0.542525389284572,54.21762780898591,3.3783596442991612
0.03217351510593965,0.45782217221545496,-0.2979996889332173,0.5599534680943103,53.76914296967141,3.403226618922325
0.14615879394134218,0.6859650261803771,-0.1132286593278814,0.5449190673327484,55.35800481799846,3.4493288478237716
-0.03710133570494928,0.7288510053337477,-0.32812977215018974,0.5412740122741682,52.57615377222555,3.40181568403951
-0.01784928998475956,0.2018295410056953,-0.18779156570207028,0.5374566606797923,50.844686795880264,3.4093480353080445
0.1937195728831133,0.2709650182865941,-0.2627794851301989,0.5538446987989162,53.00631631892553,3.455386123791247
-0.14391994143167458,0.5003407259075296,0.02149821811722461,0.5335309501070418,51.6409359341835,3.4829897472802074
-0.4736912142456709,0.5871209642993099,-0.1007602965282006,0.551310863026583,52.81289047258203,3.438513165645361
-0.5152766271388728,0.3932334641238679,-0.0019718409413445057,0.5615359999690196,52.69770887687167,3.4881537947367436
-0.4630436000745184,0.7794851465018584,-0.2673954783896876,0.5556661455516373,50.71721672140075,3.501619990799234
-0.4465572781433854,0.19173672838150146,-0.19265017863137304,0.5638977757232451,50.027358874982745,3.4588167903261535
0.1388456298290491,0.13284410335764446,-0.12460904161492733,0.5734389833278902,50.66101866845446,3.5259700267581446
0.5925851056278233,-0.09761803022936186,-0.5632145145025172,0.5828840931245737,48.78567662260573,3.5375321175968435
0.7050010401686845,-0.5010890958939545,-0.6156884539738829,0.5692599842942053,51.269182428197404,3.52376428853488
0.7446020252135754,-0.598485957475939,-0.6437113745381062,0.5709197540813369,53.301980851693585,3.56504692724596
0.48262943544947207,0.21746404718294735,-1.1380058785791909,0.5541262412713928,54.03067048986944,3.572729111486497
0.18457036114414307,0.054971117377674975,-1.3112923679926864,0.535819695628794,53.8892967393755,3.562062358514344
-0.043978494997229146,0.3769330004701949,-0.7076556316202345,0.530836053214807,55.21559845860853,3.5609710921935016
0.0532677193461335,1.0660870684656627,-0.3666056565046974,0.535264122127325,53.96750168243724,3.560543442148341
-0.10766043150073398,1.2274012763039235,-0.09590259942137731,0.5427550039264962,55.49757402113848,3.589248729812676
0.19742954055812156,1.281234310172058,0.10940928416919349,0.5352007070413718,53.834037142913076,3.611395178394084
0.5083947466401744,1.4577213483384224,0.4484328489893782,0.5625900861832965,56.06961897055426,3.603516462779187
0.54508924101589,1.2828050037046006,0.33509049072051555,0.5501680770145302,55.50907461249592,3.5760499798947594
0.5616026696511196,0.6405280267538852,-0.06920035062022993,0.5578805172209444,54.58636198878776,3.6553742778915312
0.865792452986866,0.32890447543753354,-0.36235238089829314,0.5593880312829347,53.907770612020364,3.643804464436898
0.6823938520445236,-0.16716591247353588,-0.5910600664639594,0.5645265018664888,54.8533657333679,3.6424075100664632
0.4213793620891508,0.11916896983809586,-0.7598682486684594,0.5560037414290119,53.60634036512041,3.677143167768466
0.4463646682199406,0.06947691659775738,-0.6360820904991049,0.5528181912935402,54.8024562994042,3.700492771929655
0.38627233979297804,0.41508287736053584,-0.5161293525279242,0.5652893041699733,56.523070705948555,3.6239617686102426
0.09435638096272154,0.5751642872210664,-0.3680928063292695,0.5576551629723621,54.569898473477735,3.6986852729984414
0.18021730647473663,0.753105932585243,-0.2065188589767522,0.5575404124512863,55.42685842558262,3.671467015783793
0.23571326464480258,0.6584994341982784,-0.00652748118633979,0.5461668675492943,54.58363779748756,3.7199822101359783
0.5241383023305113,0.5697185613643028,-0.3012071650181535,0.5666908554778376,54.05278766038399,3.722558544047492
0.6971720441208455,0.5845709280813016,-0.12631945010495077,0.5464680848241195,51.568249495278096,3.742714530528811
1.2831252886773097,0.3263515727600459,-0.24321207015929436,0.5389759745368459,52.614620019931365,3.7300150477101073
1.1254685375309705,0.054198418267861516,-0.20419250734901548,0.5428676818973092,51.00746877994767,3.712535197763617
1.2010478029090756,-0.4065937709728987,-0.6188413856676149,0.5342328377504957,52.6671708725022,3.7509926361748662
0.9482022787807969,-0.28889942100924326,-0.4553380329138956,0.5444920433925986,52.61154836461346,3.778136952702796
1.195023496490349,-0.4131095199336963,-0.41512372584546514,0.5448156096555675,55.01228464708481,3.8003078465735047
0.6034421442000669,-0.4025277617424104,-0.11119730622979936,0.5607683136682112,55.058760886255776,3.7665633739905497
0.5896820846245809,-0.41921491520618853,0.2353315617879444,0.5652213397371383,54.70605382135469,3.8205412085374606
0.2960542244747002,-0.312910374524423,0.6334745072393966,0.5672885796166302,54.6831488375348,3.79704255420707
-0.16467852525187218,-0.6058752528944936,0.5133783690519798,0.5491665527016965,56.05857987089321,3.827248997631891
-0.7070753199484996,-0.36743177822667356,0.2525154306324021,0.5628134856635632,56.21878359842272,3.819802120942688
-0.6965273989051494,-0.21188779463855428,-0.006292614738352032,0.5527576637075078,57.33002513647673,3.843643412554242
-0.49778947689069347,-0.22156276477072617,0.06449534180537868,0.5627370515861522,57.76646575351151,3.8678375526914057
-0.3088449563633978,-0.26621162862851244,-0.2789334985251411,0.5829405052754024,55.353243459589066,3.835459718454229
0.49188315262480015,-0.1151269979139812,0.12089740320028457,0.592332160170725,53.40994575273167,3.856401882065064
0.7878337208812217,-0.20273145154161815,0.36600342022907956,0.5800385239114993,53.459121243381944,3.8836992517468416
0.8249943183425399,0.0494425241025576,0.8883246845373192,0.5712656720411594,51.48187895639579,3.9380316732206073
0.6159474230606863,-0.0335098329071577,0.5406297833451414,0.553341625785633,52.595943308267394,3.8827362057566632
0.6466948584896148,0.05190903535874587,0.9228093426879657,0.5452318405210935,53.70659431939638,3.9508026777199383
0.008128845525368522,0.1708855943899819,1.200757570259442,0.5416435183664456,52.674510758207,3.960088466073503
0.18505062734208858,0.2418905446226864,0.898995858992478,0.5246673312981829,52.765510700121425,3.928053776985968
0.5370341789018859,0.017011618092042758,0.22642116728431855,0.5355275830164922,54.03017358671665,3.934036949476002
0.6235967790336759,0.24222408269987525,-0.06728612282980509,0.5433873105799638,53.67102267676914,3.9361586960267063
0.18330083519725854,0.15597991676351566,-0.06685075083204153,0.5387924178667529,54.52442926078802,3.9586359493933463
0.7188367477175289,0.029373141542593427,-0.8994537616099972,0.5463902483782,54.312480205412726,3.941865611348809
0.33035182177919376,0.11087839099866739,-0.8500318386693128,0.5724667224249251,54.26878557292345,3.978475219653588
0.34274185631268805,0.07307323211196545,-0.455203753613519,0.5857927327784634,52.24212458683574,4.0199376054770175
0.11840625125781497,0.6042770726367783,-0.041809241324453815,0.5821951945783411,50.96372187384286,3.9877782987504657
0.34187294876829516,0.6565275340336252,-0.098905276118356,0.5944883713231778,49.187290899673975,4.005185513920218
0.0728620101619086,0.6746231890386779,0.3225401347950613,0.5980692561349061,49.469782472427276,3.985977190514656
0.10588089424843994,0.15725071982284028,0.6531345061868541,0.6071113491417358,48.46098419438487,4.037481241762621
-0.23098066615904175,-0.20706770813628966,0.37556599077283226,0.5832309733832514,49.424262552901055,4.045289633699028
0.21318964835239074,-0.9035611968615417,0.20348925385667282,0.5829967770679418,51.38264636029612,4.0512740471953155
0.12025536334968576,-0.8374318668698735,-0.03577420989279671,0.5703133143449864,51.699566118158806,4.055663458995558
0.09144552268484972,-0.5934336718153466,0.08616357946108419,0.5589981550070863,51.06314855779404,4.064144841624551
0.10682332655734042,-0.6063570966727605,0.010827532618947866,0.5528877153211169,52.75836018586093,4.090038004674014
0.3004389839479983,-0.06614966157990092,0.2918932707719386,0.5555631637717589,52.14256832578767,4.089423667968227
0.3189067693793358,0.15463715371095665,0.66434842998316,0.5589212689429639,51.253841375182255,4.106299437431106
0.3082172331713402,0.13114226293221729,0.5836295437035783,0.5423166019325123,52.02868488365927,4.1142996563490914
0.03058509231153379,0.3524132209637628,0.7513934017828133,0.5519864658963798,53.821068971662235,4.142468545741916
0.26277612663191513,0.8485910615697433,0.876318806587782,0.5401421471960793,53.782328635519136,4.143539881947501
0.22706595849914296,0.6164491061998013,0.9335555403147595,0.5492326725913936,55.10556987535754,4.143857236863004
-0.06423952814688633,0.5353947084798792,1.0535739868325154,0.5456007495689554,54.31012868559564,4.180368440613044
0.4716340816082513,0.07624486284335585,0.9582149169137664,0.5774032578972628,56.04930231547719,4.168405370581131
0.8023066388970068,-0.3894580896297656,0.5202378654925384,0.534751702681882,56.05117332324323,4.196099253775809
0.7833455076131297,-0.6104801635419634,0.06888684715522597,0.5398523009220016,54.81680151193085,4.192138852167733
0.7311011977822924,-0.7536381023645863,0.06641571059907495,0.5383784332051917,55.30887175442425,4.153161618421369
1.2936628863530601,-0.6010792136735422,-0.49961482093403653,0.5370815257257673,56.426780242882025,4.226096695266387
1.3352154560202556,-0.1547739197894802,-0.016433751389454954,0.5430264746886013,54.65459422466027,4.212703524826853
1.2630024957489285,-0.055342615276164464,0.3629205028039477,0.5626712037706293,56.959592722753335,4.2189609045819845
1.2221720454100935,-0.14254524664887006,0.6493791730986678,0.5706982282228569,56.83895948395038,4.235626966949792
1.3384583353281605,0.08919343020115973,0.5621909112210289,0.5754619029415065,55.56442112970801,4.233100336760859
1.2007498581412923,0.20440479055994992,0.5750017891028378,0.5927564185993904,55.438696658621,4.254540577207779
0.6574117938196897,-0.028473564493925418,0.2544899641517976,0.5689652215518708,56.1181323640933,4.248162478673138
0.8451297117982517,0.29925594484339174,0.2306639145533179,0.5706517864058028,52.12656229813281,4.295485445174688
0.8632152152603576,0.4101106715776789,0.24785053345911418,0.574037482964832,50.44327579774193,4.27772823772758
0.3831069243417645,0.3807214987997503,0.18365382299283478,0.5748711274176842,50.181069383969785,4.282348323145551
-0.12655629341480085,0.43454809056362736,0.2980039801613361,0.5469495206821733,48.43771587572863,4.281501483685615
-0.3407032405677407,0.6998429693313444,0.06256999690566331,0.5483713206419275,46.94851655545254,4.315375515782973
-0.5310801031732809,0.6088556571911868,-0.4011668697490281,0.5597077954282577,48.96469824460282,4.323742142002502
-0.5985417531009467,0.6865699537148515,-0.1743954549606202,0.5572676978255614,50.04665323535765,4.33776849227355
0.054392350885941146,0.5608843912242418,-0.42232526714407503,0.5463651374669426,49.214089892027054,4.319454962249897
0.30657780578611055,0.49211404864059827,-0.3004899956051511,0.5328149102921527,50.924497975632285,4.317976376023769
1.0408621467354484,0.217297417950213,0.30651777179769363,0.5435831515507676,52.219020770603684,4.372511826050132
0.8194380182644411,0.0489538693493161,0.2700611200756525,0.527659077369459,50.028695598788374,4.39969283723753
0.33596787551727686,-0.014545124793493463,-0.07492320425454582,0.499251006429381,51.74682482347722,4.359472927552202
0.025101721601806837,0.06689081570653362,0.36910841558960816,0.477863012968081,53.998105566827476,4.421788825671234
0.08781065158877258,-0.030545554596025416,0.33406971386837175,0.5152883407248396,54.89000147009936,4.405678221174728
-0.2437366108612451,-0.1775982852049734,0.7066189285042154,0.5114852426281308,55.25308616318646,4.409858741908984
-0.38048994294318284,-0.3084833708820229,0.6242410084705646,0.52157484497706,59.15722148919328,4.412049026069084
-0.05692266669165025,-0.2826965554984603,0.7994020176326535,0.5557814358445234,57.98804500509884,4.4023096396115
-0.30599223073023785,-0.20853006861802478,0.5776159607927591,0.5906209011812076,57.28745834426896,4.459754570318492
-0.24815601446903218,-0.3877857574889828,0.7298575255201738,0.5987870522630611,55.924082771694906,4.434487872771248
-0.16758261934778457,0.24229745680993262,0.24479574286819888,0.5837164822939533,54.714727364409626,4.444403866485248
0.058644639677779,0.1793793057416722,0.43224175336336834,0.5857704991181482,54.052734758216914,4.4898385261977385
-0.025589939603942687,0.3552736026452441,0.2666527240199902,0.5558560809956522,53.07096028573589,4.442340331066566
0.024176052402296987,0.4093130336465484,-0.07000982063884464,0.5473319701034786,52.107486996323054,4.459528043786637
-0.1215794805352858,0.48617443688942685,-0.10338695335037129,0.5288257703952046,53.90825432890623,4.4996373151298386
-0.003155869371348441,0.5886668842648366,-0.13165929235058565,0.5491622207461171,54.9334619538831,4.515865688580097
-0.011610325089926831,0.5237463245828882,0.1430613789415638,0.5501063250536876,53.04460491426031,4.529694692959379
0.19268715776404005,0.5142575562259887,0.30924316360865545,0.5726504894425788,55.251169362142285,4.523964030132075
0.29919313475040155,0.6295069844866948,0.7547048200717847,0.5821216733491343,56.46058283963049,4.590607393372834
0.15386918403562644,0.625200241666574,0.664030602058691,0.6063000779172444,56.5908244749575,4.545442148824683
-0.05785055577247346,0.5492029601839847,0.428542639669857,0.5970239342483643,55.652445524712775,4.5553842769579465
-0.0670390147061802,0.7384928606419379,0.15872385135295597,0.5873010276868934,57.04835724823304,4.554060266623723
-0.2778633825961262,0.6129725888023563,0.18480450851252173,0.5836707517138702,58.84311512043553,4.582478136330422
-0.4106726411563484,0.4654923299744521,0.39890501975330495,0.5687565093676976,59.107146395821566,4.6022992246409355
0.14156174816245767,0.5733264605221189,0.32202244667276847,0.5621697895348434,57.66334791544601,4.62407156109067
0.17073532683077425,0.45756689216765717,0.5077940615972115,0.5626335349548641,58.31843326967081,4.5802143147111956
0.2385534859991913,0.6668457762243378,0.4696727374697981,0.5665309575394,56.93466826042493,4.615080093232886
0.39279412549853143,0.2599724927471777,0.46723458062935047,0.5594999234313367,56.68777201828764,4.638934072216183
0.6106188903611944,0.4693480105950115,0.31340826236804026,0.5748498571940603,56.27689186376674,4.65174115069189
0.17419474015433134,0.1642831983084337,0.7496312350647305,0.558595738933992,55.961778340576984,4.650130973156091
0.29069016605173,0.2092026215712562,0.5651234683196575,0.5551542103787523,54.41079031316656,4.670848479390642
0.5828516059427674,0.2764177418527777,0.670802161656297,0.5776064524903394,55.88043932580748,4.653820722141484
0.4346701905568769,0.4085026874838217,0.4828973752494522,0.5739008705518449,54.366806995941076,4.711158108646367
0.3426869486491662,0.06604361834372166,0.4794693161977802,0.5672153163140703,53.696529549661605,4.709852562059589
0.33258532540854124,0.17797291928011685,0.04844969953703367,0.5754588069190993,54.553062177840125,4.673101444258696
-0.24991745126420142,-0.07094869061951423,0.04987949502377107,0.5657050832728443,53.887343177477895,4.688497939037664
-0.7037424094303135,-0.3573247377957317,0.30211997875365837,0.5539971283672802,52.982241523775215,4.699061564997861
-0.32355253013624397,0.01737249172762343,0.40041526489919,0.552150709275705,52.57495842585475,4.743559399417931
0.12131945697600818,0.3621689355689095,0.0882199353828205,0.560165835600327,54.78679056965867,4.714305444671651
0.12723738477812066,0.8630184684505352,0.4027994212549757,0.5441592232216467,53.44666838463816,4.743379513315839
0.7036478066194503,0.7941409062190694,0.8117887793265662,0.567543223900918,53.684019686879275,4.769094087928336
1.0696508462509275,0.8144752253337595,0.6627239711329402,0.5739419088064176,52.61076911371167,4.7686766813090715
1.4127669507361293,0.322427317462149,0.534773869240561,0.5932503100741621,50.82859222415065,4.785177750314254
1.3084031866058474,-0.10023660803456289,0.8291976417180169,0.5876786080048149,50.465067735181,4.768683945773025
1.333341672504029,-0.18583120654661514,0.38612586558719586,0.5951350679513197,52.791673795764325,4.811897087467945
1.0276369880558498,0.2502908005051391,0.15844981772222116,0.5825861411260945,54.39739096534608,4.797735762150481
0.6448124893786875,0.04583723790450769,-0.2985287925076438,0.5863811166279304,56.521261834786856,4.813507606512042
0.07044385114414384,0.26460386154456633,-0.13879983774073432,0.5709147584265375,57.9989366785126,4.83475463455812
-0.3040264839165729,0.4210685604784662,-0.5615526383107581,0.5581738904650685,56.574315635883444,4.842061564430617
-0.562178911256895,0.28470230264934343,-0.08817066043217694,0.5672835485013057,54.69978668463623,4.850479600380313
-0.4996706037022559,-0.19976312901818463,-0.15984357691675374,0.5652293354894009,54.07632707814044,4.844987463560465
-0.39397614409056103,0.13249069127706517,0.2286571337603766,0.5411613128631805,51.31437853897685,4.864009011776016
-0.09652574796643335,0.15678751071990824,-0.07182337841558195,0.5338631816997712,51.451822884834556,4.880043671816741
0.23178714876337678,0.1597500449624853,0.1832248894299043,0.5395477032974778,51.51374858515186,4.862498295336658
0.5153581587026475,0.21354649982575133,0.16660459091524155,0.5322098229647965,52.5992948911141,4.890749340673732
0.9413763596122173,0.3773234947987156,-0.2645757234569546,0.5427450675298802,53.01035734176086,4.917753597580657
1.1738744181476792,0.20580594482703135,0.03350814828844797,0.5619017242041482,54.4026031593314,4.894451267923093
0.6649040471505728,0.27922369048249585,0.2270170238672204,0.5817497053191156,53.27430332854701,4.953131633031885
0.7939157074976735,0.26501338984353207,0.04357786722172223,0.5848130407748009,53.39393843841342,4.965392265251997
0.9040070407809881,0.0823261712928141,-0.45483348227620296,0.5838011935065806,53.39396290798229,4.9250969884807985
0.4012837784207508,0.029854341823653513,0.37836425261398315,0.5866148101757372,52.16424838329042,4.987152392661002
0.34845717755756483,0.437432791056358,-0.06577280245067096,0.58997040861864,52.42157380137085,4.967128368225757
0.34630516342932544,0.5721104784562194,-0.36369020264867485,0.5861075306334259,53.53295774573856,4.988370291183141
-0.23416480193441372,0.5312588437179018,0.10553443353724376,0.5834679035434654,52.74988768812913,4.980066978957435
-0.15599650488195776,0.7452237676229221,0.38866488554580386,0.5756641595530191,51.43094211523555,5.018460896544536
0.4340508503604189,0.7307909192315879,-0.13384143706158685,0.5562534914763568,52.812039917916216,5.018121880376973
0.1931198674963716,0.6462582496744204,0.09894233214941284,0.5503334458241183,51.598293108773454,5.003716934868049
0.48155216179449656,0.6085746355522389,0.12481929568207892,0.5549930483222936,51.72232183532394,5.006695960000695
0.6286983904460577,0.6467821073836727,0.11787806503518386,0.5656009513720763,51.55218020811361,5.010793951295816
0.34675260046984946,0.5975064486700286,0.2627990808941574,0.574385976176023,53.21003816888542,5.053758835528655
-0.15289471618889108,0.3506669532339781,0.5571428341073554,0.6030503355356747,55.3244030283381,5.071449428235595
-0.04526455907796674,-0.10873963103886378,0.5865074494173645,0.5916894131260031,55.6042152077595,5.083019313575589
-0.1474392845440562,-0.4208812337318462,1.1442530092604244,0.5956052795182915,55.79564731771537,5.077640378107852
-0.18278599771883902,-0.37026034895181154,0.924383393195078,0.5895871745739412,55.97140774932315,5.066860070886713
-0.030554759526872744,-0.11272889719040124,0.476091773277821,0.5849332206472804,55.95665619291832,5.0863585040395245
0.078591199714133,0.6482781994882725,0.45994271422142335,0.5769321355181523,52.360718001275394,5.133046972779239
0.20431454055987358,1.0018137505848324,0.8051773100209724,0.5860126409074523,53.70920952423552,5.110307428707999
0.01381227884564793,1.3413394838799824,0.25034518455185684,0.5801726353846615,52.30916065780209,5.132868352613629
0.06536283229724822,0.9531111551231405,0.1784727638769443,0.5815158078117306,52.83606593641633,5.118486990328502
0.16306450858949104,0.4986452323057654,0.4984941947229246,0.5873633438979675,50.771234450301826,5.156731660909181
0.2740103642872539,-0.10459971028796129,0.3981758404968452,0.6054647200101062,52.86599129311338,5.150846308766418
0.12700372098388502,-0.35580761319988846,-0.2151368873445108,0.6133538845318398,51.555572143076674,5.190934254275515
0.32909771076110905,-0.4890334348792903,0.2125439806802835,0.6171553851456375,52.98767333212845,5.195471154124136
0.5954441978321927,-0.2226681665617206,0.7492020765640622,0.6176035517637214,52.857707855795084,5.180085881068503
0.11119969272582653,-0.5094215316636264,0.7054965588900828,0.6281970138434683,53.78140872197412,5.197466719453047
0.12040308995999667,-0.20171089303202439,0.5358212688855601,0.6096362009352901,53.11396212130908,5.198977675199187
0.18410418341359688,-0.29151814150331506,0.4228472780918578,0.5981986412676806,53.19626576692042,5.1916113360691
0.2790722523294429,-0.2094681679376797,0.2504283012315295,0.5880776883217782,52.86181658396008,5.2128511514090565
-0.023142207370358936,0.3003383185781878,0.007553023632858746,0.5862934826197294,54.7433971394074,5.243964346554416
-0.049522774995929095,0.5128931993625081,0.06371767926868328,0.544660612511594,54.086922688204154,5.256505189964591
-0.48298850476548927,-0.142174519383817,0.24440796717364216,0.5417296323972678,55.11812488690846,5.262970958071852
-0.3401319673609842,0.01574507841456956,0.4367031399680057,0.5367257833250357,57.385195154885686,5.263965338920828
-0.40159240445226035,0.1886594696185013,0.16703261532168118,0.5558310858171355,56.365821015147354,5.29866133211442
-0.42908910188157934,0.1660842635390729,0.11356481006493577,0.5569766591584918,53.387579808532976,5.291270838091219
0.06032060628985851,0.10462309999232171,0.2016429831845062,0.5769342415785346,54.47478345736805,5.314065076561919
0.0542398776957584,0.7105922862153393,-0.10666480782833995,0.5744723909008889,52.76271375415793,5.27452449735595
0.03212172491707804,0.6753028762617984,0.3295147163071877,0.5690389001079793,53.14036730266374,5.241551994967633
-0.26131121909665034,0.4344931154277045,0.6631190851711355,0.557989233538887,53.99847779502221,5.335675760556762
-0.21010031935314108,0.5722641310134402,0.7764451470768474,0.5608482257307761,54.65848095490817,5.31150468692557
-0.32762428056227383,0.5181518212513405,0.32562267124423705,0.5824592154938204,53.21650850655529,5.345750965945739
-0.16668814488221292,0.4701317459293982,0.3619611956408254,0.5751921583747678,54.86096895124358,5.353958059179508
-0.2296684977156554,0.657304308664943,0.014556936192759065,0.586136409444286,52.428329720826994,5.401748012048311
0.21450810036278342,0.896223081540087,0.0006569755345272821,0.567895076589507,52.44449894261818,5.387999931058872
0.23021174430164484,0.38752287985730655,0.0803676092322911,0.5721435100219712,54.20964905859644,5.393317180535973
0.38858522873444973,0.7502988904636052,0.49036633983387007,0.5678967847719016,54.87969818050791,5.416739823092674
0.3354413271427759,0.6217930817067797,0.7153523136960808,0.5809066121557349,53.75101235550751,5.417369951736781
0.5190280678548568,0.582651672629162,0.5402297322578914,0.5807256807636346,54.31277588259977,5.410846460140231
0.6067980264266081,0.29742778956825794,0.6860303595642122,0.5986665868824007,54.95941955748602,5.4514295186050905
0.22856229658883925,0.4027173738717365,0.13417450797020622,0.6078379894028514,54.601509110714474,5.417804997442235
-0.09724038063522514,0.2677570357886367,0.3190098343031739,0.5999412942846419,54.87280169422106,5.456464943750672
0.24483021201546587,0.4220786650798797,0.31102655788580835,0.5965126551680788,54.98952754728833,5.429048604117273
0.09897509550687007,0.36297255112030996,0.8347742120840864,0.5857781611193073,54.64146490841796,5.47407887715032
-0.11439465766738888,0.6573928934006732,0.7249177536936419,0.5730907818520479,52.487675952813014,5.483859792835459
0.2598520012979642,0.5233716077382132,0.8908171390968228,0.5581684829565069,52.161680437531416,5.523529099238293
0.4372638061696989,0.2432590183320112,0.46160155191866287,0.5722017202505579,54.28113389244991,5.468700522131164
0.2914287299382343,0.42079507672081967,0.45065430451227834,0.5683954194275532,53.34091365309291,5.497982256482923
0.5663090157618537,0.24607301631173906,0.21855862660528547,0.577040476382858,52.9468109178443,5.5364536485314835
0.5436788060308938,-0.10931846454601106,0.09856106597850281,0.5817971928104095,53.56084351595058,5.536706345127946
0.7327111720721577,-0.21760014161056476,0.007555280394783081,0.5756144524276449,54.03498240010617,5.54360610102675
0.6337326176361435,0.41246580769142244,0.07866567083801163,0.5676677907743259,52.598424056300146,5.530877285940829
0.56806161618312,-0.2664814982206675,0.16292005039258722,0.5554009818216671,53.33075346740534,5.548183633038172
0.24870836257029377,0.5427865057103024,-0.3481327088238931,0.5707125021380675,53.19291207819966,5.594900820164465
0.2774294186687699,0.8853229722797241,-0.271572986968167,0.5682700908584284,54.16316460431392,5.578969816124921
0.12642678637273622,1.049674850940702,-0.3483975521562576,0.580979651677865,51.881098661085595,5.5975071939228895
0.2674719472595716,0.7643802692097288,-0.5455803525923505,0.5654729104034499,51.583187736577244,5.597696233424471
0.7807881480862174,1.2491977640034464,-0.8984072298167929,0.5872768474173105,52.62039777791223,5.586338289695005
1.0422395226195396,0.7264443799737631,-0.8310815123658788,0.5813298569854,52.29436566574812,5.6386762085215
0.8988591839933712,0.6448479723770115,-1.193447237804547,0.5919690599433653,50.676618560109105,5.64006464769065
1.2240136608732721,0.7118929197783169,-1.138949786245754,0.5749486991275979,53.827826541970374,5.686112736747344
1.0851584111727386,0.7413596931790714,-0.5172740799577616,0.5902871262541294,53.079788298438885,5.6296883724069895
0.26316814069113936,0.6453530311725222,-0.28462374757313064,0.5719111223579351,53.35135972112537,5.67645145842401
-0.11195926589562069,0.5114457257923997,0.11006217139558339,0.5628070029854402,54.45570915539181,5.64376912067926
-0.4201981473841642,0.3439927895582995,0.4616053474608366,0.5694020725315463,55.83342057811073,5.683146931353461
-0.7300288323421557,0.4601977527574702,0.6299799743716342,0.5874563362768634,54.69954334874311,5.709530131781264
-0.6440152856168757,0.5615647979890402,0.22419685286265145,0.5852556430628988,54.434452094331846,5.658557297678071
0.09961188015681093,0.013526592144096928,0.09067143346337296,0.5874810984076262,53.43814935471427,5.705901350515168
0.3673294133761836,0.17553324120719896,0.3456643200071387,0.5966075673369419,53.217805567918596,5.708735805319147
0.6983824881026413,0.25403397324793764,0.6273647695749797,0.5866502079609808,52.06641490428549,5.715960854034098
0.93528109743066,0.024110039611792634,0.2649773916488024,0.555622991964581,51.972632242345846,5.747704253045187
0.49008515607423203,-0.1717331584357094,0.076017763758255,0.5634404200589538,52.60047125504495,5.772413714128452
0.20263540152394804,0.6417389495207967,0.2594718461442323,0.5730891167360971,52.3180972459352,5.757334425695417
0.2921377618315682,0.7006359236658636,-0.22326382435211864,0.5788007113507978,51.49657368017572,5.774109728551201
0.04095541472043203,0.5076849881838342,-0.483152644246993,0.5677971530420013,54.41561545417416,5.782286175061185
0.1045399034081794,0.5934090339243682,-0.2919179477622488,0.5593762301489574,54.96199552866447,5.790036070127129
0.6151810429916986,0.47735321466033576,0.34625638211787735,0.5544837297258559,56.19660718254495,5.778213147245758
0.4857153448728845,-0.022821125268205723,0.6406855676035275,0.5577846540879845,56.05533527137857,5.832168892034458
0.45881347559980734,-0.3370980255843229,0.8764653308535383,0.528996384588701,55.54346128811991,5.825903907363177
1.2093840925997141,-0.009471960516601773,0.9810268709678415,0.5303070535750749,55.9121262656772,5.837897629800052
1.0177213312530866,0.10031442816015601,1.3482187944621553,0.5897692284008459,54.981462534115806,5.823869807419488
1.0003809632973304,0.3978346961143192,0.8027754814307159,0.5840652429324678,53.275654816754376,5.840815592040216
0.9922811624525012,0.8193493234681523,0.4017797117951335,0.5886021551860221,54.005049056509755,5.856477316045785
0.6964707116213453,1.0485002628355846,0.3752509164041496,0.5991452324450146,56.90850069684707,5.839317506131023
0.40911409965237444,0.7482970863408898,0.34253828678132153,0.5881701581717611,54.93968072110268,5.846239313496047
0.20223887974196134,0.6446284232269078,0.14952767978207296,0.5590583575232149,56.286501359878514,5.8779850413872285
0.1676228062088319,0.7026650812794333,-0.05272472090294809,0.5596013773185036,58.12544905724603,5.910450415328848
0.16467829304691675,0.7090760268989962,-0.049688762643193954,0.5484359644246697,56.63941425819146,5.896937252201401
0.4311579283722128,0.8441948807973805,-0.07975454981446939,0.5539391135999013,54.80565132735927,5.899623896048186
0.33253798240381266,1.114723806308631,-0.26685749743769455,0.5776277845615012,55.793387009555104,5.913706286935247
0.7119775327202251,1.099200775908607,0.10019625633111331,0.577972156773534,51.80934724063589,5.930893151537094
0.5963758017884567,1.1537207555528035,0.1387553624310427,0.5681310999535333,50.58403957178462,5.942922820743598
0.638647100365865,0.9981300747667239,0.4007954977299157,0.5771346895124483,50.2367375203926,6.003310429044131
0.34781318834318453,0.5845443072526995,0.7137700902559789,0.5589303395708998,50.44112178744915,5.9910924125697465
0.19293691155363193,0.41084198205018135,1.1835505583472339,0.5359270415382134,49.19191249797077,6.000495482245635
0.061603817594081865,0.19214364860702246,0.7085200364940096,0.544962975254379,51.55342864670429,6.0133716072854675
0.315719616977161,-0.15635021702469187,1.0843609136593788,0.5628161989118181,51.15777105058727,5.980023582613319
0.18597633548336953,-0.17937786229153596,1.0975525348734627,0.5575233566020701,51.49860656541373,5.985552707700255
0.5563650589440223,-0.1609150792195372,0.8391836576599928,0.5632055483643555,54.274219596496515,5.99786259416932
0.9170660790032942,-0.189322155332145,0.3654820664691022,0.5767729727870686,56.44764965251767,6.056690122666757
0.9250077573221234,-0.41849272273516486,0.5339140271474332,0.5668966596197997,55.65097617299949,6.02905616422235
1.1496839927877254,-0.24022648923925338,-0.07046368229901408,0.5460104764693169,57.79250213924625,6.024972876355214
1.1800740140855952,-0.21050982299725746,-0.04764445758468756,0.5393371027964369,58.497328261232816,6.0513800759956045
0.757936685685239,-0.21487172798445592,-0.06114782502142262,0.5599578504823663,56.34175243057642,6.0652278893657074
0.13177986042645248,-0.02085845134371933,-0.08551636598768482,0.5814529727886109,54.41816442934876,6.085368265473892
0.34901653836260826,0.5459503465987969,0.23701839339774722,0.5800290519955025,54.92762957118166,6.095019020414241
0.10524530340486593,0.18235146927686188,0.6088382048251034,0.6036958344810164,54.336513126314834,6.0834363887225305
0.24960100532654886,0.030137255517621597,0.3921665071411007,0.592088479611986,54.86901311019494,6.123713127850275
0.5552404675358555,0.0402983488002475,0.7655989849911837,0.5923026478979672,54.27042217647458,6.107216129324997
0.6866015041400954,-0.278959568081559,0.6440391015183952,0.570133069364412,53.03625465540163,6.126874473265899
0.8772578340486834,-0.3000067901940736,0.12500100392870553,0.5775438323146891,52.80955624576707,6.1537354814100675
0.7729437354559766,-0.01668820804839191,0.23094012114217569,0.5676443838457429,50.191471749389414,6.137163571921113
0.8066544248421057,0.08352561642917625,0.4800596135226213,0.6001320839060678,50.084956730058515,6.148612971528378
0.8965288206409392,-0.16284654946826735,0.12366685269386683,0.5849361742681444,49.37199052382395,6.1818333609938625
1.2185432727310164,0.15278951382179834,0.0319114423749153,0.5993946806476493,50.41816741793648,6.1628453364679
0.7748844779465369,-0.2603852965087984,0.03585818447831485,0.5936691091042161,52.68901224809656,6.182304159527919
0.5916601467454882,-0.2090617056745246,-0.055850219336427774,0.5947065377631284,55.53683989945083,6.211114843560858
0.664789655534768,-0.1001115127943166,-0.23908392666541708,0.57980681799031,55.49948741976364,6.251081848828719
0.8967560263330959,0.5733645162812118,-0.1951182982685843,0.5802374026853798,56.616216248735476,6.232108090095255
1.0703529854998082,0.18508866744199154,0.14740532048099234,0.5739633093073067,58.76879927350562,6.2394527952598
1.3449283022549205,-0.1703902477250315,-0.10100591956172064,0.5762748609756657,57.926601503084555,6.250616031673455
1.4014948543408052,-0.14503502780111074,0.23361056273442254,0.5804132774964413,56.40664343311704,6.228536194518659
1.1099950151449491,0.1601636579358691,0.299925939119886,0.583239827141574,55.0200501729298,6.262311934773598
0.7091475281130721,0.1363930463824738,0.4920210150542311,0.5998194629392494,55.50815608006828,6.269404670233272
0.4519232976228748,0.44066084628766883,0.4975769274763008,0.6093384980154017,54.46475326606073,6.286431690807455
0.35283907227224454,0.9468078773518718,1.0734012679746634,0.5996017062749537,53.31949358401897,6.2923301610495175
0.117304077898577,1.0720343247550423,0.9542795308940473,0.6060199880534061,53.94565076186412,6.307593993548342
0.6218499021254752,0.5177946855384254,1.1733683110768018,0.5934545315819906,55.01524354690014,6.303770656102016
0.6161205027126664,0.36584880584822926,1.001269426903106,0.5914961042238576,54.44448589236699,6.321172178347436
0.5203141025485027,0.42558279165307694,0.8932041102979204,0.5886013651670244,51.13448802505239,6.30544342867886
0.09976972008533883,0.7365238473057099,1.127783860981674,0.5801373887252892,51.551506108680485,6.333601854439942
0.10800610793820824,1.127603172786911,1.2126396212891568,0.5725224154412876,52.236820618781096,6.377816670963534
-0.03255504287847231,1.4013674431900056,1.0585007523910193,0.5798437778353949,51.97613932096017,6.366376166792565
0.014424926558065643,1.2048750012037093,0.6991471400213262,0.5665205256312755,52.21984605120507,6.369581579252339
-0.15747624311760178,1.0992379439584326,0.46142606395872915,0.5739746203478487,53.95886536490608,6.417922465525087
-0.21335632619523218,0.5339526185072805,0.06583961443925301,0.5866939571147115,54.548236407745584,6.362783300433979
0.05117286460295535,-0.15635017846629934,-0.08250617232154761,0.5778433546148487,53.369491870631954,6.377810888891076
0.22105784915151036,-0.3161180224982261,-0.3197221713825638,0.5834282244051148,53.068800848347095,6.4442542282255255
0.15519078172416795,-0.3185711399171974,-0.03590735001095495,0.5980147337040644,54.3559739106275,6.420919218720979
0.11326916733181683,-0.28241346604560663,0.5398369572320014,0.5832326837935851,56.04800459368223,6.4251483392742035
0.32385110521041055,-0.09251043451777566,0.6207317538552202,0.6015761399132635,55.08980411629187,6.416015913498088
0.3371781274019614,0.2712101621913777,0.363783210492554,0.6150926250806968,55.811263586076414,6.458953925327901
-0.5352887099611723,0.3536798998240854,0.46466335620715826,0.5926965217399435,57.2950650924094,6.470889197390549
-0.49351461670895436,0.4572093522097284,0.2758309182557637,0.5806889138985011,56.611962822586044,6.448110112783302
-0.23835813584400944,0.361731271526848,-0.11907705249313807,0.5766299380216973,53.99592287588935,6.477194488288992
-0.049253453781077594,0.5578252318015313,-0.34052328238759666,0.5699028013559108,55.61458414368074,6.483289683359339
0.3757972754405849,0.49921058829661147,-0.20749329881632042,0.5384878334291406,54.55424483416782,6.505119542928376
1.14120240622151,0.32631496919723946,-0.435861209640881,0.585903002970244,53.66615286073677,6.487614995155587
1.0989984376971658,0.19712357263635844,-0.30004145163247714,0.596650892810868,55.668881340816384,6.545038949090263
0.9245949582736266,0.20252914721005655,-0.3342655975786972,0.6039010411001738,57.67215858036307,6.548316475631952
1.3007404422439743,-0.09711133722993477,-0.8370748043116926,0.611066067986683,56.28637752671385,6.532736488825344
0.9435077063408623,-0.42541072508131383,-0.3305938847490294,0.6608937383351622,54.657930079714276,6.545671625767232
0.7216953550969593,-0.3466570196216181,0.13854451863051365,0.6442540669504808,56.41267010993248,6.557271556994448
0.7713628720689841,-0.03958404863757381,0.08917270809068215,0.6485748962228669,52.43672664969428,6.55443382893987
1.0329998022539484,0.07424525994459157,0.20541544354979346,0.6485359876849456,51.13856232830436,6.5711314116352995
0.4901705555022473,0.38270926393919086,0.5573317102282644,0.6354480122436966,51.20068046749428,6.584594592646508
0.36430926360636173,0.7173122653435324,0.48623927903163455,0.6073964765321331,54.829534594781066,6.632257367414143
0.2528664132587534,0.7856539193990323,0.6483004852844522,0.5905708494257155,54.22015841033107,6.628932366166609
0.2518555729206137,0.6894408902687121,0.755256774060286,0.5743555367206163,55.414678534130005,6.638693094146732
0.10426846282334908,0.6168561109082754,0.9565564910907648,0.5596860360891545,56.73355746409892,6.637398512260088
-0.008713815044235995,0.6317824355411397,1.2263021144825916,0.5604855383725856,56.47167203314625,6.617653459821376
0.12801942815324993,0.34562294861167625,0.6201698492867621,0.5485397762969826,55.202061893841915,6.649170177908453
0.18711056920021663,-0.11409428833728281,0.15870483468093805,0.5588530207121769,54.50930661478488,6.679409769192268
0.4951746172430134,-0.21847125373387408,0.15410908052755418,0.5655028148853602,55.64306198313709,6.644834707412654
0.07438040607422333,0.08729456109906067,-0.14114919391667397,0.5806206867692689,56.30909600476781,6.692731064137465
0.4359657292772079,0.22003700869390097,-0.21957980704893626,0.5763010448325312,57.410607042675146,6.736452184505255
0.6646115185214138,0.530240074160899,0.0298427673659566,0.6240592835632119,56.91575375839428,6.721236332919795
0.30164371180701427,1.2658014872038756,0.09638913972712544,0.6358942365801898,57.591387270836876,6.73828058271124
-0.06697760844253399,1.3109606748598717,0.08081264261376032,0.623955076916378,56.53779687178307,6.724366775008843
0.38964297631996947,1.0664460261474502,-0.04004142877534136,0.6249573640633919,54.49585234346158,6.7493586389753
-0.10944593672502785,0.758244403638709,-0.13935660497239172,0.6242415775908304,53.60573513217558,6.725642935712919
-0.5135115164596693,0.5025221725415124,-0.37763614846903304,0.5834711358785631,54.05975763633661,6.7659172762468245
-0.32023384278814593,0.3790220951609447,-0.16553994081717102,0.5566122154221325,54.23529908844182,6.773087762681215
0.09947256099570771,0.6026393014288679,-0.5967636291432029,0.573522766587184,54.15088734531831,6.775798223480754
0.3616112091074176,0.5358587418379963,-0.15356714905896798,0.5645232426188311,54.03075096562243,6.80632014839437
0.8981393633328729,0.5699231049810315,0.2674633583607176,0.5804245235450682,54.49792840366077,6.779224303243052
1.1987519099427544,0.6338151049842083,0.4643014922457168,0.6006501022140587,54.534005422763606,6.796258849670527
1.1957715210755333,0.6314740618422504,-0.25153163711545323,0.6279329260340245,53.81677523083221,6.811909240827166
0.7411281754179136,0.10249804820822632,0.09769303700068316,0.6152298507223027,54.92732288177437,6.799407780578212
0.6525822053170642,-0.3282770502565739,-0.14550446577893603,0.6269402684365305,57.16259279593447,6.834538638876005
0.15456042082290278,-0.34777473015816085,-0.6245365910757578,0.6237295096193133,56.51878820308658,6.805621391740923
0.15354049033179265,-0.5914509700858644,-0.6667867542993524,0.6091928649795813,55.79633666781168,6.870939090688565
0.33200056122667077,-0.8127485223747023,0.1602371011803073,0.5878789608101498,54.57744829078406,6.8609327473313195
0.3626552492557653,-0.5529617858850406,0.3658420441756432,0.6126409943852623,54.36354040794068,6.8595821419219245
0.4076871269339393,-0.18380344003574825,0.19412345169931677,0.6103052562922746,54.8005852390191,6.863312527754098
0.7416801472925956,0.217369273783165,0.07708065990754265,0.6104833508895811,55.08686214632244,6.885308419407616
0.5276020243773614,0.5274325489129083,0.11507827328876666,0.6071473317789531,55.468723002476985,6.913765194215449
0.8082478609648975,0.6897272973909836,-0.23329472421246158,0.6028151659442719,57.98285223316202,6.9209547795747515
0.6677141532378968,0.8442966269896056,-0.26668292105861685,0.581168420798203,57.79674237892715,6.905889241054431
0.6494240772691107,0.7077515222645019,-0.18847604255499895,0.5777962074235943,56.79130593822108,6.913079206547447
0.6799064628486388,0.625652209880854,0.2337011045779894,0.5609372891049152,55.922619322986876,6.953137974126394
0.6909052044327161,0.5457222366797454,0.6864927742535191,0.5692025603933025,56.84992591982187,6.9355530519077
0.5249806444913492,0.6202953252322698,0.892641732753989,0.5646533124344513,54.46115498524374,6.9611981954815905
0.4916853910173276,0.28205428684200573,0.7841415919567009,0.5592902952112856,52.82872490892437,6.972475092850486
0.5540184697529142,0.19964099422139422,0.8549322384011033,0.5673825808245662,52.05286559018718,6.986241242634535
0.399132587153699,0.15596840536879375,0.6816550946342865,0.5842056453521305,52.665137335542816,7.007165408603638
0.3572120671957485,0.2469750049218365,0.5311098672541993,0.5805282850413775,51.77195753470896,6.974740741262654
0.5025021041977621,-0.06695959237146062,0.24290437171661589,0.5873786530879048,51.26726020352438,6.97177681349479
0.6125708776493302,-0.025948924991920953,0.26192401312429664,0.5884480510539554,53.36724465875761,7.0086510543754335
0.1467880108182974,0.5104616221206932,0.3091510858527023,0.5781492153683854,54.848850492871335,7.066030568156644
-0.12684260031482622,0.10957314896866936,0.28048627226789974,0.5786994543386712,53.494448705009816,7.080443482001748
0.09961879034116891,0.36339767142680623,-0.2297776216578197,0.5920436381625949,54.70165416789199,7.086623542711318
-0.36555412904240614,0.36425567239518203,-0.03936263360249581,0.5973989231551566,55.33925513542588,7.056140372644787
0.12698824174607792,0.6664385107982449,-0.060250571632039375,0.5962809936671808,55.244562328771586,7.034357698360304
-0.0069905842748952726,0.37619969579194157,0.029915340020587176,0.6028350717618691,54.05557750441933,7.033139217966963
0.6443413203709525,0.7352913976083233,0.023909515436589857,0.5882974963957694,56.038843505471746,7.077719236769012
0.5660576198254075,0.2985058435607395,0.5429242829175492,0.5739754723503262,54.882436013214566,7.096038527397013
0.803515664233645,0.4466432463023019,0.3033320240931762,0.5923365098661281,56.91224181010027,7.136012508021119
0.3442878067580415,0.32772053328621703,0.6582982734093612,0.6122855476682455,54.82282622342306,7.137356109190849
0.8412157074882594,0.19357857430616682,0.20908027569792464,0.6113298136687085,55.50626101765506,7.134548101579832
0.49511228962834136,0.22167779420017078,0.40311174803866595,0.6069889326204516,56.58596358129421,7.122203104581177
0.6742839688741813,0.22842971835513973,0.2543910229229107,0.6144283839403821,57.494549274086445,7.130784408835103
0.717186917263727,0.2158401535280423,0.27099176371863287,0.6119451552004989,58.61426694700695,7.165082553741429
0.8569458832009518,0.009358280553643095,0.013819892628786468,0.6000606235137977,59.33205615963789,7.183941019576794
0.7051110141708258,-0.3020991230226769,0.6196083266880001,0.6121349805477623,59.688668606327,7.187837625244911
0.7019636261946414,-0.4878977076002884,0.08964794404733878,0.6379245827106834,58.488395768926615,7.169308040807867
0.5435783998528082,0.0978399270430593,0.09546816718170661,0.6525909046140235,59.012609727569476,7.2130133525758415
0.17941398787213444,0.30105260471711526,-0.24371718515460278,0.6451597222280736,56.687369780355276,7.2185182193420285
-0.11956865255832431,0.4966422407183863,-0.5213715352899172,0.6549329351404009,56.8355887240481,7.198586671876196
0.1025214049720492,0.9571026436622422,-0.45108459812023033,0.6557066263804565,57.19150406815679,7.214313580593996
0.1487984136249104,1.0003732117711326,-0.12371983878629847,0.6473960721125761,56.81318072730987,7.253769919491232
0.051156188859022025,0.6278457875100389,-0.4586873950247263,0.625889361969851,54.17419685488725,7.245309849297082
0.39759145028648507,0.23533420389511273,0.0007366213858825438,0.6184944615958707,53.672186930265376,7.291782946032729
0.7374596720630213,0.46262245580221356,0.6078082478647643,0.61514905339216,54.68624362154698,7.280022585521292
0.4815697134796653,0.6588487217585632,-0.08400407641510035,0.5882445255459986,54.77935813209304,7.270267376236215
0.2924504770566737,0.7985645253641884,-0.1775522539230288,0.5824809562782789,55.38919740923907,7.289795887992182
0.3691309916298052,0.7774076871175393,0.3570674737362206,0.5986017277950955,58.12726819820425,7.301267667852755
0.17048444577677951,1.0180654187445537,0.7685528863822332,0.581317576905333,57.29308812273107,7.2954321937351665
0.18333345213039895,0.9303451640305909,0.33464277203299553,0.5944198076421527,56.23793967415522,7.301748236036448
-0.048516536372237476,0.906203564717065,0.45352607911040205,0.6186921233052584,54.564473768244625,7.34402779787619
0.31369033245641315,0.6923301144137208,1.0833141599416325,0.6156700255572074,54.3459329283062,7.356905465940842
0.3697555742025448,0.49048644909884265,1.103073699797076,0.6102814219102347,53.11897821215295,7.36207562939106
0.6173508728713857,0.5075062136388895,0.8676800267835058,0.6323683969475626,55.17521205385333,7.390306361886476
0.7329533148006534,0.6833098337710105,0.7262431999956084,0.6294664388706164,55.18081664333133,7.359164535279768
1.4072797208237962,0.31769742891840214,0.9646052704748589,0.628212487367896,55.615568410269155,7.413485415321422
1.405037402645353,0.0955723549825664,0.5137219520455909,0.6189523855509825,55.692152910248225,7.371981577628918
0.9430578561794747,0.2438167148356974,0.2613611327603967,0.6195340606635181,54.689316580937465,7.379746288732631
0.6366513122526183,0.23419483318095108,0.416129420975747,0.6175892641146341,53.891886897294434,7.374800822357015
0.31586419620743905,-0.040369027217557286,0.7548506971322413,0.6062606453920403,54.2001821683984,7.411084093723463
-0.011297686359850134,0.25681486452137037,0.5495387480444267,0.5892950542112546,53.903220879272816,7.41992555326341
-0.10992509898659222,0.5062513037713449,0.8572674523988301,0.6209200913909048,53.987251189008916,7.450518745605093
0.11381578093210296,0.7718436602709055,0.8540810176198752,0.6255910447119006,54.99596259634404,7.45487781883241
0.4077993234577183,0.44205716123084615,0.701651287306921,0.6203925708652153,54.68448206914875,7.436140532579617
0.38240124880924886,0.24226126042716278,0.8194334490766906,0.6063610983475438,56.10800429584772,7.462145475231483
0.25559427445175176,0.17339150584210072,0.8129500127124617,0.6099290503040754,55.110752194478344,7.472570759578247
-0.12855495272865797,-0.1100339684353242,0.5308430051087912,0.596935665330392,54.365170592257584,7.454480355060762
-0.16733804303708638,-0.4426057000157074,0.3622830649758468,0.5890800648274402,57.076608638698346,7.480381065459732
-0.4743135207727095,0.2104409658516467,-0.08834458112749806,0.6091520639714643,56.47806042564704,7.494583727387718
-0.5176967886144521,0.3808895054933357,-0.311953359320705,0.630540326518987,53.85873897979661,7.548672500396419
-0.18395007241143527,0.4482524756933294,0.4130313990404195,0.6442357023429064,55.76984431683144,7.5338290143191475
-0.09178283452512007,0.5254291219160943,0.05253836402209129,0.6433021891447096,54.42084253435805,7.55324337507895
0.6200550239475984,0.4378995582210604,0.15273055022556986,0.6271501026597492,51.412752962992656,7.520027290057016
0.9897703215301021,0.031138086037116885,0.5947684204551453,0.6128047483572097,54.60371720588897,7.58388428966028
1.2226269931476028,-0.03601039394687481,0.5503994634069274,0.6156494077910997,54.41968392127592,7.596022041260482
0.8409418740728514,0.17475002093658967,0.02581994072842425,0.605581447504936,51.71039065336659,7.540033100657108
1.1715984240040975,0.5388930231425781,0.13434961508193957,0.6074867564416809,52.29547726801335,7.575893665521683
0.5307092420721242,0.44044555038951466,0.18772048402139607,0.6183352198479415,53.43625870916336,7.609915311460311
0.4571624211080779,0.5653576191671504,-0.09138350025521427,0.6101370459306039,52.42235846690329,7.622887769070764
0.9329269003059213,0.7291168252442018,-0.5536260834406315,0.598445667147668,53.46185355490877,7.606430105390256
1.0861012726802934,0.7013897109741488,-0.29172463069320764,0.6021943301198528,56.13417840747915,7.6238900107389265
1.1766087583386897,0.906531473169246,0.16015320410589542,0.5907495084956128,59.030762899779425,7.628052378779098
1.1518158348441263,0.9263760632175261,0.12428544902960834,0.5917228384561193,59.92689770869286,7.652208360938923
1.121130970098721,0.715475442315505,0.3218105802154637,0.5927692837782897,58.56293367035779,7.683943570629238
0.9639889858551236,0.3648873578596721,0.9750159218958163,0.6053381328510038,56.781198712496895,7.654579156857176
0.8585223505255593,0.09062541536047006,0.7813228072902165,0.5994460601014087,55.284255348916744,7.700016409955368
0.9918721931508692,-0.13163921003749024,0.7708065524156005,0.6206734520038969,53.474343789300086,7.6743665585530625
1.274772661550201,0.26941836867235136,0.7013353150121443,0.6384610022144844,51.43520654112247,7.683047455750063
1.1699918007537993,0.41697150321236187,0.9182745232273227,0.6471881342437388,51.5008303841242,7.726371892366864
0.9430280177208609,0.6050894073707638,0.7679254640122768,0.6260541569992362,54.928344662555446,7.738438727560152
1.2636471154868194,0.6828168146683555,0.7622253195193648,0.608282695054395,57.03079997448331,7.747028198735253
1.0262341926139324,0.4230883964795316,0.32776698896622514,0.579177728129477,57.293078478324375,7.713684051835638
0.5713536578278053,0.6441010745271134,0.4450119981428666,0.5502948606316933,58.65765011378517,7.740680980438559
0.5391343741247444,0.3383309108584536,0.016581665070716678,0.5650329758101377,59.210318844255575,7.776459771840067
0.3638638954863985,0.43982036831501475,-0.1748746272799893,0.5764186682644925,58.16307818201807,7.770830836811278
0.1551811160241027,0.8147618507376422,-0.37640274352285863,0.6013166515393576,57.80234187527104,7.758526143076051
0.15566833937385827,0.9837222370020937,-0.3352801140187676,0.5939757714368861,58.05341554026434,7.799166358782509
0.5059682798216596,0.5283785226892875,0.032640393865812634,0.595877414650312,59.019889804140874,7.78570385482017
0.38504163952767245,0.7789934805772613,0.4656565879039132,0.5911064753967716,57.23096523354582,7.8458904969678445
0.5112997331222253,0.7065388654720822,0.9777440317799939,0.5929589299049398,56.658436324421814,7.850896829248366
0.6490183642820585,0.576959153587908,0.896597551673635,0.587733791133776,55.632521233188506,7.842081948527111
0.6375568306411903,0.13379863943645445,1.1244526861771882,0.6157293840657403,56.00686983823916,7.867220134095395
0.8188875718485231,0.47906502372246595,0.44115427867450646,0.644209985675883,55.22416711107509,7.851295827002468
1.2534556707833837,0.2663345148209698,0.036104888978942665,0.6332717225326614,56.64532767346409,7.875308749887501
1.2699669127109376,0.24965422235301596,-0.5312366099916949,0.6312406386920282,55.74541688588049,7.899554405906041
1.134531417645503,-0.110192519615575,-0.03838340665074016,0.634781619922809,56.72159764212004,7.884909973635886
0.6910959376391561,0.4504623536309177,-0.13152269411174097,0.6531972519461596,57.0442516806346,7.884896256569715
0.5615782326378082,-0.17527741997864946,0.3412120958094111,0.6159886704972231,53.841580496982715,7.865907560836458
0.43704613544370885,0.20252038075421558,0.6015326473080572,0.6251742845370936,53.86932289337865,7.90833732948557
0.40024068332015555,0.6612846082849165,1.2462431925538595,0.623475523279534,53.70855867503516,7.936468463691246
0.1596389067308824,0.4750705284525343,0.702794944779132,0.6273602306106747,52.20854164390869,7.948912668551353
0.2763345816354875,0.39587294504691695,1.0342449264983735,0.5970083679745993,50.55792191363451,7.950087301314369
0.4017563047586104,0.5836732168907921,1.0502146319812453,0.6176552395668169,53.3161932340865,7.939174018100755
0.3530225328377165,0.5769879619394581,0.7350720845996646,0.6180800744701956,53.44397550476007,7.920463568621048
0.4357217011562261,0.17652742979168554,0.4761283996148684,0.6505001582248365,53.75567429751494,7.960095698039905
0.6974498878294396,0.32143668592783314,0.8396036349895887,0.6530557621136274,55.30753932080493,7.973913102578922
0.9203272200933004,0.38164174640641635,0.5426191331830769,0.6512917909298814,54.78369038666991,7.9837414206562
0.8980682069049785,0.8754796409495341,0.14890125985006114,0.6476868036748507,54.31168744172946,8.01237112713956
0.803485088315894,0.7526932783919147,0.20011253530716058,0.6361815160529691,53.38799456109632,8.049713528220297
0.6871239005126251,0.8933871483648481,0.40900568531124354,0.5872389415728424,54.31505644215241,8.022470584036821
0.5897199638285836,0.7636017756259248,0.34227065463902395,0.5760006370184192,53.946409190064045,8.02566536421687
0.4975842867260309,0.4753118803145557,0.5445493050775271,0.5919525430735536,55.9088123758826,8.034815563739919
0.24880789712016282,0.20949535095973007,0.551513924279946,0.5835907779596246,56.9228156217982,8.052487695338154
0.39715839337343956,0.5450711520388303,0.5397226234669852,0.598752704810581,57.661720554248895,8.043434124793032
0.2828993099356067,0.4728140703927733,0.346514564301318,0.6217298440043363,58.34099646257336,8.072403971174921
0.6272203890743787,0.6694288928888226,0.0768201563410447,0.6178313719582522,57.406136354961234,8.089016246726636
0.5359129704000004,0.8611462863635426,-0.16229119940477177,0.6092307440232682,57.0738248013551,8.09419372127149
0.5610878625445157,0.5171553210199711,0.003051557284714912,0.6380992425470583,56.183489738638244,8.109150838680096
0.4294296928459976,0.34180701761029897,0.1816540650385828,0.6350928534282229,56.17458155368591,8.11867495218697
0.8152897903324989,0.44772279734429626,-0.0702041556731072,0.6304459010229728,54.07152816946067,8.084562066355073
0.6041643168031691,0.42048817390875853,0.2792324409979135,0.6355543603296852,54.84788435102648,8.142737403167908
0.990169481423856,0.3271933002986349,0.5012037438840597,0.6378787066641921,55.037603908589745,8.126579703086751
0.7311465319317929,0.6310223300494356,0.641683168903009,0.6169208122649705,53.92509234706387,8.12808321673992
0.8732175930435389,0.4233471545966906,0.4226052849429628,0.5886807983293336,52.746163121276325,8.1379109634429
0.7624629715805391,0.23422585623329173,0.40195032050196433,0.6091577001423113,56.03294071870338,8.17867083220945
0.7403236104163684,0.7451601176596584,0.562096334799697,0.6132307425605271,56.20006329609747,8.175548501455502
0.7477655738187708,0.7903352440888067,0.6028120192924387,0.6165890837638477,55.613568750650906,8.15636062432029
0.9421347546891502,0.6660634047806001,0.1816700180458896,0.6212706011011135,55.16385730668196,8.209560756303844
1.1713089858354735,0.6244708278881348,0.44948415799142494,0.6351098874076697,55.633577477163726,8.181207837384024
1.4538772477176956,0.7871075821397342,0.1110275258437519,0.6129718227494465,55.467436686276585,8.222796427170366
1.3655675340577385,0.33149022668925787,-0.11818066797803199,0.5955675843921212,55.12080107908082,8.234769978513462
1.0640857510475732,0.25159259620061947,0.08280069599791848,0.6144999359780409,54.806443005832406,8.2577115416339
1.458935132774247,0.5880932700859139,0.16815144098186377,0.6028768527491978,56.460313083035146,8.285633695729336
1.4936948701663328,1.0020940691421205,-0.06865175004536335,0.6000513171745837,56.47487768684076,8.232706473481988
0.9300580362948884,0.7337427987208397,0.4801566542857003,0.5976509291968193,56.6802782831655,8.268950522878738
0.919303181246708,0.3972514801187845,0.16256676897322686,0.626668593323898,57.90256484002479,8.274473294099115
0.9527615600378203,0.7292006627769015,-0.3431802422114466,0.6041857775926034,57.9937257986533,8.29867499371922
0.39390935869048427,0.3285857281967458,-0.033956073099769134,0.6043124988731347,56.86251428322838,8.304313375418673
-0.10502066346943861,0.20336208415301957,0.006408764602196337,0.6273185045757917,55.06592723481301,8.302949075145268
-0.2005620151061392,-0.07000212921515905,-0.19323379101304022,0.6391740621441224,52.09065139581187,8.311181956227783
-0.2693693684247341,0.4823971657432734,0.2645210522334255,0.6318206137243749,49.405529048787976,8.307670982896319
-0.21923462784692954,0.0392318789461803,0.4757386730592752,0.6389758254000687,50.01444142380873,8.35975723164813
0.09721321715028933,0.3228825049379334,0.41017152294353465,0.6754237616228097,50.324025929228824,8.359184083631991
0.5917585012930037,0.16818383569911394,0.46956163476893725,0.6848742862222092,51.60397160333646,8.378355363955903
0.5936306427787185,0.37198855238859957,0.5911252534064524,0.6708400857809333,52.81153629525386,8.36379207727049
0.9447694317779203,0.11263365916982904,0.4178989734650237,0.6818375453934923,54.66349118068955,8.366863290626112
0.909623436693234,0.49270357344377286,0.4255082768843982,0.6786548441359848,55.06328815244835,8.368433698667417
0.8536025445385025,0.3683014772799624,0.27311559074325176,0.6598451425481496,53.49699953886143,8.407178351674814
0.6791811406920673,0.48290129683361993,0.3047836498628809,0.6212144445379669,54.72121950862343,8.389204135509436
0.655022340810425,1.0695491346424935,0.03313726644021675,0.6265206995707299,53.62619073694697,8.45697326137933
0.5353546066349776,0.8386799119120866,0.051239678600450575,0.6022965729958647,54.029730249270486,8.40384714837813
0.61215761340575,1.025430572540919,-0.20216421796894565,0.6068884385038207,54.293185278538985,8.44547320238425
0.7212554044209257,1.0256947064489617,-0.32522970483621905,0.612751244603083,55.30197629590401,8.481337094144275
0.644840031052228,0.7296271377162868,-0.2366262822477035,0.6090720486659651,54.67134253681803,8.471981795185277
1.3611592596299258,0.06884813269183931,0.004270629575760987,0.6106985169364161,55.600564226121925,8.473513474249836
1.157844109825912,0.3444442139050904,0.16820429670825235,0.6301883271443363,52.45319009708091,8.460630327060763
1.0190690734659964,0.20590355832270496,0.24453675366053118,0.6201839086288805,52.01215981699859,8.462364616228646
0.7966655116624731,0.16009438376900292,0.5493140112018106,0.616906699331488,52.6444904598135,8.515401002178352
0.6284511553319179,0.6426540165095457,0.6080986942269954,0.6413061767745338,54.38785870761235,8.540122944815499
0.010628498171494838,0.6190534406734793,0.6548628987633119,0.6450860869907146,53.75786450297869,8.511223000190435
0.3766945975263277,0.6550315662861225,0.3335148133546986,0.631297281418701,55.3986829122907,8.507218769847672
0.7677096344077216,0.22079469204505436,0.44997002186548585,0.6211412222570901,53.5633374436416,8.490836611389021
0.7789032772258384,0.3196027296720022,0.4415449098505967,0.6027782435894282,52.839039389318074,8.53038470312675
0.7242423827201031,0.19532105866844016,0.33317848691898205,0.6065030733143224,50.69403027351259,8.55772686315002
0.9467177157417467,0.4019756749689887,-0.17271440818002412,0.6034240128065969,52.79556113315217,8.601982464816736
0.5991845969471015,-0.1158774697607797,0.024871651316629974,0.6048949993978193,52.723570195481315,8.593462673844659
0.4423849071832919,0.17496268550759048,0.4378625608833703,0.6129648662725649,54.361419101095635,8.596101708094135
0.5978335663865064,0.19015585635574622,0.29338404606257107,0.6212712385486194,54.99209422355868,8.591997606773978
0.4618706542909651,0.09420916635507308,0.14669033125144817,0.6247897906055595,54.91175891644468,8.59833668565488
0.6778033795627559,0.42608980048216216,0.6390129730094743,0.6213857264883023,53.75463277725718,8.64811295195016
1.1481383193211139,0.7332936729042266,0.6697480884496224,0.6095031610579708,55.05914592070277,8.634014770815169
0.8997090139561937,0.8301191016614652,0.46614631179498656,0.6213215384932078,53.734358806245396,8.59794798616158
0.7822988940817963,0.9818447308368057,0.28693793250613514,0.62246761956598,54.93138296366917,8.636529207042056
1.143335591509283,0.5458401000696103,0.5791868007337276,0.6124554195330383,55.358275271034884,8.642835679364568
0.9014407055237351,0.36318586391542224,0.6229588991832703,0.6320266026723256,55.05073973096427,8.65907471981645
0.6746888217222562,0.4771324706701452,0.5324113478433763,0.645374603488448,54.989467484941315,8.691258213205701
1.2000022638554628,0.3253565519861736,0.36195917648596115,0.6409728817208454,55.540938683095774,8.687851102364114
1.242867926626909,0.15696218322469332,0.81978170212894,0.6313753727031213,54.77654871453085,8.698462691859929
1.0267501958572964,0.4158058242297337,0.848326125761161,0.6290076787808958,55.31872677005104,8.736269463226506
0.6847097885400454,0.2173056802400634,0.5019952492376523,0.6191701154255984,55.93822666565829,8.706070778204268
0.4075297223001549,0.3255439669656501,0.694813592118388,0.603964942917303,53.03395239995535,8.767283990517747
-0.0004217837448151851,0.12497115083986618,0.6144958056690759,0.6032245163738846,51.87485470479735,8.726573848172578
0.39459403074061156,-0.1611573346183907,0.4235365270940372,0.6161646212699278,52.46039481433892,8.751783963932251
0.4514460161241273,0.07273487182206786,0.2640702474302158,0.6189171496059237,53.81941501160666,8.754375928091944
0.7727822483378719,-0.021310482350893546,0.4629829102268392,0.623336437397032,52.78670826420191,8.772468382670018
0.9163984733947645,0.10569337135979136,0.537650170438685,0.6423775191405415,54.93056698038487,8.788891839901462
1.1614173189422001,0.4162326547295896,0.534201697616876,0.6552927464495607,57.06211601132585,8.798676704801778
1.3086070276964263,0.2888081717749548,0.2960750504786687,0.6444918998237842,57.14651456976831,8.784937653387589
1.3066703292026558,0.01799242174297066,0.2030870792259138,0.645581230196705,54.088803855279004,8.78754170645105
1.164739646654291,0.4871449464106238,0.2692320184891906,0.6361972683306341,54.12039827466274,8.870063435818114
1.377571197565715,0.1582211770272926,0.27709087406871735,0.6223032975012097,54.03899520981459,8.820320313207988
1.27698563708442,-0.02660609697892773,0.4148108011698561,0.6172284877951707,54.45456411697893,8.85398424877344
1.1416554133399615,0.4115392644560183,0.46897036923861074,0.6505540752662512,56.26692496187231,8.817847173789536
1.3653296012722778,0.704302133806116,1.0450717219098646,0.6491677281058411,58.07374446956403,8.854407745601906
1.3920738679015696,0.4157443130141897,1.062645238884895,0.6535162303812914,57.55995521726902,8.867456012320352
1.3020874549092765,0.49304721733024526,1.0722378277668176,0.6651969193336073,58.30195063715079,8.889456301398557
1.3881646693836551,0.8709738791582717,0.9216334022031347,0.6486410818702338,58.92695419228603,8.835550917180163
1.1836344367589806,1.126913470293856,1.198769705035163,0.6073297052902974,56.54368579237464,8.903322812261568
1.1690184021983065,1.1665788156201433,0.869982820744595,0.6005849904607939,55.87219093686065,8.887005170892643
1.4549265545566086,1.2345220583684946,1.0610240990413802,0.5817581550251508,58.244310303275256,8.926486914223899
1.5713695027903407,1.1929427900050853,1.0177770106587518,0.5980969503042006,58.51273580740299,8.909273416063236
1.626775381164324,0.7429517733805179,1.2229166955303228,0.604224659320652,56.17280713649725,8.922890346081488
1.5931357187258388,0.5002464987006011,1.0535848984919407,0.6191160280648121,56.453366595882684,8.944527447792135
1.4589720927240677,0.3887263697484262,0.7716993873385773,0.6352082604002557,58.36442867152643,8.938953410607937
1.2756946883759608,0.6525542968511547,0.5949393451940954,0.6380532924378259,58.5954727354359,8.960489311065293
1.2838521598715569,0.9448692967130153,0.5704486967281939,0.6134865905338012,57.872626104458604,8.956132484629133
0.8447480237496638,0.8109139546988121,0.3518225546998066,0.6154613694221316,58.547775465305506,8.953336590966027
0.7894555042893747,0.9173724942166921,0.6282316922230352,0.6293512118834499,59.40077163268302,9.020359141048589
0.7449261541703328,0.63465256160252,1.033461647853013,0.6256194833438716,57.200493524873856,8.98407902614352
0.722047177753691,0.27811042564921135,0.7840333601150192,0.6394632050542012,56.46433073606655,9.01642638224784
0.7371505532565388,0.19863228541876984,0.43038100302907906,0.6480559820432188,55.167901046842175,9.045057821629875
0.9394722973410261,0.8989536807539737,0.4472075295448629,0.6515205771626122,56.598504728111685,9.02770111794968
0.8757397414807349,1.3111197054369097,0.2960530681813546,0.6433923755562818,55.12033335324986,9.03349668200509
0.6831510720332824,1.6326482797534763,-0.09902628552776183,0.6282187616134365,57.606225054708815,9.064524761773349
0.8273676169348224,1.6733750474263167,0.3550358322018806,0.626339261661221,57.66620648297393,9.092358676454545
0.701488876924637,1.730807972898535,0.6075907434063564,0.6149641569762953,57.82016084310702,9.056613694698273
1.0966348042648077,1.509777397142957,0.6439125629771014,0.6119155831066475,58.18656026575526,9.08699704335965
1.026506643926037,0.8242319978568939,0.2955655227070862,0.6052355338970845,60.00299901062474,9.065350108100652
1.3430227339378682,1.062501494238569,0.1376731603165246,0.6410720321292943,59.623850230407086,9.102135979926356
1.2443635537576343,1.1457268068473747,-0.07620812725901327,0.6403552553320575,58.377997571845924,9.120684093690762
1.4314721697651733,1.138946131995991,-0.5871832266521411,0.6371927055152311,59.30235181038105,9.1129075071649
0.9804769149097503,1.0951717342585634,-0.39218775622994495,0.6351830372360654,58.030299258540154,9.130860163323495
1.0985516633374777,1.2441944185193403,-0.13627922218917382,0.6453260633639386,55.78249155561158,9.121835464633852
1.1770156960310572,1.0535120844572456,0.7758599331568039,0.6368088458542471,56.59969959830617,9.16154157222763
1.1651755802032369,0.8846191323360284,1.1815987313651946,0.6314562249489889,57.51276189789901,9.191113884977662
0.7611129976234957,0.6739820007549908,1.5721854408881881,0.6298173001279802,55.12257576797966,9.15805712260459
0.819704898963607,0.3213381407762071,1.3487479565946405,0.6394704316056712,55.32365232616071,9.177546564668951
0.9793417400645529,0.32549290180380863,1.57985242641104,0.6206138163469076,55.68635329150542,9.210050924929083
0.6531741745220925,0.31406393943875643,1.2722257526172307,0.5996615817269194,53.926228125754356,9.234241814386456
0.6431610810032554,0.5296409870049658,0.48339408914833476,0.6031228601278086,53.42043025107323,9.190136203755822
0.5931384372085857,0.9767716614901267,0.1627662080684304,0.6183937645916557,56.93797267761786,9.22662430525168
0.794044560696952,1.196255141345104,0.059984045605346835,0.6172599983047011,57.72545260624561,9.24566261644639
0.2753956260513019,1.2426750633660086,-0.02222734241875668,0.6243726017974456,58.363811128152165,9.247958872187423
0.3696291127622556,0.8691194244621705,-0.26312974815931506,0.6261398229474647,58.106574459963056,9.210464158662456
0.41919234922884385,0.7007167477633605,0.278787752466188,0.6287162835296927,58.44100458377018,9.280021800186177
0.8730361143466059,0.505497649633456,0.39648073800559336,0.6310515568944934,57.660705746571715,9.310386727021813
0.6215915326300993,0.6770091125743416,0.05801632466422393,0.6252811433274413,55.745735890984086,9.29233323502339
0.8159038045312739,0.48503922894945006,0.11342904523140981,0.6366205031591428,56.04875934012726,9.279377878934117
1.304634384156769,0.6896313908321471,-0.15122752932162684,0.6479391500338395,56.85526081395648,9.299737455072714
0.9403040253436753,0.46404841901731286,-0.7685219950545947,0.652151153976455,58.44418722137292,9.355398261353113
0.18815282445585008,0.25410686436928287,-0.49921234204812726,0.6553339888929711,59.68708534791436,9.348199250817212
0.2900205629641735,0.2629349119510587,0.1230089663309133,0.638676444735039,59.81098843301966,9.352800532367686
0.3013644197153502,0.4373411417316559,-0.07264790101224158,0.6349616232310819,60.059506121787976,9.357128251670687
-0.2783987613158512,0.5523659734059587,0.0017790744858371121,0.6314612628712926,58.655658377663634,9.34677725775618
0.15359010451032762,0.8664672972047601,0.373961599075913,0.6349672929170991,57.8182972016584,9.365988576386886
0.6428262348716431,0.9398576061181647,0.2711896955454098,0.6236508891962809,56.05348118544041,9.37844154528643
0.4427224149966903,0.6302885825459656,-0.15669746634482937,0.633025687371471,55.723050842485556,9.40099148632129
0.28778717641609297,0.6555851003916067,-0.2748647771771306,0.6269253628835901,55.18994577350459,9.43017837788534
0.6672400017813238,0.6402183820196902,-0.07868172079634017,0.6276373856590993,53.47347999127551,9.432366762735862
0.6563237441962447,0.7292392512085054,0.01788383204967081,0.6308297435192488,51.03372027876003,9.39161231288408
0.5884432249691878,0.6231914879758015,0.1259697438647211,0.6338216094452827,51.379990556576445,9.43447989937802
1.071301146609126,0.32515896892268953,0.19690686802360827,0.6496345845870514,52.49283350941746,9.454735266903358
1.1140598693611337,0.4053956642593691,0.30389976913609085,0.6567533486881452,51.85061735939246,9.462377206602891
0.6351781658032162,0.22600542120625783,-0.23541182301371327,0.6502893111742193,52.952896151659594,9.447415324732251
0.36747111251829445,-0.044381664174478676,-0.2636948003704057,0.6379796175834094,53.89312784675692,9.528282184315367
0.37890387828613087,0.20009292376828358,-0.011177821859526604,0.6496632915589589,54.46897702059918,9.454458308753376
0.05895916522419542,0.552930816785154,-0.10661715375574218,0.643982405847171,54.9754649874233,9.46833623106668
0.22544370320121926,0.5460593882701866,-0.18714465785063011,0.6656488212886131,55.33570860281613,9.504671901625231
0.6016746129720857,0.7657999064136545,0.31444710532149633,0.6585123918868762,58.079126645401324,9.552336061099275
0.490463138393305,1.0756407608888217,0.5296776975714448,0.6659502104619675,59.30156347382965,9.503276102985916
0.7890480587621158,0.6643256732923635,0.1546186308902311,0.6533350459744426,58.17004645546465,9.52468343268706
0.724664729502123,0.9856888353799169,0.3113523895870026,0.6415293571932974,57.31491059425525,9.561545873460314
0.9970859036740738,0.8265235018438112,0.035110693908866744,0.618805390803083,55.93541551747393,9.549642756902246
0.9959346899298147,0.6298387211056786,-0.009665637830008266,0.6288441212837387,54.67759070887613,9.553307922909395
1.3383080148817197,0.5223743869604809,0.14853844145477355,0.6529877990706516,55.399442267468814,9.581312658037737
1.1642233463965679,0.4408903196473711,0.2940124552492682,0.6565813102685467,56.8393359689686,9.585450359804591
1.270910090361604,0.2808039218926726,0.4283641234072345,0.6541153521001982,58.52899531112994,9.610608775712736
1.1767102723005463,0.023251351035934543,0.8869226121853779,0.6570970899021036,59.636124187369376,9.625829377781306
1.3747105053345512,-0.17285544125708424,0.8643739836755661,0.6351201239891814,61.09751093510565,9.616140061200106
1.3233788917271478,-0.5054331349426653,0.2937132993363207,0.6051617798691498,59.79925405226694,9.625834654507567
1.3519409834814688,0.07292342366143134,0.4032549882204563,0.6073064501055452,60.59269701295646,9.634282219645725
1.2451669289036196,-0.1340879803468131,0.4532204868210795,0.626697200486456,59.1759789024258,9.649782611132986
1.405360616303065,0.37910370029934853,0.3926840731959435,0.6338462750624025,60.19324348285967,9.65110341275743
1.004966446147784,0.5430493018840433,0.20018666667154364,0.6496999385054009,60.32940401548585,9.659987830353554
1.3265650950727124,0.5066213846354796,0.6238485256520511,0.649256325441756,60.33642857618321,9.693932542416544
1.1774475497092005,0.06135065867421015,0.5924904897246617,0.6415778235693096,59.09038044398808,9.7103223236071
0.9099544644260957,0.43493749844060314,0.43711141577038004,0.6224941534483923,60.4082485794671,9.659848941107333
0.6482667006014183,0.09758415789641724,0.6343111342615657,0.6159998380045322,59.57516200456335,9.700200423034811
0.6480496258013554,0.0956588282352041,0.730227570181704,0.6084426379642551,56.78630532057794,9.696226111331097
0.45670504529999645,0.4697059019507984,0.31348268343407437,0.6059454683614478,59.12988796657464,9.71378057067028
0.33492663585144633,0.7939391742004868,0.028958909012924628,0.603797896325174,58.448882477523924,9.738050324194706
0.5325597659151592,0.7708284504060388,-0.21431323598970353,0.6207183129927654,57.325923066085764,9.753388767430849
0.12974553302695452,1.0922797689984047,-0.32001233250092026,0.6357766254482358,58.62208086229755,9.747757471127771
0.1762093969551747,1.1305553361651555,-0.5863697423500192,0.6356395603627802,59.3416272039031,9.721733193305544
-0.47598038188530206,0.8339139908046377,-0.6753004119594346,0.6213986037961351,56.197900198926654,9.750699088388476
-0.6615213544389092,0.6514362483729209,-0.9381199921375541,0.6302444337982387,56.928549922869216,9.797929993404004
-0.4194869402840345,0.48058442353545344,-0.6007628219365849,0.6250475391515254,54.983865436849875,9.735191471559302
0.11629603391829742,-0.0012953706588066049,-0.7247779919330708,0.6093627904830454,53.547100653361426,9.82374854303364
0.29256360640816503,-0.12019998745355057,-0.42353086076114393,0.6180584244153472,54.407781184238615,9.820424599812892
0.584659039391173,0.21433896309928166,-0.38600023530057703,0.6347251755126805,55.15284516346618,9.8463235216306
0.892612129142981,0.2878733620362941,-0.20497198603066868,0.6397921077281989,53.3628048863362,9.82602861626238
0.7405234863790673,0.24294849682848169,-0.09452667662164553,0.6501823979516816,56.75720720328319,9.79877189151954
0.3524053130934517,0.2845730521570374,-0.17421557276743901,0.6285882764375377,57.155799396930874,9.85860725283013
0.5687082573729482,0.43049492932134,-0.04524726768140759,0.6295050464561784,58.3490608132078,9.885493062480766
0.9382907403969843,0.17746256118414946,-0.013424067830607168,0.6337924866404553,58.366124422683114,9.88849443611027
0.9043549731425069,0.3658045507496445,0.257592629552467,0.6210805807455537,59.03671134700869,9.86674617033024
0.911167445042586,0.5668668556385252,0.4257316624478945,0.6281309273933903,57.71886227389043,9.891735221509254
1.185231740753664,0.3499001871573678,0.6534326070096784,0.6414702755508975,57.406684956443634,9.889343274624402
0.4769199029984355,0.21064999498648668,0.508035577200683,0.6448897023277512,54.80491934352112,9.893614670716213
0.2527267646622412,0.09676260984857923,0.7368825066382427,0.6484547946133754,56.54188781531966,9.939107771423595
0.16123754611167357,-0.2107100222313103,0.6528943213195133,0.6518646670280757,56.806777536947024,9.906049353774696
-0.04374882738315635,-0.4338756461076856,0.3941721489367758,0.6162301994889703,54.70447819472689,9.922123671388368
-0.14093065126679852,-0.3539952805733254,0.21217417657004808,0.6184407122787042,56.25557933784304,9.927919487330554
0.6276684240710235,-0.3518932341334585,0.26214729717779556,0.6292910039646593,56.93619074285236,9.93019504953402
0.8059872691116041,-0.2528070205052949,0.25348357186297477,0.6205047909849969,54.865730554279835,9.972928285836852
0.8288631170376638,-0.08077693071767902,0.10330226499415696,0.618096255115038,53.72976115297445,10.00323006096964
1.1444184715709378,-0.049648632325909284,-0.10109213920125466,0.6459616669447212,57.318116987197605,9.986302464875097
1.4812244137483888,0.09650473797279353,-0.3133210413962665,0.6470834225102678,54.70761830886117,9.969885043988716
1.3073286412440972,0.31681271205218325,-0.6001508229784005,0.6318303680711072,55.27751376821004,10.02679889079484
1.1918009392577895,0.4088400065774773,-0.8856686338958017,0.6368368394922034,56.805105946196704,10.0537140350807
1.1773641779562936,0.3136273556589253,-0.6547469944770561,0.6531516438595929,58.999358429060365,10.017075153517068
1.203207080690839,0.6350207433378301,-0.6297713340359076,0.667855016338503,57.205910593301766,10.030428914665649
1.0027478667410477,1.0480323013897979,-0.2489825322819165,0.6795780856319197,56.80087328505465,10.060313212601669
0.9975745704470999,0.7533237166028461,0.07837183651086749,0.6964210526889172,55.9398469314123,10.092437474955702
1.1133976530825183,1.0291780541225815,-0.07151506959111775,0.6900097890590174,55.22217490974498,10.059603317085497
1.4534103479705596,1.2463602241125582,0.027944944033924023,0.6721865651597466,54.02043186958548,10.053351004380035
1.207433439218787,0.6825889853287745,0.36901957439217253,0.6491357025952242,54.290593604407036,10.102628372125448
1.3929299715443617,0.5788241407481245,0.06788154472051229,0.642077999927858,56.68115083434018,10.115981361462843
1.2541260447603546,1.146898608842602,0.14533450169052792,0.6198374321069403,58.46052651873816,10.110122629008703
1.542858655232073,0.7570150010443318,0.3680930950378286,0.6232871080543906,57.05369478571354,10.108837334806852
1.1958253448333518,0.4118069629696081,0.25698945168468734,0.6376819243878886,60.04466287351009,10.14988757461984
1.6507799440615745,0.8455637511152798,-0.15771256068311817,0.64080550409849,60.61593072089604,10.15056072009096
1.4275980839102982,0.7366791215558848,-0.31720391808153325,0.6449196427363486,59.93962112124243,10.13463128966193
1.258509358531988,0.5399598299477264,-0.4774482664415956,0.658757376707981,60.07380278134957,10.160981894626111
0.7473948134791298,0.833158471503156,-0.33053701007319347,0.6555831946709324,63.672537873992816,10.142965849359507
0.8218777117412387,1.095370056918085,-0.42924962600425165,0.6465939716438645,60.04431968078758,10.193717809128758
0.5602329366716314,0.6271151749136152,-0.4127986581162407,0.6311434829703567,59.05872565657269,10.184755328612342
0.6259326738692612,0.7828514910992228,-0.13379978189402303,0.6440913140849769,56.68915611319902,10.191285783352306
0.6421910700874943,0.9070460715633203,-0.0030199953137528546,0.6414591296864073,55.799419025601004,10.209342510296953
0.7348121147292215,0.7936219164960628,0.013104586058236644,0.644423644977771,53.80655345835677,10.220806153986606
1.2280504443735176,0.707359179374109,0.1294981290425298,0.6404176896863468,55.21325940680147,10.247898601231311
1.4894406853963358,0.6670039415516287,0.23263859873772477,0.6819067419461753,54.791136441125104,10.251821810626504
1.4728531180071018,0.5609631884573535,0.5473193922487137,0.6534686704887072,55.127201547640695,10.246871814424145
1.595908610711517,0.44202851534107507,0.2585831725631405,0.6491886468430653,55.315231661235046,10.27527336299438
1.6255005907904252,0.47604029778126583,0.36543123614652134,0.6557385050204865,56.412419866055814,10.278014745073833
1.3204649098971948,0.7101781967445863,0.5656666467602006,0.6711715147490656,55.86771148859574,10.27146800727428
0.771112559120431,0.95015608808619,0.7962287035423559,0.6515372155345566,56.969452951447785,10.287505636835272
0.6330873139840147,0.9607981590877908,0.5217376733276876,0.68048954019109,57.45797111704665,10.29703554222314
0.2924845998579162,0.6430256400329861,0.6516703294475776,0.6899825552583698,57.54879846015798,10.320105226863484
0.34903775531837916,0.6513252502844481,0.7617331983810148,0.6754068381524543,55.70712964132859,10.312659547705568
0.35648814499590337,0.3921555637562279,0.24111739287821746,0.6669782165004057,55.54287810928971,10.322191816271568
0.46512416185876904,0.5046044313868518,-0.04873167960596063,0.6606201789299995,54.34960250188102,10.37937514618868
0.8321116182845039,0.3183496974679075,-0.08738098914980924,0.6633693135239769,55.53128319609866,10.368794709634942
0.9213900967426127,0.49655988309844445,0.2661665698267159,0.6444726414417387,55.463651410929266,10.344787986711497
0.5493852924626523,0.6670515845880408,0.13525996496717352,0.6672016737502695,54.55201847030901,10.381418819878846
0.4655512645171579,0.6151414257474119,0.22660319645898874,0.6717132279535634,54.924469052174665,10.382367001313105
0.772323013782523,0.24933625821793526,0.3589239055994663,0.6771561688373312,55.65050887822224,10.397831023505203
0.7950259956991494,0.6737302618521385,0.31592822802008136,0.6555969205125255,54.95222919855398,10.402746826491304
0.9491170720088891,0.9768874337510169,-0.07320292378749553,0.661293608252117,56.37360904736706,10.433792852909704
1.4584430110201716,0.5537972974680393,0.04697885885721078,0.65691953025049,56.83942473133184,10.42691240689303
1.406565749691095,0.7796635429911692,-0.033403217151911635,0.6618076560826939,56.57425111209678,10.428758226035717
1.1633354254635593,1.000955846055084,0.3507718932134734,0.6632928796444082,55.64456290310403,10.46084381153966
1.0039966709523793,0.7043083453066592,0.6396398582111864,0.6643227397135931,58.5492301776046,10.454665700821758
1.2269528954919109,0.4874341923977081,1.0001273889201627,0.6668918050382697,57.312618167359666,10.462429571586584
0.696653093691861,0.699577008382015,0.7121189729452848,0.6439381665506299,57.23666960400794,10.476280452049725
1.000377653820241,0.4054541512421442,0.9568368531236937,0.6457305482175795,59.019486039331994,10.478127819532672
1.3116361809209542,0.36851273191560835,0.34880771721340653,0.6403918326412341,60.20564064627397,10.490184539859907
1.0105064494047735,0.13314874277959543,0.07858669590465099,0.6310100119229927,58.67156194307795,10.488266108224762
0.9599173766926306,-0.09148868764274479,-0.040497270545928735,0.6317654546798368,57.781327468556604,10.49497665560752
1.3747166416290877,-0.057470948562903953,0.3116606423569318,0.6428286957671727,57.975651450673865,10.50002859227035
1.1322581211317493,-0.04329797624132754,0.12057482095379304,0.6199480780225664,57.2143339536991,10.502160334264058
0.7468936158162343,0.23179248439089584,0.3344613946032119,0.6076753184886869,56.47569599224522,10.52240565277231
0.7383962788135892,0.7130519355807773,0.40949143011159767,0.6061378005058747,58.04234616353941,10.54651465931066
0.6548395542108777,0.7639775659793051,0.03196001828600017,0.6075417063765736,57.124680229879345,10.562062351648914
0.7912941170892621,0.825865961122699,-0.10862534757706936,0.6049652787694042,59.41740095252186,10.564574068737048
0.8485941911264264,1.0695268180318833,-0.031634652423571184,0.6036680331371728,58.97546396750006,10.532885930197454
0.8852471517613487,1.0280886960996618,0.002745862879606853,0.6322137186655308,59.82678489434735,10.621491727155249
1.1746263637616872,0.7464023556421413,-0.05702676931473453,0.6562203888004985,58.85033499423228,10.621729602457808
0.6107434501170205,1.011521324614542,0.06462076812135728,0.6526979439607898,59.49652476730152,10.61891519702434
0.6066655826226277,1.0606620520700454,-0.054700679184904046,0.6629520921672334,58.83176434197583,10.658149813451066
0.15071759223118059,0.7137643825704465,0.04733286959154295,0.6835397515307259,56.24268729822304,10.610452717650327
0.1530670666508347,0.7937669782908937,0.012396761512744294,0.6753676670293777,55.23075999381058,10.67775250241252
-0.22449185812100375,0.9566059291874722,-0.04254829029941906,0.6547991687090964,53.48068738267068,10.63069571846499
0.08699516714388955,0.6559840617062588,0.17958174314263653,0.6736533900207323,52.86457862813394,10.664774758505828
0.09012218082823202,0.5676936752860952,0.5120715920787341,0.6655930822687387,51.79252336818695,10.644523253497317
0.34523949260453296,0.9524637953402161,0.5835283525016937,0.6482027665854515,54.892965154580416,10.680293881910886
0.4877432535143619,0.7373416555729366,0.8574809700811823,0.6436762328874737,56.32276264913226,10.697723329959969
0.7030079129468132,0.775050934699238,0.7254863075280881,0.6649128266519105,57.494850176504315,10.69690619337731
1.058067169818678,1.401054491485274,0.6934910593717805,0.680013807804005,58.089810686813124,10.724277548881805
0.8419809868380845,1.2368415548952045,0.1436513400206399,0.6736385674517841,58.68092992554783,10.721980288989746
0.6796375785458082,0.8245386727286833,-0.17935369391203618,0.69412934760089,58.426613615047586,10.71955170543245
0.8103049623721524,0.9277369927919781,-0.5260942202445396,0.6829329288264214,58.66715774731489,10.728663733643954
0.721652557798786,0.8580257212904521,-0.009312570189602853,0.6780018909470493,59.21036565587659,10.766218275452314
0.3156428089052708,0.33964978462407336,0.14949570582710203,0.6375608649560419,59.913683497521355,10.74692515940386
0.2153701947830966,0.7880709608417241,0.41792771217372493,0.6370733791065701,58.65456201636554,10.7883080594097
0.772835394030732,0.7971305585542768,0.4071299838436486,0.6224683932807095,57.88447412851319,10.804454235856635
0.744341174847062,0.8755224010660715,0.5161055331993982,0.6274990054319374,56.405776563769734,10.756625722753078
0.774076860880812,0.6106095729155115,0.33842306623856044,0.6133975649179254,55.32072148975256,10.822658527746022
1.0162564960321359,1.0012302659523722,0.18388454456188058,0.634835963125984,55.56544346625227,10.851208453968894
1.038267314264901,1.1096530409482366,-0.23311771840361883,0.6578755663221607,57.18501882537218,10.825040075224038
1.1541797491332662,1.224614720362664,-0.10428377788807733,0.6717730492228908,57.79399825101948,10.841981683705896
1.0612372874399378,0.9766914056010734,-0.07748580229870364,0.6873142444194306,58.367060361388575,10.860740106487382
1.2176908400427828,1.2703529841752599,-0.030210224034083067,0.6980262826359794,58.83278096313544,10.844490353696418
1.4943138679958963,0.8496231100023449,-0.5041856360282623,0.6794097313500554,58.05597318524393,10.863645604470756
1.6071135063277349,0.442609632808721,-0.16749431628655517,0.6829175095594715,56.42255450030351,10.843716009407538
1.1406702767344854,0.6015904715003202,0.03953640543473937,0.6710131310475699,54.72538325883877,10.88277270057061
1.0257280127542383,0.32813910446895245,0.22263175410925493,0.6640723989044288,54.02125707569202,10.899962239912892
0.926114227716271,0.154025814880592,0.25430248719483395,0.6757944340320383,54.3582441867904,10.91032326045853
0.7133278858909936,0.09407822705210764,0.8103997133181139,0.6926732404993559,54.17838602471377,10.931308494471953
0.8118107590961461,0.005107743185048319,0.6831938052152284,0.6642208464889379,54.87311920776138,10.904503956437289
0.874723161704806,0.2893282967967765,0.2733410219563061,0.6612332464365117,57.102136355315,10.91934786486653
1.061235943247977,0.422533386206904,0.02516547098231306,0.6654994653651192,58.32512317264512,10.977910146919829
1.0601276753921327,0.5885138098017944,0.08727771731806735,0.6482138555997519,56.77959283004189,10.946993432524726
1.0840139570403784,0.6712386155747148,0.2498117572027223,0.6445856700984814,58.48671158736569,10.964000675746249
0.5395627076896201,0.7144829833819497,0.5522670771441959,0.6672784616483758,59.85901667697772,10.968659799165495
0.7131538617517158,0.5844027989249768,1.020093067270734,0.6835667711908889,58.26988349517743,10.9635663834739
0.6366383377712579,0.9042862737210537,1.174988946501737,0.6732702839025041,56.9325050919442,11.022470584217835
0.8530984720479641,0.8563396728418118,0.8637962302493983,0.6730177863033393,59.21027659008703,10.989445971761588
0.2588351546290674,1.1063410280411932,0.5594506641753176,0.669238325753206,58.07351167520868,10.98745428952586
1.076865028774694,1.096603222130143,0.7515121470225565,0.6703720291010952,54.73353160123194,11.010985194453944
0.8663963644862221,0.8166533330446981,0.47748977944536397,0.6690874550475818,54.47084791654841,10.989965879965489
1.0194500289371864,0.5321848058458079,0.7248750060516709,0.6638694161741612,55.052463123847666,11.026974250700338
0.612581617823209,0.2535519374325581,0.772050522646945,0.6769201822729091,52.705477753247465,11.030637428042954
1.3151022707575204,0.6503057274141784,1.0635064013182143,0.6788994848355466,52.44605546669692,11.072348572618546
0.6874590134497027,0.9660751572246479,0.4486868923949701,0.6619468340959013,54.70537759066294,11.056531715208802
0.5913379432246358,0.8188794679110412,0.7547367319278049,0.6489643910528017,57.57446166226096,11.097756078711576
0.7532224469335491,0.7719898189003341,0.28478434473783987,0.6418929419524938,57.54052533403624,11.117969679861384
0.9237819484890452,1.034016974266271,0.06649393539294368,0.6284906779131374,59.78325774672419,11.115623506725752
0.845428538395535,0.5542228857065667,-0.15452827980235315,0.642261221104409,61.63258964222799,11.105692234222795
1.2308399934510763,0.4156355736491298,0.32908647795787793,0.6428698502940597,63.04165106072708,11.122822289934112
1.4554449594678178,0.6354311252064418,0.043274748147778506,0.652487274149886,61.87129901290852,11.09950030119712
1.1034372660062353,0.8754037015810233,-0.10881701861284769,0.6558507483133214,60.20561174412793,11.137324412549576
1.2152807429352088,0.8451782310956439,0.15622486504652847,0.6561147173232558,59.601042772789626,11.132791230638665
1.6531920816299788,0.7534757099051641,0.09538838895043276,0.6288200216766533,59.22783046139699,11.173886527622988
1.46836957236857,0.2004107053186317,0.0035153548836684536,0.6348085504520048,57.719601649440094,11.22145504778489
1.410167800400102,0.20601377494077994,0.362779955016795,0.631129698300386,59.18657888896037,11.189996432719475
1.5909296948559686,0.06139517711574475,0.651057508995506,0.643242430453629,62.01684956109739,11.150177197020906
1.7397574772373794,0.03143339309202316,1.0408845229628791,0.648221289255509,62.1314460356769,11.192775396141714
1.4971952175848597,0.6118784293804866,1.1035759357669035,0.6514807393824529,62.176574821899784,11.21244981850749
1.637179817680473,1.129806674051302,0.9249841071961535,0.6646710633710654,62.598159741426684,11.221747148505203
1.369073822074442,1.1136324999583087,0.41310911924422006,0.668854106827947,58.36791333478667,11.215383737487825
1.4863440456161983,1.4688459242322693,0.3728176495770149,0.6655781218159766,57.01608878467944,11.24490583485274
1.0366845767039232,1.530913054918857,-0.06520300432253524,0.6633964484061835,57.6521313976051,11.225149983261613
0.8605204049227133,1.0184519895149904,0.08236840416823013,0.6703457544400936,55.76530730913157,11.241101825546298
0.5826339867960642,1.066897612089711,0.2445078283245105,0.6618247546537572,55.21561291546434,11.282915952832074
0.7991220963066217,1.5414840993165466,0.33130487396008224,0.6646205678674351,56.67073506378722,11.259686735382402
0.5389030681901579,1.1315179488823603,0.418645053447053,0.6453106350388166,58.96094457328995,11.300764232109849
0.8331583861670092,1.1302786238292564,0.6205860750166208,0.6401578094558189,59.452416966290706,11.27261072450688
0.8577302402493189,0.8615553367690278,0.7344887857794229,0.642928873480617,59.38328737407886,11.345296517675836
1.3320424603479792,0.8518595844207908,0.8198502525903937,0.6434555153966843,59.76120584253548,11.30451460155192
1.4362917862524331,0.2573854061841111,1.2082508059207424,0.6507757003532817,60.132696071505094,11.325526668563931
1.3224227734166667,0.40066156755472476,1.1861745257030971,0.6606702083773813,58.970866078165294,11.346612265221808
1.4516835602673428,0.24748900637130006,1.129888090583506,0.6612211575392757,57.80620466082021,11.338693000949975
1.6059083034882733,0.628500413262997,1.074540196988701,0.6587882453934579,59.50892709040479,11.362868119221426
1.0383592829322048,0.7016606098094775,0.6308413221514886,0.6483542226920816,59.70069550055418,11.381507134490404
1.0678472328824395,0.636826273843867,0.4091415239873316,0.6330922069382996,63.3237437175373,11.399212264650073
1.2576279046858083,0.7318582957913011,0.2429679734545805,0.6486605965407589,61.68802327632577,11.40582994871946
1.006012566639198,0.6495321447154951,0.24149359425664496,0.6432448193119058,59.47488480747752,11.396563790723947
1.043974627799653,0.20323965573793404,0.23799444738710046,0.6527912636265122,58.277236997993384,11.407067364519127
1.2601998697036054,-0.023282806108975384,0.3855124676803453,0.643930476483986,56.38447824755582,11.4669821711605
1.1665499427110015,0.16473594851558504,-0.022303142228621464,0.6419319207272985,51.96375773399196,11.448997781364984
0.9924158256751076,0.6396642606111673,0.05012385665926235,0.6310719647818509,51.99751480763533,11.421563526873594
1.0557591321464586,0.8687440336595886,0.15734537745904847,0.6585018757212467,52.79307721947081,11.451999763275312
0.5620775483881537,0.8454933526702556,0.01918432106039658,0.6516186679788027,52.238697281052794,11.453297137224435
0.30479328555885943,0.7765137989473886,0.2245738261082562,0.6467682148010889,54.33205245988908,11.46729331532154
0.5992938037926049,1.0430588527508795,0.6469934373687775,0.6325356649535102,55.32547363164032,11.45541009684584
0.46523069526877253,0.9759759470822076,0.4739888372712439,0.6363138130757688,56.1544216737964,11.48176153531228
0.26455121214427696,0.5727591565889242,0.39471035333418575,0.6258458841611391,57.97799131655955,11.536231115463876
0.05384300308563365,0.47286961673841005,0.12068540887881452,0.6324914250415504,58.173434856558785,11.52158152601751
0.21477562634965142,0.9605892896734026,0.4722249041343202,0.6563225200906813,57.39781797023924,11.47017677183697
-0.36802854869378343,0.834807303088151,0.642682404321649,0.6880769643909623,58.27691498024808,11.55433446984996
0.13048154928021524,0.24403203916534016,0.7827162891963457,0.682483715576736,56.522009717330945,11.561792590458184
0.531438233323063,0.6687263558638664,0.5577377735352563,0.6854380718357171,53.250019396710016,11.542814293913873
0.8252009832913204,0.5181335221147473,0.7063626923609934,0.6655063236657923,54.36960721311975,11.574345270875664
1.404195290181142,0.14518742538627044,0.22200035942208177,0.6549241035350135,55.133315355221974,11.552812015783656
1.8658811425440198,0.13340066150715418,0.33162307099869903,0.6253740528672507,56.83892346681207,11.570594885674671
1.473226630098081,0.4924850728164409,0.4853933635998281,0.6281644713245359,58.94573410612969,11.619970927213396
0.7720968655378987,0.18335190215989372,0.46170146343737783,0.618895712848216,62.15752729516896,11.594565399202606
1.368630245374651,0.7282107192703886,0.8587358399327817,0.6364998358773574,61.62308528561586,11.5726053667609
0.6409433872361294,0.5430225297654865,0.9168552887827058,0.6463111069922212,61.43544618946463,11.618733935544377
0.11622533672949156,0.5291068833581802,0.8476138670120241,0.655248946890034,61.04563085919235,11.628428232141712
0.3864204961162035,0.16575542800445695,0.6890427297157926,0.6562379507092115,58.77069112803049,11.66396737138747
1.3749669166418321,0.2874862876573678,0.9083496011879326,0.6418690554524293,58.37171563117467,11.650286728443517
1.1943477621088465,0.07175761344509762,0.5928408605269448,0.6545032895380986,60.709922967668604,11.651568353771196
1.5857588757550973,0.38764162404819397,0.20540673394519926,0.650991154536859,60.701877928123466,11.690901122904624
2.0345042897625922,0.5088269332711111,0.45505121898507755,0.6555207859111511,60.69234201243737,11.682415804650022
2.001388111399785,0.6415439207786806,0.8351828108000685,0.6734555568963361,62.19427064386415,11.674999546368683
1.6659381443723427,0.7313835246291779,0.6834780201634959,0.6761505175035131,61.755754854959356,11.723099951210834
1.4460366617471734,0.6414001576869623,0.40115947198521545,0.6514053158684827,59.66084079010117,11.713873235290336
1.354809854810136,0.451809416747321,0.848959051306686,0.643622332605389,57.16836345436366,11.72005851933359
1.2240551571802336,0.27065010703408643,0.46360096723896704,0.647975439235443,54.35676062611119,11.733558167828232
0.9032939239338962,0.8423046762580115,0.2769632629086332,0.63654531150399,53.89624565908724,11.718586632571668
0.6960879868862476,0.6128355091376207,0.3950752035181783,0.6565074907772726,54.757507194114076,11.739446924476434
0.30197313553635474,1.1959610768412645,0.7171347476120643,0.6936262743491538,55.60328356024013,11.760071652036656
0.26217978567008887,1.455839998162231,0.9374409628712449,0.6822371123124438,58.15205904513603,11.766106726099506
0.07769498610286925,1.5225800394950546,1.0340794621556246,0.6891461412772946,60.151487732672535,11.805448567656333
0.008484836716109657,1.350717355154534,0.7533719708025199,0.6794014785118081,61.09136136216533,11.79434811705454
0.10131347860321949,1.6481036918571867,0.9879264602477221,0.666283531598354,61.47837491650296,11.817098078452728
0.7190200949942758,1.433671920266732,1.2151585732257242,0.6345088163974774,60.62215821628156,11.810187907091516
0.9230661378367475,1.224247871996509,1.5564661783913096,0.648058403488017,60.36313378383237,11.841125769674925
0.807399034825355,1.4134062046086548,1.2185041288591905,0.6589592551994192,59.28058621654485,11.837950555131464
0.8309060672375012,1.2815477915582523,1.4773690294127633,0.6730964934518925,60.13633406973364,11.84026840970777
0.9837962708875079,1.0825630765640848,0.7887941163740051,0.6793355639829658,58.52035154641178,11.84973433822082
0.5096131311939855,0.7414536355371929,0.5716584330937191,0.6991864020469865,59.49514244380837,11.84091122747418
0.28173797627717734,0.7120534756880179,-0.16803557530052274,0.6932917683586892,58.312277218496206,11.880138314402728
0.7065633130897824,0.3079038233512107,0.4417097884539172,0.6632824279559575,57.48610155986101,11.879195905309274
0.7115348457141822,0.07647689869241034,0.23856778996167544,0.6332227366204835,57.49622580018168,11.879960160796376
0.5451705056287903,0.4496718201549282,0.3175083211475502,0.6261395906902886,57.83602836504217,11.92212923541624
0.4755776816358706,0.6226327650837711,0.11298313987273412,0.614389377689078,56.412853534521574,11.884995679482104
0.40094557912809214,0.6552360533270349,-0.17211695659580925,0.6306862123780019,58.44220837054363,11.91155008209135
0.35560634243474853,0.8274201501946907,-0.4062288265178083,0.6456296420585218,58.94101117401633,11.95055437497559
0.231391282984201,1.010383078585266,-0.6639650436238264,0.6534417103264196,58.06053112742006,11.946310458818404
0.29912592563014817,0.31408942187796474,-0.3200795216522126,0.6686103624104047,59.555451254904824,11.949042821446946
0.562718261111512,0.28478153096871084,-0.6410317393414182,0.6695326115823591,61.55563297969918,11.965020070863003
0.7942045770682438,0.3361747827133678,-0.30963634786378946,0.6759775278743076,62.24512142032465,11.973588283420977
0.775745813335728,0.5651578640635085,-0.130823209462815,0.6556994462444201,62.577405020307424,11.949666749074282
1.36788744231989,0.297663035147658,0.35468037621713777,0.6730678823996706,64.01545714242286,11.983014762293042
1.305552191540451,0.3723021977626518,0.17664753712904885,0.6533016418309672,61.674424327413604,12.032330433090277
1.224313439383796,0.6181563829353859,0.586326601454001,0.6470750933796754,59.23552706971149,11.996813517304457
1.1389897453898825,0.44939900374081293,0.6543469349117482,0.6452311588079911,55.3198209696474,12.013633979717913
1.203581320667287,-0.027978282336184202,0.4205547710610523,0.6652126759030625,57.281962911310416,12.019167584733818
0.9412400450207186,-0.05389503375114052,0.07541091825925775,0.6537253267739034,55.194428120080474,12.038259695533638
0.9250282790149728,0.2850822729525119,0.3669804921632404,0.6658086699915347,56.02399633093269,12.038337543373515
0.8712258459617317,0.040762887878089495,-0.16729973822796823,0.6546095086212238,56.02772282655705,12.069734830043162
0.7149009581281446,-0.272706008750151,-0.2965226249680899,0.6609114928504548,59.080491890342145,12.073946268245804
0.3264350942439876,0.14521239947179518,-0.48834606448555035,0.658090675849545,57.03913799055688,12.09547095230214
0.667293225099294,0.525628322696632,-0.08795162847360767,0.6779345343465033,56.6054489120306,12.06898117667622
0.41111703606331984,0.6934096295221505,-0.2015815145661704,0.6727494451703105,57.18079201879432,12.093193190342342
0.4136491303485488,0.5873932653712771,0.05854159912465704,0.682971997695293,56.664534298742964,12.105485547367756
0.4032626570279582,0.9887800070280349,-0.012122717424454255,0.6639704151265434,55.139111287927925,12.129112938201771
0.8634833830598445,0.8086343416311642,0.1256254511168657,0.6749279538950487,53.415003796849774,12.11413557605586
0.4552928950471104,0.6739900483142492,-0.01649598432876357,0.6567911021358224,53.3030105379157,12.158313076085168
0.9543287529431735,0.6779255848164117,-0.13648957864975703,0.6686453325875464,53.047025106280714,12.173728311810352
0.9589264639366407,0.7591997961721234,0.04881367236063412,0.6701995277515312,52.52336705581862,12.140222553047288
1.1591215457782997,0.8164690512707866,0.3854032950974246,0.6582247218756054,51.886775019342984,12.16018254210213
0.8137820560205196,0.9098012322661739,0.24248617675562995,0.6439028011374219,53.998443180666854,12.169361369834158
1.302516613516662,1.0817786558095928,0.2410387944642562,0.63934898982369,54.885942359602,12.24264772409355
0.816163311459072,1.0895837030573685,0.7912083321490437,0.6333850219929735,56.706597788671424,12.191401997895843
1.0135403746363107,1.3948016373146188,0.6029959608161846,0.6254484278695334,60.51217833562932,12.243552508843123
1.085211714661029,1.3957396886442264,0.09375121321092475,0.6546107711322076,61.132549560330474,12.194667360097869
1.3357557410863397,1.5869472737883263,0.3543650588860187,0.6595461124631539,61.699204057697365,12.210206980676713
0.8703831800391797,1.37830720557732,0.23661209357454238,0.6697041939158067,62.999241473500454,12.226267909363036
1.0826535201814562,1.0657601526041092,-0.2606653314485606,0.676067047313471,60.416873942347344,12.23308621377107
1.030166468814932,1.1891946461804908,-0.1318026815564691,0.6977531532675865,57.09458382265535,12.25464202531683
0.874725488585874,1.3125818121288715,0.18696323474648974,0.6884353739993557,57.95735579892904,12.25582443594557
0.9854562887376155,0.9424530158889217,0.3503103223475664,0.6817770888640049,57.234520468542044,12.26361316814531
1.4653332171144868,0.765173700243621,0.6468220244715406,0.6659563119070829,56.05662137752256,12.313169439929467
1.3805137963426646,0.9972782283329348,0.8832716305389898,0.6526798522154672,57.103565066542046,12.324475872450265
1.0985057023140865,0.8098130303878612,0.7566148931482131,0.6370116196648408,57.85552495886524,12.328985929967509
1.1109644892525925,0.7102626660327443,0.5787015721326714,0.6384261409690721,56.72297382342474,12.330479979111686
1.4348453297075334,0.8617050419734653,-0.3084643840421526,0.6428296344097966,57.01205043141929,12.331854861315591
0.8327206120783766,1.2981669473950375,-0.6304088418407977,0.667591619548044,57.84093298378938,12.33005938618668
1.272757126451816,1.4537323058403095,-0.6111555087995316,0.6684652436623008,56.229119134555425,12.330936849904898
1.8829726814659793,1.399794302066245,-0.2241633963497987,0.6742099137168629,57.9150873153827,12.367259914068653
1.7906262390776901,1.5491698021199478,-0.03787790348811996,0.6851221728755207,57.30375168801636,12.346527392149063
1.3891957836669413,1.2809751237523106,0.5258351698068845,0.6921348530830624,56.623703221781476,12.360121581416491
1.8763248181696544,1.0211408958528438,0.5502916236498838,0.6847981072022744,55.98687255584559,12.413058265124096
1.4733907051664026,1.1692653723789361,0.4002601609946386,0.6850514547522414,56.534441749924305,12.438012980834442
1.0978492666137016,1.0881009120739038,0.4504039118826171,0.6794325117102329,55.04843862821262,12.41786590276333
1.092945528448631,0.7308838472230377,0.17188660513247694,0.6592294640053563,58.697142211127414,12.442129143045891
0.7769123627560617,0.8075426872363808,0.23663359758508684,0.6505441024645896,58.43151954363475,12.42508303365112
0.3220923254002122,0.5106025068049889,0.561255078432631,0.6588440955255302,61.13789776513486,12.413246516278246
0.1538446165283176,-0.007639307740726259,0.4376406423011299,0.6627876164885713,62.21839622034844,12.462243432372372
0.2020921784836945,-0.0375599113538098,0.4249625069706534,0.6557651590185205,62.88265979404222,12.471385786465405
0.16514851134475422,-0.1485746924392738,1.3114281514887882,0.6820959437352497,61.494973627952355,12.471433371077604
0.41557183612453646,-0.014461410904293582,1.23098745346547,0.6908486235611422,64.8829334290738,12.475152490837898
0.23496301218007173,0.38449246834796097,1.1235192874171307,0.6693654904251792,61.45526666550104,12.50924421157162
0.5466419082584737,0.36046545097056504,1.059285326619056,0.6673088431223055,59.90486992966419,12.48028533933145
0.7072458032114728,0.7389956924433719,0.9557528348568791,0.6820583969010139,59.06509655861087,12.494524388422189
0.4632081171919696,1.1228393510110668,0.48523366910035887,0.6815655841600017,58.62814731501836,12.499837869864791
0.4919770450863938,1.3264036383724052,0.5454280938932946,0.6674277669225732,54.37959640378442,12.531699459252716
1.0494047691048372,1.0149531298710959,0.2631850180919882,0.6914005673778763,55.40267660986507,12.518242139757817
0.7420153152067638,1.3679812483402505,0.45242618723088623,0.7099568801766198,58.22378962504573,12.536315156389696
0.9105387965355789,0.8463095205592814,0.7089725405955333,0.7027044325542018,59.13721117507303,12.545884888755456
1.3938045232061385,0.9227724400475118,0.7070027666435076,0.6830263346892375,58.81953053196378,12.56478783335332
1.1787056343680016,0.7515960279078542,0.860789134545378,0.6838873260547004,59.93428917092332,12.55025251107192
0.9227328166248612,0.9943850197016857,1.0176832026261533,0.6722352667069499,60.81760959898686,12.591744099840746
1.277041199150506,0.5889328901898397,1.126748294387335,0.6580174619504089,58.30537765516574,12.624946073013293
0.9584425963485069,0.6288775388400288,0.8905200724286424,0.6710434642385902,60.0075141479708,12.612709827446334
0.983104789247631,0.5708455193498515,0.6109681717298202,0.6848633943940088,62.24070731749102,12.650826422896028
0.9406872380664989,0.34737988757275257,0.4826323330167567,0.687888485478142,63.12276652766703,12.65667996371754
0.986428014688315,0.32994273902206783,0.33205279247274977,0.6703928055032969,62.219887697869424,12.655554700944958
0.592734529086034,0.2922059358814365,0.05585408775257892,0.6706892167105757,64.08352824217963,12.651493716852736
0.5560030348168707,0.6414265838965385,0.03822357970927821,0.6671710512860501,63.33907878663829,12.66045000776491
0.26818510431769843,0.2760481143186072,0.2882119784642791,0.6589063527093081,60.606875270695106,12.685275995447263
0.3059286306986776,0.5767495397257993,-0.012981317369391943,0.6632635401370459,59.83071730172721,12.67216658780992
0.5199898972166088,0.6098063050616225,0.396512567696775,0.6843272710325572,58.52703291795116,12.65234958497065
1.0217096169995181,0.7444513396942041,0.6378472764753577,0.6998371261654539,57.91258601087425,12.70984008108206
1.166497249733753,0.6917936476042633,0.4593933260362357,0.7008620518120044,57.49156335493442,12.6873786274013
1.1295310213752543,0.9909586002511238,0.09278491021190546,0.694777149941735,56.95477741096315,12.700757175436191
1.2140701162373067,0.773302078503119,0.3020078855525747,0.6931848635024774,57.03328160211428,12.730004478959916
1.210185817474115,0.4470367919851248,0.002379386685297025,0.6903817781856725,57.01552308204682,12.73809750244893
1.0209819723663016,0.19443785436297137,-0.08903637942266322,0.6917376889770683,55.71480629629953,12.721758487873688
1.3637350524642642,0.14853438743241212,-0.020356626390070146,0.6862302994487931,55.60634343589952,12.763309831282662
1.661575969560714,-0.2159427824802626,-0.11397364110770736,0.6899089995102288,56.22993496991311,12.78932279321722
1.7639822790807398,-0.08853373432700591,-0.16230471481012312,0.6902308012284375,56.391455881527556,12.757433168594686
1.4602542425274623,0.061059396298233384,-0.133882396110024,0.7030621176362464,56.11854603399219,12.815449666616976
1.459333837038997,0.5899849267468358,-0.029420884424287096,0.7064360498219986,57.21148401679128,12.768796583497402
0.9656887580496086,0.4602176544153716,-0.09608008897385406,0.7129181466681864,56.623341599550926,12.85234648288742
1.0293617217915116,0.7078604884448119,0.6415036159911909,0.7140867784078596,56.635012379026634,12.81177479139033
1.1830071581354815,0.8357376264406569,0.33720229166260074,0.7194207017055767,56.75397200020706,12.832912339936538
1.0883473551574512,0.9560107125003775,0.660917011578318,0.6847307594999115,58.5687265714884,12.802159328550289
0.7961073797724987,0.8839851858757417,0.4896784105894148,0.6727268548519248,57.574016175684996,12.848757278670613
0.46007506871100734,1.0388196407618673,0.8015927181218656,0.6697053477741812,56.149174914358454,12.864569643554365
0.42076639503885743,0.7981666104163118,0.4821754784006286,0.6733039984995461,58.69085655990902,12.86827675791801
0.009467406728225203,0.8037220425824966,1.0927720938776038,0.6659645074835787,58.25374611571183,12.868738378458954
-0.2631980234776221,0.8597760325948409,0.753423599548046,0.686105965838277,57.98383909485208,12.871068709629444
0.08147908442318567,0.5937800524694332,0.5789207068296343,0.6746871670870089,59.81669494161233,12.922610532390747
0.9480348588134625,0.45168227679933526,0.6914619879566652,0.6837046920243928,64.82916063601519,12.91061614269996
0.8459372074060344,0.7515070809416775,0.6531629601100202,0.6757766324083664,61.7862477162701,12.950815047530336
1.2350234798141968,0.5738218250903822,0.469920945771298,0.7038608168269134,62.87649559753747,12.9194703529041
1.6826822663972656,0.5186718966278161,0.794701119632349,0.7121569690634464,62.27285137826085,12.931304106132556
1.5859034111359034,1.0088537157357997,0.8083915543905542,0.7036533510851328,60.73036930149442,12.966311884891924
1.2718336005299584,1.2745949930316531,0.6437462746057226,0.6922946175684948,56.48825005574774,12.92754050075993
1.215707670283266,1.0205844488973457,0.5488208506311024,0.6897084239695734,56.61422950066661,12.945730732796942
1.1022027744903777,1.1724696408653492,0.47843268291891566,0.647080955306887,56.130258887986045,13.001949699427064
1.1508912603031267,1.3720561484851719,0.246295491328344,0.6589099997744864,55.3704564490625,12.966561321415536
1.0377658964958048,1.163716333283223,0.15299956559937344,0.6788412110532557,56.863202282981675,12.96361897969395
1.053073866088615,1.1661309098122983,-0.12150862435103531,0.6856017064213801,57.64556520285244,13.047370543761462
1.0768516198703229,1.83160067466518,0.2670423035657004,0.6939154535025531,59.200803106385045,12.992123647042517
0.8729389214404326,1.912500422851814,0.4710718105530636,0.7021820617704408,58.78305381905409,13.033682387966564
0.91661612519837,1.697147315099525,0.44444550015228845,0.6814941402303606,59.89750053472117,13.041381703854489
0.8712554158518315,1.8293751428050828,0.793471962285784,0.6830234818126125,59.245404836207214,12.99378743366764
0.6791979737014121,1.6407284614137154,0.890748267864109,0.6673221675924061,58.033499230598615,13.054653659536644
0.7130809219947124,1.2436268179570007,0.8922077646886072,0.6404933970835129,57.26022178611443,13.078968264989582
1.0821238633426564,0.9691738986193055,0.675256409554345,0.6521854719492399,56.873944847012794,13.087086187630378
1.0704763374876256,1.2325666882838289,0.7345101415882912,0.6557470270611307,56.35772793346412,13.108070413676067
1.2458793383798636,0.8604350973049252,0.9154488768556552,0.6488278127340494,53.967473750501746,13.09225017370189
1.4045111630291547,1.1385029126476176,0.8191804791552952,0.6667681587236317,56.47799893521816,13.124250088841842
1.6850912684445174,1.2342669657651484,0.8599790370306073,0.6986048692650638,56.15659857930832,13.1062134186384
1.5801890128316334,1.025260414973954,0.5943146687822944,0.7036065866519241,58.18673611118091,13.101790651671744
1.4880346865073786,0.7866794388322642,0.8742320747194142,0.7171224353296786,60.15324520599681,13.114045432486376
1.2313876280694347,0.5309317075167871,0.570848327242136,0.7007200626140101,60.98423170293656,13.120757790896093
0.855526431897362,0.35013160297381846,0.6781402727877905,0.6986236535802506,58.56364184061431,13.180191719357824
0.5171547775060251,0.4277769118499898,-0.011262200206647144,0.6986559383479197,61.817831515954346,13.13970852981883
0.28440507208685534,0.5897387927064149,0.20422853640801933,0.6838155766912901,62.41252936554854,13.185480776812986
0.24565508380414935,0.5414903103256945,-0.3293037978783877,0.6569745159802108,61.31936649365673,13.18468151611855
0.520067111536662,1.3528989356325238,-0.3759405520211576,0.6648477517801998,62.86988726942118,13.197947028530988
0.8397431913061422,1.1272198284403767,-0.35450559747234756,0.6533294784668849,63.334600064977415,13.237272145903995
0.8874031728483166,0.7389638514577062,0.2154121578003519,0.6547412487251517,61.21359778265268,13.211231452655696
1.107320738328473,1.154339560107084,0.34824916969754527,0.6611344430056552,58.75263790283365,13.242232031230994
1.1583246781706455,1.522719296048574,0.6181032047246745,0.6677426231662787,56.75895061469396,13.240751267027624
0.7526161762035092,1.1331987806945336,0.5208859941717863,0.669228666320701,55.18716968459616,13.246959621887346
0.4595253428514715,1.4372125656550396,0.3725547675505458,0.687173363344008,55.84625679822452,13.305999382487729
0.44552238360202595,1.9178611031989834,0.5410988464677567,0.679912561709365,54.28998481135219,13.241173165085693
0.10699790255162342,1.4736034132252345,0.35289536737651195,0.6844083985493188,54.947037209991706,13.30578263670875
0.21480356187189953,0.9845966450719492,0.6229590852492779,0.6920147880017321,55.91187789768783,13.3031281313098
0.9167618378944727,1.230604250359774,0.7938081213837467,0.7111946879685549,56.458227724527475,13.290409500107366
1.3490960832807462,1.3658863360462523,0.9707739246745233,0.6926596066175922,57.29744824592068,13.342586370348831
1.335939816522087,1.2107391620013943,0.8254593511917765,0.7058272150398357,58.68314399189397,13.283037797752227
1.8767387887433582,1.1838449748351079,1.2272354406736867,0.7098676475392315,58.747904998324756,13.31956466685402
1.787201330467599,1.6788902012750175,0.8741886763479398,0.7095064679631005,60.70867797365885,13.31583035591462
1.414348766058311,1.3270929561081248,0.845509703561335,0.72173782885579,61.97878845233879,13.35824166929743
1.0486306592937191,0.9236343811585801,0.8342254247697213,0.7188161104804482,62.57933440000757,13.337738717976256
1.0315400924651945,0.8800976130480809,0.6881012965116886,0.702267129231989,61.87914255288291,13.378661278934828
0.6564742976700175,1.3674644049178941,0.612340947639438,0.6879808131077458,61.46631995849934,13.376271271683567
0.661538846987752,1.1414192149148978,0.6357068296356154,0.6992525858894728,59.29339468186794,13.38041292114688
0.7617856337043921,1.3311583315761204,0.8374900980860837,0.6912784295032587,58.39095333397877,13.407772944920666
0.8857901667263223,1.4914154308604792,1.176703532386244,0.7186770114719029,57.91630789986043,13.40462756752124
1.0343865342562775,1.432222634717696,1.185731347334307,0.7345963158556449,59.6833024972683,13.39822730313882
1.3508659492048507,1.2335902905048897,1.0701585793028412,0.745087382825937,61.08039060671308,13.4860274597927
1.5074083281010773,0.5574549166820321,0.7658878406275271,0.7320533126022888,60.59445596938557,13.430256656339417
1.179028734484183,0.4157321618221377,0.1163219517986133,0.6985926847974432,62.113729862249315,13.40564781839696
0.6683500997561683,0.3719106798083201,-0.13331745066801143,0.7023951515918266,59.3175893075054,13.443158026205571
0.7685412443378125,0.1335767663821729,-0.22818682123561315,0.6949884040984632,58.9228672221962,13.444654466232546
0.25775104598051923,0.09978536406723112,-0.39311652927798757,0.6921879989843399,57.601925490369084,13.496522912320811
0.0236019347967771,0.5653749724353149,-0.040270925281175415,0.7092639369057199,60.10579863368296,13.496433053191833
0.08727371955794525,0.97636344093882,0.4741517543867852,0.7163909487196723,57.697353035958244,13.507974256035808
0.2383766553053916,1.2432748360248826,0.622390056809061,0.700241392966693,60.714187254767054,13.502599550683255
0.1605200149815538,1.3808883759515989,0.6589344748585606,0.6939682800989119,58.35824314737041,13.51441299505886
0.5864415830082267,1.274028007102395,0.6128637509690054,0.7054175798030216,58.06472072591889,13.522581377927848
0.5168073795244789,1.3007045752043884,0.7625483560651238,0.6916442347779025,56.37124074704659,13.538376136317291
0.23333632259042805,0.8598493773358135,0.7315602850567945,0.6870055602910021,55.956552204949254,13.566706668707296
0.4851983167389948,0.584822266124915,0.6116689698060058,0.6838380629320876,54.88706010266217,13.566721508250108
0.4559813684616058,0.526898803197477,0.4993220530571798,0.6961959549503616,58.16527192943461,13.580002256592415
0.009082818929310043,0.3315151155497582,0.5190987311132559,0.6896599787496305,61.507780025438386,13.589991178164984
0.16177167931354436,0.4714187104779379,0.3382565275000669,0.6981898246139945,62.610178403124266,13.607688848747635
0.6776329641909865,0.6882283595806721,0.3846058693395741,0.7023867679249779,65.48829249384488,13.605763000830803
0.9034549500447602,0.48893204786949573,0.37562133782000895,0.701511355522191,65.63300752701555,13.617176961453575
0.8497250189301407,0.8202313848259811,0.4177317265381502,0.6849205688091635,64.33294956677739,13.643776124823864
0.9516083407917149,0.9206107430068677,0.18078254502508767,0.6928255005253623,61.33104365616073,13.616699081639938
1.1549654534518414,0.8472733828608575,0.07775152041180039,0.6855322241887032,61.43611275732769,13.62288514840097
1.1270363049641057,0.8860081055654341,0.2343068832733562,0.7030312150654217,60.864058149697186,13.626281568016264
1.006431893424961,1.0407205815831373,0.07922365849289793,0.7143138865163108,60.06065174572291,13.663658291272403
0.7965770242105503,0.9531695148852919,0.0840335267934665,0.7276181360750223,59.49142221389231,13.632925355175615
0.9032491584316187,0.9767709689672912,0.6489381828702631,0.7230224712735236,59.78228870885265,13.689243081921193
0.4876891115763997,0.887416441700523,0.593455712277686,0.7128683923224015,60.42076306359117,13.687816138109987
0.4855206104801685,0.6827475900284112,0.12648877334187253,0.7060827537089782,58.82440015018765,13.722692793996424
0.8340380106936829,0.5407262706875534,0.15419516342692458,0.690017704683853,59.358465633286926,13.6965616537907
0.7470261702051101,0.41499509266261764,0.10699445182161642,0.6798038386222087,61.3551133650632,13.71593363429165
0.5136851371511233,0.2091291986938301,-0.28317271516869214,0.6734702720283815,62.584751599477215,13.752444066665868
0.9855945417382845,0.150763602977476,-0.17549636275511613,0.673796098122285,63.11467529386599,13.767662712935564
0.9790338145756554,0.13553222750605742,0.23172280848435026,0.6543935325942261,64.2122872685023,13.736396952684965
0.5035923670982626,0.23418378334147666,0.2623487182174156,0.6531859653877186,64.59197500362657,13.763635624651744
0.9866683294468086,0.22181096381692472,0.4209371211459403,0.6587033587306144,63.6893536641074,13.77588837955368
1.1889722973578434,0.5197536206440958,0.9772253229412055,0.6491098890404539,64.09269700388298,13.787473068112424
1.260654970851568,0.714444510716177,0.9440826399509603,0.6592089264096043,60.79906300494198,13.784748486813688
1.4388196768328543,0.9468948612430632,0.9018086355720673,0.6979279558006658,59.46633782054469,13.825627667962474
1.4757667392187566,0.8687496033989331,0.802181073507333,0.7149829110930777,60.46193232109191,13.77220593032757
1.6999622406757013,0.6769807585217076,0.5718703131342207,0.7296274909216534,59.18995476145077,13.811577395303978
1.7006571603054657,0.4814965530715602,0.09256464088911172,0.7471634994018673,56.965126405492356,13.83895861465546
1.4845890882809991,0.28873950224180944,0.0657460970378165,0.7588247345236274,57.66971629421023,13.849144496238988
1.4095772263775028,0.04402366087845054,0.08232892775983738,0.7327253622324518,58.43728886254657,13.877055180612295
1.7682225621694623,0.02054933003505996,0.6543441557613454,0.7161943532663214,55.73262344055068,13.883964507864023
1.6497779551447915,0.0025380052893574146,0.6807648106251016,0.6725104953703532,58.10775503188256,13.864289167493856
1.7780365658416717,0.1202945592695878,0.7147786783270929,0.6806036305980607,58.764187731990646,13.905997424870613
1.4796487136536332,0.254592304557815,0.7982631881507105,0.6844747314230071,59.967546140054125,13.875719165124451
1.5124994224432176,0.44455429831467724,0.8058851965247644,0.6863255655308241,61.117787479596664,13.918617747655835
1.117322886896096,0.4876407379589519,0.38913759971709955,0.6903724103936835,63.489649895117644,13.94621044956842
1.2084128933391092,0.6648363434066914,0.7895228439034208,0.7103681505747603,62.351591741770406,13.9442988821371
1.2300339260255628,0.5712926841585144,0.38792688906100137,0.7024761906057242,63.454797700489145,13.932115407670482
1.3083679861154371,0.5292913630872123,-0.07647708421435392,0.6984652355171695,62.8890506542916,13.933364424564555
1.2540244149836548,0.24117158010838394,-0.25445509021680357,0.6867122474884437,62.0102551369975,13.919428174074817
1.1208570273111962,0.4678535904047356,-0.08734781695748914,0.6934891091154505,61.8240895860038,13.966210792758284
0.5245715663868006,0.1938516934730477,-0.6569391839267021,0.6984039717917806,60.357960330640125,13.947695655440585
0.7380620780421975,0.30783725777846477,-0.7728298396168825,0.6958543394532845,59.28637971753593,13.96413730672772
0.6804623287933994,0.374918396718216,-0.18085058619237643,0.6893379132736068,60.323136995582196,13.966185083985266
