mv_avg_vib_x,mv_avg_vib_y,mv_avg_vib_z,mv_avg_ar,mv_avg_sl,tool_wear
0.4967141530112327,-1.0469109826819396,0.1838345163225043,0.5121828611851357,49.058987806135896,-0.0167672376000161
0.17958232406155367,-0.254843196564103,1.4386127892222653,0.478907700050888,49.27410075096879,-0.0142531426524662
0.33609425959663947,0.22572047852922864,1.0759134664318324,0.46960811285965104,49.164373863275195,0.0356388507090383
0.6333642560117805,0.3494575643330238,0.5561894992195191,0.46519150759176375,50.5915366218147,0.0286917953280921
0.4604325668912047,0.4792330582487403,0.42614466847102445,0.47337292665343994,50.89770762784373,0.0397299351081404
0.34526664315368993,0.27370489796774633,0.05937733326605318,0.47271061095685146,50.937865940343066,0.0278653402454109
0.5221573503039839,0.03197853474618844,0.03968694844981946,0.48026065960422226,49.90218925908294,0.0540061300813422
0.5534424694077764,0.21614828179549225,-0.06909320385766435,0.46501174986007743,49.684057729666115,0.0547306939338177
0.4404204155101927,0.156786790192598,0.040611536647898246,0.4642661199641249,50.22477681574106,0.0876691002970843
0.45127769497252324,0.11653946285163616,-0.018081986149068374,0.46233790149410786,50.22758058727645,0.0701781772933677
0.35597930667321304,0.3546218123311834,-0.04778463121931385,0.4599808712403437,50.658595504288016,0.1265958873041015
0.3239475577163652,0.35715137504496824,-0.3802863836162741,0.4628846337385021,51.60079279398532,0.0764883910075181
0.2840897273459587,0.28474157381327675,-0.24102385274620214,0.4719445098981973,52.23418137519765,0.1038696033508687
-0.058826486477564346,0.42991831426332594,-0.17238527153226255,0.46763950389468223,51.802750405983964,0.1635440101993219
-0.2071881359734747,0.2665335596711775,0.020774255666094633,0.46745724394557825,51.34502380365295,0.1312972250407593
-0.2392883969195946,0.43556891836269473,0.280171463366096,0.47352346169916365,49.965105199586915,0.1237024267119117
-0.49777799422071684,0.584023134553035,0.3367955091708404,0.4804793385437077,50.52353656172723,0.1643814312507533
-0.542381937593421,0.46132083427025944,0.45733182774419784,0.49248660125937416,50.55696814825596,0.1604921551557091
-0.5855221102689876,0.6470074978221737,0.40552992815133654,0.4985361128633876,50.309964628114656,0.1632825948876339
-0.7802936884780538,0.7234462121230882,0.2680740958178587,0.49529002796174293,50.221311690895945,0.1680825837840256
-0.586672246021593,0.6450282428695933,0.25221974612383735,0.4847549095886521,49.73850138921357,0.2553674721125188
-0.5619621044301615,0.6972278126869549,0.4006487255242396,0.49181197951662314,47.97269398662674,0.2049689619963172
-0.5786907148349132,0.615715599550953,0.22223127013302543,0.4879379184055158,46.99055500027789,0.1814886527933424
-0.5291227127074196,0.3158662353533916,0.11419396020598878,0.50327012496942,47.18944931465889,0.2598741951801107
-0.41035440562557535,0.27630897601575,-0.07394479105814869,0.49631861239952946,48.31004567815369,0.2522214181022114
-0.34231859744743204,-0.012538858703526556,0.01540798249710349,0.49626940023772653,49.545205747139434,0.2346706713796042
-0.3554200468731607,0.18795237882724475,0.09224787945856645,0.49647321151424795,49.80045170799351,0.2413376182262771
-0.34856018201506156,0.05134415139519821,0.04953156193174098,0.5011235286681135,50.446844997208935,0.2834694559231646
-0.31710684717176163,-0.12305621657818475,0.10565415795745417,0.501027102430918,49.85336289474171,0.2750616334502109
-0.20433105573450083,-0.2009492851695917,0.2621281119967397,0.5102321560544635,50.120870492702366,0.2514804436310979
-0.41035179756653656,-0.22346638626719742,0.11998669087067308,0.5144804890470109,49.91796593208527,0.3357447992920933
-0.20183155278392997,-0.24857156171780054,-0.056618306919184826,0.5171774411032659,51.24722557941499,0.3013201907556808
-0.20921929944345644,-0.12545710290109002,0.10491768642057511,0.5142939136290928,51.80005898079647,0.3499114347296485
-0.17180077743464142,-0.09927204299763574,0.21839476105953187,0.5110667257186277,51.71810733021751,0.3555686991593143
-0.03439321748874495,-0.010931457947726075,0.19965420632130665,0.5102615278872321,50.47600217877247,0.3199798091103437
-0.16685504517377442,0.2145340330651515,-0.0003827667902008336,0.5019076781236613,50.88542901328127,0.370663797287263
-0.030154531648009276,-0.01538395552078794,0.06569911875515759,0.499881985173665,51.77102789994031,0.3469711490027263
-0.2629765495874947,0.2562432756798271,0.23485280936949673,0.49618990494370135,50.797980936580394,0.3326659882639211
-0.3350164892023979,0.3280379702286769,0.3619433031500311,0.5022163340525707,51.04069636368735,0.3715080366795572
-0.28544619435309854,0.4297789158489982,0.38304688228836087,0.5019253596097681,50.98024104195927,0.3979527500355256
-0.15071407884755852,0.4658982099612768,0.583353887987272,0.5007132372872203,51.75083716395385,0.3907452670400733
-0.31809027289639585,0.502243711482327,0.5244936299996779,0.4985386698639391,51.0457997648942,0.403859033181498
-0.32759058237836713,0.4348703555431707,0.5162555939022153,0.4987864557307983,49.56073105867756,0.4428713208985722
-0.25121506275864675,0.3640667416309273,0.4272343450998819,0.4999004427730801,50.09824786159945,0.4321298796058018
-0.4806069567226491,0.42131954521128,0.47360769755517607,0.5079846279002487,50.87694818293141,0.423134033774301
-0.42979221628195835,0.32849769780971466,0.3942186625609095,0.5063092943396852,49.659106200713275,0.4640406064733465
-0.4960276565953533,0.3010769792795412,0.14527571907126893,0.5000982904270387,48.32011330703858,0.4639535113390849
-0.19363362530242492,0.19955066057949877,-0.10068901742837781,0.5129588768392038,49.61530833234694,0.4195679039707591
-0.025738395172676336,0.27485330958548465,-0.38299716869924333,0.5083003910081753,50.51623400823023,0.4885670582754289
-0.22101373801280277,0.2040645256805565,-0.4206475198326064,0.5085469147950524,50.87689824531624,0.497836574154322
-0.261737202789805,0.1692315371001591,-0.5046794500582938,0.523276079926238,50.40278688516899,0.5004024225916172
-0.31666746266737433,0.22267748284159783,-0.26932440579665445,0.5200120435102069,50.731201700050576,0.5278340116213915
-0.37208003817608687,0.22922248194653147,-0.5271467295732042,0.5241521355069108,52.08940190538948,0.50655212831347
-0.2800872434500119,0.619645825186603,-0.3879572336034944,0.5153435248351419,51.98107501277248,0.536729995776418
-0.028420295880614697,0.6367998316009407,-0.28748147660767176,0.5165296698830012,51.17004871256344,0.508660812576653
0.13740693315353533,0.5264310820909893,-0.22871346215419738,0.5295654373614123,51.64577061319527,0.5581418076679767
0.10026385421030959,0.6551987494028657,-0.2412612704135583,0.5247066120306711,52.46184026533365,0.5990611939107979
-0.03565480971364414,0.6352500230420817,-0.18023009168508358,0.5209909346827537,51.662716285644805,0.5501028729506492
-0.03617549924707454,0.6409688283334402,-0.0011126466399011604,0.5182104315260677,51.63519971697336,0.5648039573602445
0.23839782528449413,0.7067316428132772,0.07256778491186214,0.5142021319900143,50.837271564974216,0.5757996911421689
0.15878680084354496,0.6625745801814509,0.07463063308513963,0.5139565346214428,50.90508656461533,0.6025999645160319
0.17944392750185426,0.370495099115438,0.040042305167442574,0.5116121803733478,50.40953432561769,0.5887392745429256
0.13721742641490658,0.32608929246442614,0.04065676763158192,0.5145050429160761,50.48582653172313,0.6284249475738196
-0.04285606859418793,-0.018559227348095852,0.0870959741160197,0.5186473348721907,49.1895811344199,0.6469367989093833
-0.06398864232130394,-0.1325906998652751,0.006518187797170283,0.517321923282205,49.39083359002058,0.6506869442690757
-0.020777855092782183,0.10291525351881511,0.027414375276151155,0.5147554664784039,49.0827544478292,0.6146316914872386
0.05665768135450765,0.19514337886994992,0.01570508264771788,0.520533221783466,48.93172673383742,0.6799033533031722
0.18864700501189083,0.19706653039041772,-0.04955314892107311,0.5035760430315842,49.31935009430362,0.6887473482850737
0.1923990606593572,-0.05092521419492779,-0.11368653798102342,0.4985713137084497,47.772133014165135,0.6966032274469262
0.03104736876966816,-0.07321124547346212,-0.009841852685923348,0.5078001704467083,48.78197995323629,0.6974568449731166
0.11581914938809786,0.06086933861592784,-0.0200937997865133,0.5022942863742114,50.06522465944623,0.7044037862841027
0.2889034999841359,0.12289270883937368,-0.0222853964086392,0.5012525602956575,50.55658230806696,0.7306477879625279
0.3966691897568029,0.1309651549271319,-0.12040148514367406,0.4908050750385513,50.23949180007345,0.7584702697520691
0.6734690140293299,0.2180578568474291,-0.2466418111121592,0.4870081458500767,52.39807852690497,0.710939190732703
0.33095671766399504,0.19819220754612482,-0.29025103702789645,0.4773412426245284,51.98955895106178,0.7615625079158954
0.2782377615274944,0.20473424751489727,-0.3500811334706618,0.4745099972659612,52.72488707979098,0.748275658039851
0.2948582767924043,0.026220819245425908,-0.35951579296336855,0.47020628333171766,52.47488456234191,0.757406538959428
0.16531904823967436,0.02927874768027804,-0.33726825824038176,0.47549396203566163,52.7963116655189,0.7392693861923593
0.13904631967152054,0.06068967313003394,-0.3611733209008058,0.4809025228669057,53.84846048115505,0.7743042118096921
0.0055161999550030535,-0.026944586697873713,-0.5024468748488198,0.47821828535382715,52.93934862334114,0.7700547008406318
-0.05187575309653025,-0.07379776255321423,-0.6621818253369078,0.4894879172159966,51.22219683776782,0.7907229114098812
-0.16925335630889318,-0.04953095030400527,-0.9197331128140334,0.4846901158886494,51.035430697107174,0.7880362723244371
-0.0171665516406871,0.13713898851307446,-0.7713595305980142,0.49742285043805123,50.85967210957752,0.8110218322537399
-0.22474314276639315,0.09627838750514199,-0.6667717007854095,0.5078299991061177,49.478567436798926,0.821877792859532
-0.04290319636367812,0.19780852841500204,-0.9380588936293129,0.5141864878656559,49.86310155885053,0.841935098368776
-0.17455435487659485,0.2268114052443726,-0.8967061714047633,0.5158520304887055,49.1131773916017,0.8177050027541733
-0.0910040536471452,0.09764148383829503,-0.855322921436016,0.5166990114015345,49.65808711230379,0.8310896370450935
-0.027513411351530702,-0.11982080472403785,-0.6493537898267527,0.5226033530151667,48.743825003193656,0.8772382854146106
-0.08895071309872547,-0.18306538137438982,-0.716717845689147,0.5306325844646411,47.937035075973185,0.864051237658598
0.16184771795575872,-0.012489303972883104,-0.659328647232887,0.5319837217301459,48.10937041945424,0.9114905958045988
0.1942374579573733,-0.13934141731845745,-0.4210224117501138,0.5242037331918753,48.62629635046264,0.904505394440301
0.25610549614254685,0.15433366348399194,-0.42165164632579744,0.5297545629465299,47.93112186062679,0.9221352430041282
0.038825578563719355,-0.07421564447863996,-0.2837870087353765,0.5166803336620175,48.60755733749283,0.948213846408418
0.05860118201436659,-0.015225058571028604,-0.30765861865357325,0.510915444060852,48.06721385608596,0.9238057837638686
0.10095452327352891,0.11708930113701785,0.018276127727938785,0.5209869077886669,49.21197431344219,0.9285102658916744
0.00549352910183003,0.2250113437920686,0.46123031412826415,0.5124778479894003,50.22812142895602,0.9674340517119764
-0.055719858678860444,0.573570111775459,0.30580120397167715,0.5096335266518167,49.4077465025445,0.9701902712785936
-0.06177464614378061,0.8710594530592983,0.33979448926847283,0.5094793816875053,49.29114684193094,0.966253393803574
-0.007572483819771346,1.1266031741239015,0.3499093166412533,0.49715341195285817,49.87987935346737,1.0078291593391189
-0.0816431441855623,1.060169295727749,0.34070070674899106,0.4903057228107374,50.277552254333386,0.9857551138032014
-0.23217317704234838,1.193763054960105,0.32238116635165015,0.4857876472925412,50.23776736988755,1.0006554727511157
-0.37038741208911385,0.8833963917868738,0.49337157913409546,0.4812540661279755,51.00956929193923,1.0104244530166853
-0.3337387580709962,0.8585731003368295,0.35992496278857555,0.48394669947812724,50.88007856661589,1.0013081221020306
-0.38048547405032196,0.8403523613024781,0.3716935839417774,0.48864913937137766,51.108875848173135,1.0315517077897278
-0.3566884336206478,0.6696947408196451,0.16950674844868022,0.4762222089425151,50.08890644298682,1.06793520354797
-0.16921705684292282,0.4243344840974528,-0.14770170730124627,0.47601164680960106,48.79117793032655,1.0588993663075237
-0.009495698145268072,0.28839470820593194,0.01944754430161687,0.4782799280094269,49.485139003637975,1.0606212685279788
-0.017428647797013787,0.2636604430301162,-0.2656716564370001,0.48145132609741764,50.01426974178813,1.0667646543766869
0.008529841894075912,0.17066671610460218,-0.28157079215501624,0.48553295023828136,49.68717363638382,1.0866173405681272
0.02525875993803321,0.25973886631645754,-0.18423136276753022,0.48731562133989115,50.33729371910039,1.104995332569784
-0.024366491103770184,0.06830568431289075,-0.2328562487974987,0.489798367492722,50.40069698641977,1.1121847766177952
0.015761449910903343,0.10463014704421973,-0.15422985549520266,0.4880408766059864,49.998352566831194,1.1033627027635604
0.05677071884074225,0.11533964035261746,-0.1699847921013444,0.4955279733625552,50.40468409498807,1.1264956318822024
0.38403745329449207,-0.07040473858714588,-0.1267860825247537,0.4940709681922488,50.912785631691776,1.1395987948229658
0.38164472426604007,-0.061082507892475504,0.09383945916296425,0.49870423398953684,51.288826550686,1.1198561002494605
0.37210916910100683,-0.02736261677162886,0.20399982388195853,0.5118661764776051,52.12599293064331,1.153364610823674
0.18073419829248874,0.05491544983336014,0.22842026796209206,0.5095217801371212,51.87152563993673,1.1167739222739528
0.047123409530410984,0.023037934458234276,0.4086500804834481,0.5116445068474518,51.59839556749589,1.1796506741964237
0.13636544819269594,-0.08764959957742345,0.46381551837845364,0.5135445434720243,52.27024217816612,1.1932068610912536
0.2197181393210494,-0.04942151402308335,0.4680451730200274,0.5143276451698233,50.375550423313776,1.204950922515729
0.4914132518383176,0.18742260396924987,0.45005284110230637,0.5141494422620155,50.12225341445858,1.1920990629566086
0.4038406901868248,0.26557015727053074,0.48906540871060217,0.5224846148538711,51.50855071218086,1.2161809367004806
0.5388118965693913,0.31517581647227544,0.543048704812011,0.5262554603236963,50.70379623657608,1.2484790769108234
0.1530173753246939,0.406457391533681,0.46119510025032884,0.5190978487859348,50.21000094240545,1.2582753929658252
0.2316539774658925,0.3780766195372931,0.40217697295767535,0.5174747542172924,49.795878243268945,1.2394165460154687
0.42125960209658847,0.49969806937248756,0.24289752741223172,0.5177696053752845,49.408500940481005,1.2527863926145912
0.3263919428371033,0.5373835626681827,0.24918841579148712,0.5205723704507423,48.086260653308464,1.2822182228946886
0.3873447699218385,0.6291985840663713,0.20415165177427874,0.5195784501277443,48.108994561987785,1.2399839596947566
0.2837424212621601,0.6833041613471119,0.35251410171813236,0.5274461209714234,47.90610151103629,1.2735384851464595
0.15891634886492198,0.3865049984112393,0.3218292902348824,0.5272628680427179,48.83946916660288,1.3167114091107353
-0.07453839266293663,0.27906209057627196,0.48098538638697474,0.5309120071090478,48.99111457994913,1.3195040108336953
0.02397144658019936,0.04458022069957264,0.36128830063838924,0.5258228287880151,48.15870542930082,1.3173852755529982
-0.22182355960296177,0.10011723902948141,0.29219134556875465,0.5236380400528775,49.06080785560694,1.2898833518933877
-0.033564413977156184,0.18187274109841006,0.3944976172449094,0.5301615148767782,49.27465187421952,1.3290017953391768
-0.1834777504975042,0.17306160554513858,0.4732844461945812,0.5364822617399243,49.21873921773147,1.3282016920750015
-0.24681507629368865,-0.09471172612551212,0.5956848722685414,0.5282158461759966,49.69272750606234,1.3566207780563444
-0.22537197673118428,-0.2312385090355539,0.547267112125344,0.523031063030692,51.093689236885446,1.3438130663041026
-0.2002335591084153,-0.43826110880251656,0.5031983264137863,0.5211876172243934,51.922143838249475,1.349485532100508
-0.12813217759715312,-0.5057960131684703,0.18179550254655402,0.5025163808035644,51.547290219454645,1.3387026944463274
-0.20015624754586941,-0.6804886541412868,0.044360821520474596,0.5030815627336718,51.63015761006901,1.4144360936995342
-0.021629114695783887,-0.6967569323110233,0.05745981147025932,0.5045236196895069,51.87892357484152,1.392004589771139
0.10294365953491555,-0.3421159990613163,0.05672162429135628,0.5113945290321833,51.36826209888252,1.4131429156740507
0.04914050373446259,-0.20773501199855993,0.21005108477580073,0.5175055350224051,50.87419790954418,1.4199552376705162
0.02095944280723419,-0.2381125420008728,0.09582811649377394,0.5217769201119921,50.243732036668334,1.40865132134079
0.1396049419385162,-0.25115826082377923,0.04098653820448024,0.5162851960161751,49.653396136172866,1.414818701771036
0.0635085848975526,-0.04423869146314986,-0.22069227021065502,0.5197925825322212,49.984480045393624,1.4298936974800551
0.018853639326427474,-0.19486540901250313,-0.1514158645088123,0.5280041053539467,49.510017257680445,1.445536631223412
-0.08027107407837328,-0.11084429803791798,-0.4272171979213203,0.5177199204700804,48.912291985050025,1.477332124940276
-0.1087138429705912,0.08332725039802731,-0.2816009993434457,0.5234779009066678,49.22456432896103,1.4640856467295875
0.04478585227918228,0.4938186311410705,-0.4050438149673427,0.522403808089593,48.69404537394528,1.5249298126318924
0.04780394013641633,0.48712655102458624,-0.3837440162290762,0.5076597554998253,48.50938746482572,1.520543020717863
-0.04755071805906964,0.2901058533663628,-0.25899634488827555,0.5070806934183303,48.396273778513304,1.526167190993314
0.0459099295222634,0.0367535102623671,-0.2760198280702202,0.4962365802277279,49.08869933673814,1.517606821950537
0.05138670966819268,0.000346937543455772,-0.10451149661297146,0.48288952421487286,49.150699055809795,1.5602856147144095
0.055420473856277755,0.03849209141592863,-0.23145145337608156,0.48832303973949925,49.94447953502579,1.5356398873775776
-0.09348215884103075,0.028923053516491503,0.05841140353857066,0.4919087958203088,49.24711849988663,1.549374771716915
0.21750515964431244,0.22069189708509312,0.14346701314274868,0.4934237809839672,49.73141442006302,1.5633994907949855
0.3976489093269782,0.11076664906155949,0.4192824796524561,0.49985728318126493,49.471706493442255,1.584036460810867
0.22703919932808286,0.18399931514549003,0.5518915083284786,0.5076594477790579,49.228468584966414,1.5927381615800598
0.26371088915120655,0.03476546967924989,0.6046668796003589,0.5140073133729525,50.150417344654684,1.580497494431108
0.14190823337694614,0.043215984918848996,0.40197340993443953,0.5258683929924425,50.19490775430622,1.589340125611481
0.18668666908455306,-0.010565970951789317,0.2637311004755481,0.5216508236556223,51.07692859261224,1.6227980591430418
0.3712634954262019,-0.16461990127697992,0.1645236296140682,0.5244221459630554,49.8979274081834,1.6343047316778248
0.2666846901579898,0.007044510789558545,-0.09287535923636545,0.5389069779803524,49.88065207148021,1.622132977503543
0.33442985203561315,0.10394862671540202,0.12468199769718047,0.5340457276175191,50.03929665081517,1.608256238606431
0.44785788281495914,0.039651157348410314,-0.07558236398982886,0.5410990198463381,50.408157229922026,1.6458536780798352
0.34420124398299173,-0.04443639652597994,-0.13319362543864974,0.5374786520386987,50.44331194229919,1.6724705159765174
0.48721204644026705,0.08804725733891194,-0.1662158352165935,0.539403987238056,50.576221364439256,1.7061083369283956
0.5825183808433042,-0.21690434821924706,-0.46148078184820995,0.533227307755877,50.94524035669777,1.6560408407531868
0.44220419982723164,-0.2421254188231722,-0.3234882966263747,0.5310855193897067,49.71409628203197,1.6814685749433884
0.45143572017047073,-0.15999038439969843,-0.43190497987405535,0.5209803523345438,50.6507474188309,1.6922119287694923
0.2918610275827411,-0.21012632177539348,-0.3775520140171026,0.5225161638492459,50.317452166177496,1.73711610678863
0.16900609502364955,0.06222533449501104,-0.4611283489524524,0.515815513276559,51.16405658243642,1.7193011699908274
0.2859043206235443,-0.16126554857698697,-0.15638758661181665,0.5106577610185048,51.45556718212096,1.7118534688125546
0.21795058391517333,-0.1877351030164302,-0.18720222296234734,0.5187561024457199,51.56311611504016,1.7511739056584363
0.2601056124081853,-0.16259465850790977,-0.15038400565668655,0.5116393959422424,51.078264873855744,1.741907229599181
0.17991458187958626,-0.3302350747945004,-0.058906436585377905,0.5025522130644867,50.99822941958921,1.735512254532841
0.13630348761298255,-0.2647832240927458,-0.08614549954905379,0.5127434855190374,50.86734456655815,1.752144533854477
0.13509141217253332,-0.18141595905744898,0.1506201665143369,0.5177252724587853,50.78655011173921,1.8146808390884523
0.4831967415503035,-0.2089640979978101,0.1439528721885957,0.5128693818333308,51.954376354605486,1.7976841844329894
0.6354297155724159,-0.26776180921045106,0.36193777600547,0.5225090891480736,50.401035692018795,1.802155201109051
0.6320097847103906,-0.02689729492420718,0.49639392876622335,0.5262632065112827,50.148058782059,1.8050021252837591
0.5333455021287492,-0.1572634330122623,0.7068320410690143,0.5285325281848795,50.03507540026339,1.825842976842376
0.5481923424544626,-0.014865430538677202,0.5373342055699655,0.5289883790387402,51.509379935477156,1.83560471892005
0.49889178027193504,-0.018054941722525066,0.2810665878711934,0.5211217399797061,51.29348177986835,1.8458433765641469
0.48828830106060117,0.05539160425998516,0.1748439773576286,0.5160128583372952,52.24762018342328,1.852296901805555
0.5350266706132242,0.23512077840470608,0.03655981437411904,0.5245827187194261,51.975248492194794,1.8773759667661112
0.3831051679148647,0.08251589607710418,0.13088604768988746,0.5073519732627002,53.131506294596456,1.8704620869200148
0.3256062757148791,0.0737878687184846,-0.0361248645029846,0.5067477151672846,52.25044817197664,1.8604412232889471
-0.09718056712960994,0.16399933775100764,0.18541915782451585,0.5136996673089432,51.955919642076864,1.8777515421819828
-0.20368400082975335,0.03730035385580012,0.3110139533580358,0.5156314049509823,51.766565743736564,1.860419626130206
-0.03161356947271854,-0.3691265924100847,0.24434783352813705,0.5189930413582567,50.86267378660521,1.950536342320848
0.09759985102947241,-0.22331659307003077,0.1786597075200609,0.5240919452497008,50.789890635451314,1.9372550918390536
-0.0745064720829856,-0.13851925691976089,0.1289238423889731,0.5205816936785178,49.81767675908227,1.9133985900974153
-0.03412730468222301,-0.41712231348055456,0.19957813815110886,0.5279603336953872,49.75144742037249,1.934363103012058
-0.0662808198354892,-0.5868341076514153,0.30368821767247106,0.5233375152162394,49.40993027922125,1.9372624705158712
-0.20127552962989764,-0.5419910000521705,0.3420917631878483,0.5224085132390643,51.019713694016716,1.9908509442274824
-0.1779053314865982,-0.298966832146221,0.20893586635355038,0.5248938285872582,49.92665129045345,1.941602456714581
-0.08669029155209843,-0.2135566022873608,0.35573127868696214,0.5297078857884897,51.062472267391705,1.9822895211763756
-0.048787802583514964,-0.29439944768846416,0.0993951043881748,0.5316382904332203,50.697627298080675,1.9878294431487031
0.032357224941074805,-0.20490335357394004,-0.24266765878339194,0.5316433578946752,51.665163565212595,2.0165367726141823
0.003510594428610336,0.22529117371678656,-0.38856059375906077,0.5330463402141699,52.806480475783744,2.0079198154455065
0.09112114061617699,0.11761061241501372,-0.43676743508807003,0.5271711845086475,52.45963817069056,1.9848358224668912
0.3217900199739255,-0.052130235332183764,-0.22642037422240618,0.5317207468556487,53.30648650154759,2.0249776433071514
0.16741978687615747,0.13646049303024432,-0.07521581762527713,0.5270395146481889,54.044645414841455,2.0205567556411337
0.03582034119482082,0.14267253970181434,-0.21615462824562287,0.5382044721234349,54.173263746391534,2.051591590931131
0.17642440781885943,0.09359598222722151,-0.1929688551766046,0.5422746671298483,51.47915602421451,2.0886835407304067
0.2131452885985868,0.050886118129455205,-0.223165798380749,0.545313912301526,51.43488694443454,2.0352114951153544
0.25954398166765097,0.0816865116999648,-0.1479569365750017,0.5427611338552463,52.53848650884263,2.063995545292002
0.7598289567992447,0.12982329263669695,-0.1791860987327851,0.5425709963771139,52.75498604816031,2.0789461409243297
0.7818540681167925,0.11950364688207402,0.0025884363225666287,0.5369357034742668,53.16612650949744,2.092367378091736
0.840046975781088,-0.1737312388759627,0.22156400029626547,0.5314136350480577,54.013362510832145,2.1248025132821047
0.82785682409594,-0.020252006222345798,0.13456559492153455,0.5306608050485213,54.3352516729556,2.1165291116487723
0.7883305403060888,0.05245531176784679,-0.1935575911822539,0.5165704836183636,53.01203955375195,2.1383160545144086
0.8952853489208227,0.08325350965343493,-0.3072154381287005,0.5183416131739599,51.212938869098934,2.1274845391253647
1.0656795712447211,0.4984689642902397,-0.0694719979752501,0.5172946886924203,51.493795112534386,2.1545984869083585
0.9376083193531572,0.5166490605537761,-0.2696528363231684,0.5193241031572269,52.245671041925185,2.1755559526175543
0.8632626598709947,0.2795739467237492,-0.3977805990988591,0.5116439682671173,52.5213988423259,2.1553540090052583
0.763936332740539,0.20520209681803947,-0.5508081921869367,0.5073281377805418,50.552122853159275,2.1956271623961303
0.3875653938967584,0.34585385497679116,-0.4481642488725271,0.4919985124009421,50.541982879074624,2.191047455374551
0.562656995777852,0.38693385994856944,-0.3184170568831974,0.5023317031700588,50.01438158332892,2.220909204809645
0.2630887087836767,0.39999698001294587,-0.4969554597044266,0.4973497678728423,49.434855135705355,2.2059716019984603
0.23702934775486711,0.4041807327821978,-0.4090243654160723,0.509061948344962,48.77511004693175,2.227624893103242
0.011333431788381466,0.3457218809560261,-0.15356507533766867,0.5264245609074591,49.8016243000771,2.2291878753664296
-0.0036180340434679827,0.5516714869632906,-0.28182191453108063,0.521062270244322,50.72798103643315,2.2380757547591887
0.030094899887001248,0.34093737377671685,-0.42415447900978365,0.512496777963322,49.55581266473264,2.255178608564514
0.11452021953336403,0.2669017304007206,-0.25282008432806385,0.513081254256432,49.91582691899328,2.2707361493844984
0.031142398697493624,0.47075430861019785,0.07567474575302613,0.5187504019159004,49.85208731039326,2.24500870176152
0.008863178837466457,0.5207474563099399,0.07016736041636745,0.5211600315336857,50.56444015960441,2.3086726721763577
0.0693503360753611,0.4917520899289339,0.01879477973738921,0.5299805916365183,51.38527309451264,2.252806739189004
-0.23443738748064408,0.5294701676310524,-0.349706732436263,0.514369253282531,51.257337111524784,2.2863037578052223
-0.025350212980212495,0.5892341369901491,-0.3688580393195783,0.508790145354111,51.07037847164884,2.308114618584702
-0.08870425174422317,0.4335280973273301,-0.2820071092110016,0.5037895078058965,51.083345337539086,2.328247119381719
0.008122096897219622,0.6039104246657931,-0.49526918792051466,0.4963953301124344,50.90231457743296,2.3615234505548277
0.2704244886917549,0.38367495085983194,-0.30203919765048315,0.498275792047156,51.30006446466858,2.3028341702354975
0.22563612750987874,0.23587713499061486,-0.21814247191038283,0.5075619952555754,51.93443329407872,2.339846117432206
0.01740866321763106,0.18566890364800215,-0.2710823828471354,0.5118203148134179,51.04375562015832,2.3174633302440144
0.14454336877056373,0.10049901106028443,-0.29860047973445203,0.514822170649136,51.75592202600323,2.370632439478205
0.15060988950278112,0.3005377889583061,-0.34353566880229536,0.5127497131604076,51.06893529001992,2.3854336716900004
0.1686082443719953,0.10907896704710429,-0.3672834998009545,0.5178075255366235,50.09937804632312,2.421815914843425
0.1631076299834982,0.06359946801138007,-0.05707174935920366,0.5200715990170657,50.40392268305964,2.402412695217869
0.13070292316167015,0.2900290260784578,0.024807786112554246,0.5324826636430383,49.87260149376628,2.4308805025888476
0.17735926335239385,0.34699170721207995,-0.07883881395775638,0.5342516315162879,49.684586758086844,2.431676741630781
0.32980961381304696,0.28980464210538465,0.04216962803832053,0.540603530546641,48.21948417812315,2.4212950360598966
-0.0038996395420038744,0.2176146595277982,0.10808958308455226,0.5338281753753114,48.49497608536751,2.411820785064159
-0.10002686907484051,0.30138205259921025,-0.1412343967119357,0.5266850390874095,48.43954478948202,2.4555000459658363
0.05570765475788393,0.3787517210601381,0.00928532801096027,0.5165694706967418,50.86266514528201,2.430157959657093
-0.027555903693370704,0.43553665109522577,-0.04102912481527436,0.5185745883322087,49.650429477769634,2.495904141453393
0.21588296309463711,0.34859460135383386,0.09815052317873954,0.5228242640222098,49.81069191111379,2.4767587579592636
0.1718525969941696,0.71487609400757,0.23889374165439667,0.5279500601504823,49.83078239348654,2.5139035482302283
0.12573107168699443,0.7709893026880993,0.041062153113957486,0.5324028698537515,49.78032542834838,2.490395711317352
0.22970570682222133,0.6629187158312204,-0.04522184508411092,0.5289422013450789,50.150650686094664,2.51537701572802
0.39213739490849825,0.690893122139973,-0.01506618957375817,0.5320740908369737,51.21071964505309,2.5241869771466936
0.4095231978296601,0.6109111502603782,-0.11550578397375064,0.5302987837441488,51.79054720423967,2.529099117639782
0.37833063822289575,0.7515707244476828,-0.01311570731220193,0.546463764069213,50.74640083138566,2.531346809732068
0.36407215080342487,0.6797717107394624,0.10655860930439624,0.5518571396899188,50.12703454687486,2.5578491203694105
0.5389725931212419,0.7159040718933263,-0.0645460769983505,0.5506058321170817,47.55876037950019,2.541476734730336
0.5342533660997945,0.7496626629125835,-0.010124301828415982,0.5435837148277585,47.80405136540869,2.545811293420819
0.402804681169367,0.5308416382545916,-0.17253084961851825,0.5335653899402357,48.12143468375713,2.6048565378665365
0.4404847116992645,0.3864449671920822,-0.3314662150171378,0.52953505633341,48.09556061798884,2.604543359777842
0.47459485625801995,0.4607649936311586,-0.162196121027544,0.5380958271072972,48.60284415184377,2.601317832172045
0.37757092222942173,0.41695034630028155,-0.12418066308151081,0.5499734595623871,49.45910888887108,2.6433028476508755
-0.1580566351956896,0.18589826326813594,-0.10430708124240548,0.5485835853862214,48.99268925097816,2.614644689625503
-0.36302712910117396,0.16100453086620906,-0.07850754223327008,0.5530578528378567,48.5921708522071,2.6564540643997794
-0.23563215136202928,0.25742743820259834,-0.403090832593498,0.5439624728752603,49.00676212024196,2.6435114816985164
-0.3112722659888298,0.2852526100130605,-0.28489690393536515,0.5368797130331037,49.61310675581857,2.629504984998472
-0.27400745423126927,0.16904812618305548,-0.05349152068042469,0.5470586520453697,50.40347432147873,2.696960803835417
-0.3455398491823951,-0.012617282474114843,-0.0717328626208489,0.5559556568370676,50.32079734209773,2.6898142169324815
-0.4332114443836569,0.17267081373075213,0.07136589985304462,0.5643933992106785,50.151704013262545,2.6775795793798087
-0.4968859957149222,0.11392815146443291,0.18056364468188663,0.5631629566966629,50.28129968188584,2.704543425190679
-0.25935082336744303,-0.041104728160075585,0.022242667043728858,0.5589788592501307,49.348974196715076,2.691925931320042
-0.3962697065961477,-0.06540847961598897,0.22613757143647023,0.5562940920990787,48.8462683090544,2.726582980701191
0.04488819890931488,0.10817303240693572,0.25606653511027494,0.5586964526181591,49.20100212355968,2.672178428694321
0.14906506542776188,0.07728604969297621,0.47254283440555256,0.5557463207487977,49.649788099395,2.709603973326108
0.07688581174534215,0.10969600101025692,0.5510439639127599,0.5630183760314927,50.575821279256644,2.7595851948857395
0.24858927365121347,0.08032259734545862,0.7010482331761482,0.5715137271339477,50.39284878812546,2.7450068892356216
0.10596890909845631,0.3025405096839468,0.6034278735564321,0.5651004410682987,49.919663925187415,2.7641508458977753
0.18967615546169947,0.5057214440254612,0.6572491172048538,0.5669378199382793,50.466060375649654,2.7430642867576913
0.24137560891345897,0.5220623682162493,0.6584825490569433,0.5595710819788904,50.39123571913548,2.816957339914042
0.1904849877817332,0.424798817150754,0.564714809879342,0.5630466415938168,50.75230022529365,2.8138105928743538
0.0584241896833058,0.4896368731278319,0.8120584235229288,0.5556010587393073,49.87538443698175,2.7959862956324937
0.2689382685364138,0.5244715906966564,0.6562003428363027,0.550753950130625,50.47459911624109,2.8019060828627333
0.3119383712185123,0.47384905655447335,0.439617890976837,0.5401962116710213,50.63770942513945,2.840592087228394
0.18784831151692802,0.5990978402029313,0.16507095303875544,0.5403850140813037,50.34994165697979,2.8696494090033786
0.5000173103704091,0.3202281291664543,0.2201470755134093,0.5361293328454614,48.98216839488372,2.859075205116227
0.25931297927489116,0.47179995196019214,0.06969817971571202,0.5257281995491325,50.31548046068339,2.893436053347932
0.22494329649704511,0.30419420717425066,-0.013118820436226203,0.5302805056210099,50.76283877867267,2.8415529734187617
0.3445115011444416,0.17275040459573693,0.053831648099433936,0.5237510376188925,50.16250528145443,2.8536122633900245
0.3663452757020023,0.10181993896200256,-0.1643235855982137,0.5352722058238676,49.445331264417554,2.856221177638933
0.34332147968917825,0.11966330988984712,-0.12475453199872306,0.5301523357626721,49.11644438906866,2.8988352129929895
0.3118723164113853,0.13853151803016112,-0.4262482222432961,0.5382450146450544,50.21156684503165,2.9035120709960873
0.19707395177645665,0.09403255003344776,-0.3639555815381543,0.5321711126926165,49.88023338550545,2.9069609775305603
-0.019749409249440346,0.2721043028786324,-0.17633708448210966,0.5335931805842223,48.8516954302236,2.9361851725624657
0.18970714661840635,0.10564224370824478,-0.022300042967467938,0.5286760017449567,48.848938271515394,2.9546465721042936
0.01282015403234379,0.2367560178053137,-0.08974636566564018,0.5332720995324208,49.82095611365737,2.909486751814263
0.13945277074158785,0.3124528158914332,0.007557627325109095,0.5497757240188768,49.49533616005273,2.9380605594419777
0.2453060640715306,0.25945325018716253,0.11774634076251349,0.5437893263616819,49.08559789907336,2.976402871882461
0.2179190917937932,0.17213462457384088,0.0545610902258656,0.5522061302257457,50.05059532942014,2.9606452263228284
0.2718209131872453,0.19576845941156565,0.2370769500849137,0.5370949687896622,51.209540260068785,2.964035878472837
0.39776854564472525,0.2401889720023806,0.28106128310544054,0.5312603525971407,51.937979995237484,3.010370748553008
0.3363960658713049,0.21715443880865654,0.3925273469869508,0.5246323146458785,52.023877584727146,2.9742099986055206
0.3303928516005505,0.3141353545121227,0.4024690814821349,0.5228005752303627,50.412140040429016,3.003968403844178
0.46477348409035724,0.29104960864902285,0.5772204405002569,0.5179722536951734,51.04284352619383,3.0265728805160963
0.4415650972146604,0.5371893978957675,0.6426778974372933,0.5224734006929797,52.340206794480366,3.018523601721798
0.40448818550480026,0.566105142660425,0.6564633446570587,0.5172625090597396,51.67500043038086,3.0556631131202634
0.4862266796448031,0.3486583143191898,0.5650159813601234,0.5109156098653496,50.98480087314419,3.038622460496053
0.5247479779633799,0.5165206539264678,0.33188675871990314,0.5185367913112833,51.68945825975824,3.0881723898689186
0.4355756832751954,0.774855181494922,0.33112875767781175,0.5146235948104694,49.70609223950471,3.0674850740500847
0.40971400579136247,0.7107728589172205,0.3894982217919393,0.5289037570364616,50.53014306931064,3.0934254027341073
0.32724665263867114,0.5959335872826441,0.14488825745073936,0.5346700018673236,49.54070052265532,3.1049204790596563
0.38909282969121567,0.6721504813104329,0.09975652799976756,0.5336718864633407,49.83582638248112,3.0874491999451186
0.555703415192691,0.6117654889267542,-0.013755529435150729,0.5458664600712603,51.060762735981584,3.068930269026882
0.5642304858622271,0.331598224495621,-0.20843219544009578,0.5509818006129044,51.77270391814989,3.1272151150932768
0.5852592192020037,0.3059422450414885,-0.43608354683836525,0.5443817838150151,51.452808032858876,3.1314457669424973
0.7186120555969109,0.21199939777969234,-0.3238680287808763,0.5447054921812442,51.78936686947084,3.151116520551503
0.7096944977123678,0.227643672037578,-0.3345050014726057,0.5383873698533479,51.54373977049552,3.1454694505523433
0.6508381015460811,0.1941561720006538,-0.22426036215306316,0.532990813769405,52.03787983579268,3.151391446023986
0.6796833610533778,0.023789783515486256,-0.3567211451449374,0.5335259576679716,52.5580640865802,3.210169460219634
0.6581050544682776,0.10857017689409502,-0.29655337564800527,0.5321218097400623,52.05248347183,3.1505529187697845
0.6660248105579579,0.16304630733062234,0.05632636775557032,0.5281232800957574,51.960796898831745,3.204679009567285
0.698207323663011,0.1042206572459808,0.1245060019036827,0.5317626794291541,52.341218976404264,3.1885079628363324
0.6485601372910427,0.09087594290939635,0.09196059800410698,0.5319882328055133,52.472367278640306,3.2032844276451917
0.4849112303519519,0.38259578262599775,0.17152473740091892,0.5375587533147005,52.17276759721627,3.213657943348521
0.6135137906034933,0.3599622003387084,0.2570268911096304,0.5527550192618673,52.017881905745185,3.2139313145165747
0.38307896802114944,0.3205229857560886,0.20454669624961835,0.5596882087662087,51.266303456765776,3.251424484204725
0.2602745188621598,0.43874636263045536,0.25372204866956394,0.5701166879621029,51.289844384158336,3.277812871918999
0.30860510536572944,0.3525238220885966,0.08257075125821625,0.5654074563763829,51.23426166510355,3.2694002732249334
0.419512846704428,0.41485147096525193,0.2903375319008491,0.5676494477833446,52.261458188591384,3.272067639924242
0.45022298944385863,0.3812068576179295,0.19309226983365657,0.5657851643352412,52.53615589393685,3.2602711900180155
0.5267866420901144,0.6091456993808736,-0.01324035778986131,0.5676623649062899,53.294463514063466,3.3003365053164893
0.5165771645892104,0.5360603583525274,0.026549773314177183,0.5710839277303081,52.192118700564414,3.3431269926345863
0.3680508211799953,0.5276551835255469,0.08436679867324079,0.5705812796361261,51.72058482320334,3.3023861075240983
0.4581681416057745,0.45240401187447077,-0.13751670007092173,0.5707463962590895,51.457129597370496,3.312480328412963
0.1819280391690766,0.36112112221618536,0.04813745879063014,0.5561216613122483,50.26626112028868,3.31877821738038
0.3807565469438813,0.5352310196412974,0.06656714022554507,0.5540762742681157,51.98631857350127,3.3302117153101114
0.48818446635550006,0.26557358420658284,0.037259436239345085,0.545309830471548,52.6447044862183,3.295094008926553
0.2905384556093013,0.21437352382979974,0.32370742018900833,0.5534755480752603,52.92917507876765,3.3681007077171143
0.17994839833076767,0.027359288870213307,0.09011834008924102,0.5482824552363195,52.062693162513725,3.3530889564729076
0.15954435833617392,0.08623315375388431,0.13055487570135943,0.5475966172427376,52.10162875286911,3.347794737624164
0.04105214841240782,0.07404796035901204,0.14529747920922773,0.5543257003922434,53.022888889695004,3.405063798994651
-0.039230417576484544,0.08652147376889756,0.23925537029455168,0.5484276143471131,52.85294862018826,3.3783596442991612
0.0755785370043492,0.1051428180881637,0.030647090898879892,0.5535704913020523,53.64382954933105,3.403226618922325
0.09320953457890815,0.11466183201470255,0.1942151893607753,0.5421038622571706,53.60007378924367,3.4493288478237716
0.1109461844760657,0.2617394775853966,-0.015203300821414861,0.5436508521042185,53.992026860950205,3.40181568403951
-0.03295482314448239,0.08958181099858167,0.024247829156468493,0.5419325762425758,53.408895866895236,3.4093480353080445
0.00567070502455444,0.27562160714216644,0.027309432990080873,0.5481850440417441,53.611972063955726,3.455386123791247
-0.05587321316286746,0.4790814490614923,-0.13825073540799632,0.5467422091006761,52.70503945192746,3.4829897472802074
-0.16376621015216436,0.6365429952398436,-0.106994477928041,0.5481149651796657,54.085447645290245,3.438513165645361
-0.27618898142191106,0.5610422347288078,-0.16505080654576712,0.5514050061215938,52.636931324548605,3.4881537947367436
-0.240446445029639,0.49065734375377684,-0.22759352204587896,0.5465614031157148,50.78095175864051,3.501619990799234
-0.12641885263013605,0.23135087333404775,-0.22771483188078592,0.5588712372610807,51.51683759695415,3.4588167903261535
-0.0025371558013127294,0.3165924146325871,-0.051555411748851365,0.5534849667174659,51.15097730131898,3.5259700267581446
0.059446945691076246,0.24475146703497402,-0.33198740551535894,0.5670974780755784,50.79928354759388,3.5375321175968435
0.09486220651490582,-0.05392781588504329,-0.3088301474576137,0.5653979921316126,51.983445652534535,3.52376428853488
0.14077921256952858,0.09049959451295965,-0.45555342646389685,0.5632929498164871,52.009598786547166,3.56504692724596
0.018036078653043353,0.2046003877822244,-0.665328028605282,0.559012008497319,52.02901468242609,3.572729111486497
0.16170799548659606,0.0939076103676597,-0.7179507048038068,0.5546293394783419,52.27515770391498,3.562062358514344
0.2743033053152971,0.13965748512041654,-0.6354350730613758,0.5568600731696904,52.00063754060714,3.5609710921935016
0.37913437975740905,0.2824989862858542,-0.4911470552392901,0.5522620532107652,52.61834205531733,3.560543442148341
0.31847079685642077,0.3144576594139923,-0.3698069869797416,0.5568373790039166,54.39977743641604,3.589248729812676
0.34002948800379684,0.7493491786775027,-0.5142982972049988,0.5446634741563823,53.93235381639126,3.611395178394084
0.34648255389215876,0.7563462328580487,-0.4314297595016542,0.5492048909060452,54.97945785496488,3.603516462779187
0.2505553730093304,0.8298690020873979,-0.1862825704498595,0.5405020651146686,55.36233653555223,3.5760499798947594
0.30743519449862655,0.8533075476097739,-0.21790300356246367,0.5465723196741348,54.2769318356125,3.6553742778915312
0.379066010743066,0.7781528758707286,-0.2291274901598352,0.5510715176047154,54.702672316579424,3.643804464436898
0.43991169630132265,0.5570341988492611,-0.2408253911473829,0.5498636044539302,54.343701438140485,3.6424075100664632
0.4648870543646627,0.7884451590882591,-0.15571769983954054,0.5592969138061542,54.83797966783734,3.677143167768466
0.4957269546179154,0.6761409601511791,-0.15049579988929468,0.5514931341540352,55.15576545595005,3.700492771929655
0.47393750472204876,0.5278054520572104,-0.2926648515740771,0.5615849106954589,55.55471634736815,3.6239617686102426
0.4800744169747938,0.4520343813293001,-0.36522259361378134,0.5585215971276485,54.238834542749046,3.6986852729984414
0.4313055792596302,0.29297001005585355,-0.3987894627203558,0.5610334571588875,55.14011207947525,3.671467015783793
0.3285463133669767,0.3888342020181871,-0.3831978649273996,0.551085304489153,54.09498908130399,3.7199822101359783
0.48525148527522594,0.31959773898103006,-0.4686446277586292,0.5597545233856889,54.42762197989409,3.722558544047492
0.5417221919569118,0.49982690272091873,-0.3212244013164375,0.5558786944970464,54.045660100613325,3.742714530528811
0.6887408348200156,0.45075792999055614,-0.3056524382442819,0.548315568754604,53.59225924670454,3.7300150477101073
0.6528429220028535,0.40365217542655224,-0.20535568316288383,0.5502040471742977,53.21716360276514,3.712535197763617
0.7183805337769391,0.1259528316126898,-0.3126844334269774,0.540199852649895,53.62540433499488,3.7509926361748662
0.7361702905556541,0.14040957017752972,-0.37827259896602455,0.5555914494352181,53.332168012498734,3.778136952702796
0.9460977703055974,0.08573070407380265,-0.27072158797520796,0.5456418472398435,53.29026707118146,3.8003078465735047
0.9432837164386884,-0.03808809449118227,-0.17720468819454688,0.5498721441025286,53.83669045309357,3.7665633739905497
0.857575311077776,-0.18250824846916353,0.015569527219464464,0.5540445108172237,52.85676130065117,3.8205412085374606
0.7485510136918879,-0.3597520727486609,0.007316560785890857,0.5507607086835629,53.6751598550185,3.79704255420707
0.3917618767644623,-0.4473873369518685,0.029020168069042073,0.5468292980471475,54.33506411775333,3.827248997631891
0.24397408827092476,-0.390270649080185,-0.08130414760653151,0.5538145476595653,55.615534122753765,3.819802120942688
-0.04654262735254129,-0.3072077781904824,-0.05874496048407568,0.5567629886878597,56.194393011366266,3.843643412554242
0.045946303866943775,-0.32038883998845735,0.14991345179666152,0.5639791956616452,56.236259787433106,3.8678375526914057
-0.006395365944348763,-0.28956100157646775,0.1772705043571277,0.5751145424460162,55.018196148561934,3.835459718454229
0.163602313686464,-0.3605011254042373,0.31713788612613214,0.5707493564362106,54.73426281181245,3.856401882065064
0.04037920046636112,-0.28508161488414585,0.30925942543074086,0.5714260047875312,54.83895242090233,3.8836992517468416
0.06423345971869532,-0.08122263526799833,0.4410160348994836,0.5620116678743335,54.405952046436255,3.9380316732206073
0.05907897308499639,-0.12753629883894194,0.30256256257526004,0.5580393386858925,55.18120453088945,3.8827362057566632
0.1689249510631085,-0.10715129663488329,0.32193792208141236,0.5640861728982479,54.52991888949273,3.9508026777199383
0.2500059990750844,0.027879298238000345,0.6608274867298631,0.5669878392685852,53.04222825546933,3.960088466073503
0.48644217411165525,0.01957954654053414,0.6324996396107788,0.552352927604841,53.112315971751684,3.928053776985968
0.6810142486222129,0.03322707109730018,0.5573729259108189,0.5533966275288257,52.75602627155622,3.934036949476002
0.6197721010471811,0.10435712489635877,0.23667183025766808,0.5483644681827984,53.13348299251828,3.9361586960267063
0.41499784684343666,0.10394447606113075,0.4279792959279621,0.5420121291939232,54.11551179009221,3.9586359493933463
0.36348279662144867,0.10012936796628762,0.15065190432472234,0.5440168833723227,53.49349548180986,3.941865611348809
0.2577012245606412,0.17638446781067688,0.024482010161582607,0.5485670268615539,53.51714813652243,3.978475219653588
0.439888017607287,0.04504242510200411,-0.11439129316460026,0.5606601578974778,53.1361490867762,4.0199376054770175
0.3710015151457454,0.4232505776683267,-0.054547682077129477,0.5627912525791524,52.317372275306,3.9877782987504657
0.26258689198277685,0.4062537253985704,-0.08287801347519877,0.5666403945949654,51.85586008023099,4.005185513920218
0.3958493789397187,0.3519981652906356,-0.288456813407468,0.572229752256553,51.89113133891999,3.985977190514656
0.21811635801381685,0.13406455541075382,-0.0984486662412293,0.5897890357833304,51.364884883654156,4.037481241762621
0.055880595076823136,-0.0669972380121621,-0.03981888142034336,0.5845118530808573,50.8331935698684,4.045289633699028
0.16579794980510285,-0.14964206211238174,0.08084000626610953,0.5825959858231414,51.17318411706949,4.0512740471953155
0.23106415605899047,-0.0904521664181241,-0.06733974300557635,0.5824008428340821,50.443428508916384,4.055663458995558
0.08215376642337917,0.04059475861166563,0.20435185712807277,0.5785337055709963,50.26646551511066,4.064144841624551
0.1063521104028902,-0.22455318842496003,0.33198101940290103,0.5799995322314264,50.60967219012291,4.090038004674014
0.034729158894478245,-0.1366086848580953,0.3337296307723855,0.5693970685775052,50.78341543934436,4.089423667968227
0.2660482088658632,-0.37446202157529257,0.4339188419199164,0.5709590230054529,51.318243867739184,4.106299437431106
0.2142362982605129,-0.35314480196882814,0.27392766690539083,0.5563149581387494,51.86412550090904,4.1142996563490914
0.06101530749819173,-0.1205102254257919,0.4187784906219488,0.5554923104517331,52.44210876472813,4.142468545741916
0.1847997265946278,0.12111698244849148,0.4435731696033649,0.5465149312585982,53.27034441069004,4.143539881947501
0.2637524712235706,0.2751497223099502,0.612724405543349,0.5523979181815761,53.624069100572605,4.143857236863004
0.12733362061622472,0.3450159310954179,0.8589612084078377,0.5522610092559597,52.78198503038895,4.180368440613044
0.3899256573897958,0.1036935628877866,0.7709222303086724,0.5598599299148875,54.03899359956823,4.168405370581131
0.4164458656042703,-0.01852243433300136,0.6358156336376758,0.5433690842891309,54.93612114745273,4.196099253775809
0.5230608171225224,0.11905544901388991,0.4726028268715039,0.5399972240590405,54.29956507372499,4.192138852167733
0.4790835781407178,-0.06859449808239249,0.49998562545691716,0.5438055528982926,55.20722081489089,4.153161618421369
0.6147116791030868,-0.0328422525968315,0.2769795829492394,0.5413411376473614,55.36845446423884,4.226096695266387
0.9034247688142534,-0.03926452847306219,0.4708905827621557,0.560214866292932,55.35194827006874,4.212703524826853
1.0326545673229677,-0.22240035245296497,0.4415791841482431,0.5487114532262557,56.50538302299829,4.2189609045819845
1.0027587765116117,-0.3765127050954168,0.35913301012694687,0.5552752645724294,55.82788049794061,4.235626966949792
1.0347797665552267,-0.33222233608171325,0.3143033109100519,0.5569201680733491,55.43664644206613,4.233100336760859
1.247206372247176,-0.19833721155679615,0.03769348408440067,0.5649189721625788,55.9327384507515,4.254540577207779
0.9963136249199728,-0.09162374214170282,0.1190281063811713,0.5559958481202361,55.38636329437679,4.248162478673138
1.0540661037735901,0.12195666478361367,0.2967922086786328,0.5666614950882161,54.54307751044307,4.295485445174688
1.0426936303352254,0.13378271246440437,0.448614853278891,0.5723678555938445,53.64111764084616,4.27772823772758
0.8607826298349626,0.23495746450045502,0.37292236710693183,0.5751665151795954,52.87274525683889,4.282348323145551
0.5370967823632455,0.31947644056178864,0.4365028846320871,0.5698529696407818,51.938206267174806,4.281501483685615
0.15835427662597445,0.33568470241870946,0.15852998052873044,0.5586682710968993,51.53332445977291,4.315375515782973
0.15702480431248528,0.45405580101728926,-0.08525147759785512,0.5651797909170303,50.54563027136781,4.323742142002502
0.13233673107970545,0.5483403126462651,0.03672753924924697,0.5656525903951968,50.2449645165498,4.33776849227355
0.21874963761385285,0.47080294501199615,-0.11933572207562011,0.5606181324423134,49.69757963799842,4.319454962249897
0.09001075618565484,0.46333106960211284,-0.0012430077219074908,0.539882215487163,49.68110692568046,4.317976376023769
0.35007945308385385,0.4585701936407788,0.18454388435167848,0.5459772360963475,49.58376866302812,4.372511826050132
0.14417895754558002,0.3289047632702514,-0.06555287483668777,0.5436834363988584,49.4966969216956,4.39969283723753
-0.1312869387918349,0.336012414460679,-0.12465932960758301,0.5282593521274712,50.896739029417446,4.359472927552202
0.03974703624387397,0.3138876034653878,-0.026608425777233456,0.5121140752175117,51.60609772942727,4.421788825671234
0.19719422868744155,0.23078424702228642,0.0167898591316103,0.524051625508496,52.907249722865814,4.405678221174728
0.39856276793710166,0.01984956637261981,0.5065683501509545,0.5275341970894493,53.73605346689508,4.409858741908984
0.2194740376606291,-0.12976475076635338,0.44715106427310863,0.5246169611732595,54.59295854399083,4.412049026069084
0.13952260441281328,-0.14862084014597687,0.36223940668905374,0.5275162211369523,54.867434914288026,4.4023096396115
-0.1404452545642155,-0.07081962645574559,0.47336218819118364,0.5342419570746443,55.642781955548216,4.459754570318492
-0.08017268144012984,-0.2091656560425041,0.5319636196942727,0.5570376964939504,55.40704212089713,4.434487872771248
-0.20565961510451483,0.0323495858024796,0.47570733568620716,0.5476008624610421,54.98390676379804,4.444403866485248
-0.1609226516327019,-0.06455203257017535,0.5282413809169665,0.5536726720476042,56.604978123705095,4.4898385261977385
-0.04125630314779648,0.03628852357339187,0.5330273708263218,0.5558187584200879,55.52950264541737,4.442340331066566
-0.1409080891639704,0.10039148251426182,0.2538030700769573,0.5689764356423431,54.69747267029601,4.459528043786637
-0.18486774750215895,0.04919433970022207,0.31323528608490125,0.5638064113291329,54.916168550300576,4.4996373151298386
-0.08536924435956647,0.4154821705373847,0.0565682252588066,0.5664393515200353,54.82409465914636,4.515865688580097
0.02351715729392607,0.3515628151622802,0.28765156615246606,0.5679384120859179,53.5486698362386,4.529694692959379
0.08354860908004869,0.43476557943561633,0.2879479438143228,0.5642532852191156,54.16106482393909,4.523964030132075
0.1616845935763493,0.5194100090666216,0.34234749971647005,0.5647268217263065,54.28403491797677,4.590607393372834
0.01614485175017032,0.5556873392780004,0.2803218243541598,0.5675629241562244,55.24953940193187,4.545442148824683
-0.030503212571910947,0.5689349222244107,0.14844167365963565,0.5730930774972407,55.29295373929794,4.5553842769579465
-0.03932466989805351,0.6311195926124129,0.15089261514725988,0.5687036763702904,55.04648108124667,4.554060266623723
-0.04258811241604305,0.5636150725141725,0.2470238360605886,0.5781606205782245,57.04714224128891,4.582478136330422
-0.0557397532029734,0.5474996572305735,0.5768049199125448,0.575439091358416,57.783864617726024,4.6022992246409355
0.14771546609904204,0.5992633510943465,0.4930265243657298,0.5842349337260438,57.127086195201755,4.62407156109067
0.056442385529150416,0.503384926175821,0.4681683506335343,0.5798287346016142,56.9854393971918,4.5802143147111956
0.08575723564650554,0.7026693184331378,0.31419829441137703,0.5769159926131467,56.99151275432898,4.615080093232886
0.057465371451202604,0.43647254077476705,0.3260195445709361,0.5715853375726034,57.76544356936158,4.638934072216183
0.09997312460242305,0.4674201702847317,0.3561566410606726,0.571803183280879,57.692019129794154,4.65174115069189
0.15787824415839452,0.3688048294152763,0.5358268408687495,0.5603827642344178,56.81256312801149,4.650130973156091
0.23071274644125211,0.3333847568694567,0.5364587649584346,0.5588938726668082,56.36461179141868,4.670848479390642
0.4107025459709794,0.4716317590385578,0.5702374495630476,0.5720687050148697,56.4075537931162,4.653820722141484
0.41373215802770413,0.33423759011549964,0.4750659779394014,0.5667003969915909,55.52728950711436,4.711158108646367
0.47665291950518035,0.26769581446936663,0.3964387892829103,0.5710325867540653,54.98671070671416,4.709852562059589
0.25339003278143635,0.17112805879427523,0.39904046730088205,0.5670272729265455,55.25742025920856,4.673101444258696
0.02038635739376431,0.06912696547587098,0.3075014816717143,0.5604296468257983,54.14906674532223,4.688497939037664
-0.06044540174377309,-0.040453497971477,0.48646107020497775,0.5658017904288097,54.431340424791344,4.699061564997861
0.05555883021031651,0.21293758960572254,0.44165632007432115,0.5630257899137749,53.470882710897925,4.743559399417931
0.23200320281258718,0.21410627695631562,0.28384462579030034,0.5636905759571986,54.241660059660134,4.714305444671651
0.22991135509333094,0.5204956938653261,0.2256245603960047,0.5598090150703731,53.99986528123914,4.743379513315839
0.22686517767762443,0.36159610779977763,0.43083413717516866,0.5666241535868811,53.78568143217858,4.769094087928336
0.1829542184103069,0.22857524376901397,0.4824219749432993,0.563969518586849,52.796505318743435,4.7686766813090715
0.5446072102999426,0.16989990459488621,0.46759456706987546,0.5727005096749335,51.7017753250027,4.785177750314254
0.7148613217909278,0.1309661637671733,0.45870878855041874,0.573922221802571,52.625929152419836,4.768683945773025
0.7302895286410749,0.33859363095196005,0.3944626434210858,0.5696471455864831,53.119171090201235,4.811897087467945
0.8656423973376501,0.5222158533621042,0.4851192985243937,0.5750646825135062,54.04070532611267,4.797735762150481
0.8572316678148075,0.4301562316191336,0.18209758931264816,0.5801615127171739,54.56601547424926,4.813507606512042
0.7416054009401367,0.29351558950335765,0.1979870157499133,0.5820825342503498,54.41376445133162,4.83475463455812
0.5021883513446374,0.16041597622195164,0.13382250170362947,0.5729262492349416,53.51969168553222,4.842061564430617
0.38558138062356695,0.049435548051364145,0.14897760257750947,0.5812093082263126,53.74573024020028,4.850479600380313
0.26398319217679694,0.02526383574347719,-0.0006968795972662978,0.5739077383077478,54.23685902174325,4.844987463560465
0.1254181726440632,0.08916396459078643,-0.0349358293736336,0.5637712147455554,53.917820186881855,4.864009011776016
-0.013040948411144759,0.21069568613223727,-0.10531160807815813,0.5523889700631543,54.725379781673574,4.880043671816741
-0.03611966757659808,0.29040930272047577,-0.18916387444042687,0.5488607968812731,54.04403211051765,4.862498295336658
-0.023410376277123807,0.24912440123754737,0.03921696524153231,0.549746685733051,53.64954078787516,4.890749340673732
0.22085287795498068,0.08878018289026547,-0.21220965018685417,0.5539872015096406,53.54334220995064,4.917753597580657
0.3899491370285591,0.16914831805204825,0.1310826410244123,0.5515315185336643,52.85849084915412,4.894451267923093
0.28418914959206976,0.21800560060120205,0.07759682272581922,0.5578064435094434,52.36306310669079,4.953131633031885
0.5128514281305252,0.21238171740300865,0.11340137832581329,0.5621803720361395,52.453843511782644,4.965392265251997
0.7096825997418177,0.1479363355592827,-0.14411444568048074,0.5580055082356885,52.996628899548206,4.9250969884807985
0.6713300690164842,0.20358891831118453,0.05689426457851428,0.5646799388528088,52.58730286252565,4.987152392661002
0.7611657978526221,0.3216193679416947,-0.016132327081111498,0.575936066411394,53.41208848035113,4.967128368225757
0.5056046052899491,0.4256670844693577,-0.06833658939072722,0.5839286179762708,53.403630537142796,4.988370291183141
0.2798754527816299,0.398136116780717,0.074556150379483,0.5841404721591331,53.07191306327128,4.980066978957435
0.3740052679495152,0.413774969457868,-0.033084298365199584,0.5797326765297998,52.41245251160893,5.018460896544536
0.4176673143905848,0.38032263052762066,0.12226140777619814,0.571434150826047,52.48814415060332,5.018121880376973
0.2707885225269682,0.5418455203653891,0.016584764849370937,0.5701519272213791,52.00993345507216,5.003716934868049
0.4139286626119111,0.5903425570042291,-0.11943545348329794,0.5705502894778598,52.62763979053125,5.006695960000695
0.197266794255822,0.5890204755507872,0.11170624928621382,0.574534427457771,52.151033948121366,5.010793951295816
0.09537804779394585,0.6713651081464753,0.32573198321998065,0.5750250678645211,52.320490142060486,5.053758835528655
0.14057806708576392,0.5407289362327831,0.21165069852288426,0.5796519135060156,54.06822147312715,5.071449428235595
0.07392765420920244,0.26875930931777825,0.34272489078338875,0.5710114294750606,53.601254158266464,5.083019313575589
0.16705643862522018,0.09384670091019635,0.6345361524712517,0.5752991639202925,53.75898457651965,5.077640378107852
0.2229561963636093,0.1382608792159305,0.521130729115131,0.5775940629730087,53.76179397871838,5.066860070886713
0.15809892047148838,0.24238877573981363,0.36944542708598904,0.5796595984116516,54.58334718090187,5.0863585040395245
-0.03715175823737903,0.4994725763611253,0.5085427741643893,0.5899912355269136,53.84256051480675,5.133046972779239
0.07952499074095341,0.44653705977298436,0.6958423797191685,0.5888510270167278,54.65671236599751,5.110307428707999
-0.06681350284920413,0.4602291250740681,0.6972990969061407,0.5878889574514764,54.05240398775872,5.132868352613629
-0.058711582710795386,0.29142540308566456,0.5514280785360113,0.5855514911928359,54.40373684286974,5.118486990328502
0.06625487453130915,0.19295816755768208,0.4872929840003729,0.5861482822726239,53.363945321610075,5.156731660909181
0.1763007820006935,0.2718392446001555,0.4290592773591343,0.5911984277641292,52.613354647194384,5.150846308766418
0.1656591307718793,0.3230030686924719,0.2950202113382308,0.5996832627196461,52.632390833656096,5.190934254275515
0.1714549948033785,0.4261530245003458,0.23144458261607018,0.5986640102651496,52.648416994965274,5.195471154124136
0.3304035150647205,0.3652214942807099,0.4638374202205032,0.5995596797877261,52.84688689610571,5.180085881068503
0.1371321006576588,-0.005388149678930421,0.6019953768065036,0.6077801788707178,52.276321586137975,5.197466719453047
0.1972067271236253,-0.15315530165999286,0.4669985546912027,0.6075504604726982,52.989976707211234,5.198977675199187
0.15555395219874094,-0.3236628773516017,0.10385519537367346,0.6057762628997602,52.37591895499854,5.1916113360691
0.304084981545276,-0.3492508014084851,0.23148614095590644,0.6026165367337079,52.92474495804426,5.2128511514090565
0.2861509952309169,0.03883507600823362,0.37837755009846047,0.6019485171917254,53.800552497601245,5.243964346554416
0.030838458864948716,0.0017358338494409264,0.384607119079383,0.5864288131775311,53.93416570508914,5.256505189964591
-0.1812927074027463,-0.1719427062079207,0.3901146180296012,0.575682916666279,54.11604350410877,5.262970958071852
-0.07801389197369366,-0.13788653154437275,0.42977520902993166,0.5674622122963582,55.29073046090305,5.263965338920828
-0.06126007606140875,-0.01040434915958921,0.20873045827660527,0.571954387069457,54.61381879955371,5.29866133211442
-0.22611565462596914,0.23321129105863037,0.06055891684889726,0.5716350708891106,54.065488473970184,5.291270838091219
0.005398915646964708,0.3087581496774149,0.13268033122659478,0.5607974270450644,54.2808530727861,5.314065076561919
-0.2143743135348654,0.28420888341576117,0.06887157967265112,0.5581010116490783,53.940419320533195,5.27452449735595
-0.1540051212219531,0.34552397733818396,0.38310892813759667,0.5528823417165075,55.26278122877471,5.241551994967633
-0.3314518117744554,0.3115762925231029,0.4150758502464084,0.5569101596780113,55.182149405084786,5.335675760556762
-0.3195947106173603,0.36917419727625655,0.44500497857089166,0.5589124424446339,54.023030381720574,5.31150468692557
-0.13365183713620765,0.31138746062183104,0.26363282721437153,0.5796967285361774,53.845645981961674,5.345750965945739
-0.056224133593227275,0.5903620160723688,0.1276481939062427,0.5748322746378282,53.81184135270075,5.353958059179508
-0.09877338639928865,0.6663035924633707,0.17203582624997332,0.5775876547761326,52.784348511745364,5.401748012048311
-0.023401559366933444,0.6653580984838957,0.33188803035283143,0.562942155064197,53.22148836882019,5.387999931058872
0.010055712474251872,0.47989350543537335,0.42840637815456917,0.5664958678763736,54.434065006752306,5.393317180535973
0.03048047408608796,0.6342253558574729,0.40799450553905353,0.575178000132861,54.0481033435316,5.416739823092674
0.08437659113028148,0.545962413818089,0.5386567546684532,0.5780493852652513,54.305990653375545,5.417369951736781
0.14467978506960072,0.6199779906470525,0.27739333422532525,0.5834310451039604,53.37055280171338,5.410846460140231
0.41065306339469576,0.5968254355541726,0.3433436675493698,0.5832808317359539,53.701959250052106,5.4514295186050905
0.229387020445242,0.39512012686452147,0.10727105860124864,0.5899907497124113,54.40557908465545,5.417804997442235
0.14567242404961228,0.509027963126121,0.404688087068522,0.5839190395282717,54.87624993736449,5.456464943750672
0.2901357695791208,0.5219358733933298,0.5131894357909447,0.5887096336619069,54.37026995139793,5.429048604117273
0.30900158168086345,0.47281211187473593,0.687501972170989,0.5832519209414709,54.47712039550887,5.47407887715032
0.2462016843796096,0.4774103414844656,0.7054740566289271,0.5858786843672242,53.723547755149525,5.483859792835459
0.24420714894340173,0.4630444908049749,0.5124958235335145,0.5830032361796791,53.38159477412294,5.523529099238293
0.17001171276723687,0.25550802706032394,0.3903056931109184,0.5860715072675999,54.576967793335484,5.468700522131164
0.2681294709768501,0.42143687090034965,0.3808404311990433,0.5824540372978161,54.165220600190615,5.497982256482923
0.33264205563436183,0.3045227837160245,0.5266664193446859,0.5814093187510826,53.794137913131124,5.5364536485314835
0.21464207418175246,0.27403721442733103,0.4117394098360723,0.5774439873312286,53.0242597343818,5.536706345127946
0.4962815866850609,0.15288573306382422,0.4491862097458029,0.566891467692076,53.098331418818795,5.54360610102675
0.5354982119029212,0.32786241301171676,0.27013361137833725,0.5699347555124419,53.43977897437502,5.530877285940829
0.4297451730606773,0.07715678925007607,0.3067871774524328,0.5618982006246102,53.33583356024913,5.548183633038172
0.4075086891660738,0.39442976101102073,-0.0647870411093038,0.5738764892604628,53.069861498021986,5.594900820164465
0.41055411234983186,0.3880022538668566,-0.08650596049483208,0.575033641834419,53.86200406013226,5.578969816124921
0.42956897922244697,0.41603735466506864,-0.17042113588073732,0.5782970520527548,52.95804053059588,5.5975071939228895
0.4506022824478576,0.5884230384505755,-0.23345734087716946,0.5665703505888879,52.09080589643869,5.597696233424471
0.6744248821346688,0.4913581328913895,-0.3677435897121028,0.5713389146194887,52.97557562265878,5.586338289695005
0.6454739425949165,0.6346154428420328,-0.5896071105948859,0.5760211795617337,52.743638871973886,5.6386762085215
0.5881443013310705,0.7650854723283678,-0.732510112386357,0.5801195754008969,52.41989158221152,5.64006464769065
0.6752202236230042,0.8807838853595094,-0.7436736692010059,0.5779641754027314,52.854462601527985,5.686112736747344
0.676315179216155,0.7528699811944001,-0.5314272162750562,0.5778800183287895,52.33148801750807,5.6296883724069895
0.5219781443886784,0.9472753975879844,-0.5915154886949618,0.5795939848876227,52.98587874951879,5.67645145842401
0.46514012836195945,0.6189450528830813,-0.3605096704851477,0.5720684299854201,53.37503741056996,5.64376912067926
0.2393305183046035,0.4944203809676555,-0.36592094517185525,0.5806855662374557,53.255019569109926,5.683146931353461
0.24699241426555826,0.5860453362678936,-0.2544849059370599,0.5812025177022307,54.26368494535675,5.709530131781264
0.2205715627779315,0.6514622455840559,-0.1465386135475551,0.5877713846585141,53.75712019638537,5.658557297678071
0.18139001042397512,0.3294398116583096,-0.09697615705487884,0.5796961103827807,53.39475453791981,5.705901350515168
0.12768507374028143,0.34348948349979935,0.22786324570136104,0.5797072851611911,53.8367573616552,5.708735805319147
0.13909217035923846,0.29901338140311856,0.5444850585179082,0.5780261402462635,53.949917741198114,5.715960854034098
0.10262613254425221,0.2421538961846314,0.4474786830102183,0.5715396641207222,53.33608779554447,5.747704253045187
-0.07696506477132185,0.19491581977666542,0.15010730831045319,0.5743480315609263,53.5174616746884,5.772413714128452
0.15112364084037946,0.32763277083244685,0.17507163980380272,0.5802851075718617,52.87812330032473,5.757334425695417
0.32973358760387594,0.43808458243653126,0.061200247827510046,0.5877041393438699,52.35718962404716,5.774109728551201
0.36966895141153666,0.38085948071588593,0.07210606266399334,0.5772236805014911,53.24101517922982,5.782286175061185
0.5199105004194197,0.30875953676808043,-0.013470278056723173,0.5574996110567692,53.467313885505156,5.790036070127129
0.5526330995329654,0.15281002811231312,0.21113707293806616,0.5589620748924048,54.39853921879495,5.778213147245758
0.3441753731984162,0.30945891212629545,0.45007870687387985,0.5654368854120407,54.18671625865689,5.832168892034458
0.3754756187156877,0.18176894904077034,0.3266007532507098,0.5538985479697495,53.52001748414781,5.825903907363177
0.625169753660073,0.2491065138336162,0.24893711336042418,0.549052103308538,55.16387085992568,5.837897629800052
0.561130617330633,0.3468617310422621,0.5281504233499532,0.5745727292749017,54.97172903139013,5.823869807419488
0.8077810031445145,0.4375939553873275,0.5745159317742966,0.5692744863291619,54.73613099964966,5.840815592040216
0.7389982536626929,0.3982640990999733,0.5212326396993304,0.5731934046370033,55.030192163944164,5.856477316045785
0.5776420936105763,0.3557011186256308,0.6258581236288439,0.5640708085168578,56.225980992483485,5.839317506131023
0.8092490961260443,0.36941256291214397,0.6617825788745815,0.5592386058734179,55.425903493389946,5.846239313496047
0.609980105497524,0.3724714256935319,0.7488732371221142,0.5744137929620303,55.63398194699715,5.8779850413872285
0.5840018847530812,0.5502498886968763,0.37502538026388393,0.5718333101254857,55.700551937000206,5.910450415328848
0.578479727749709,0.7642126751835743,0.17604547457596978,0.5685190598053459,55.322231657350606,5.896937252201401
0.563814319996779,0.9463475718164827,0.14774818329484013,0.576542173022458,55.85707601210318,5.899623896048186
0.3708260410280936,0.9315104463247603,0.03784039467181351,0.582898971366631,55.36653386532889,5.913706286935247
0.4571082062310933,0.8719145995677573,0.12486196805659311,0.5685152571483745,54.04792430025719,5.930893151537094
0.3819993039986443,0.9281929184161184,0.04301532076404731,0.5638662386360185,54.35474431451532,5.942922820743598
0.40166269670639093,0.8536030508328603,0.17555336754336087,0.562785326968559,53.43807588929203,6.003310429044131
0.3894855583576986,0.71436959402504,0.31700777022075477,0.5564347265854005,52.6233865574042,5.9910924125697465
0.2627374469787223,0.7627828941794064,0.4583465304547697,0.5567774130498572,52.49264975376293,6.000495482245635
0.38679067515715354,0.6456722122578148,0.4043581464125614,0.5614675660139564,51.68138794367009,6.0133716072854675
0.4560477093828089,0.4986852692640558,0.6115581380452108,0.5654736494326756,50.87090531118594,5.980023582613319
0.41231171792461724,0.4093761062375941,0.7491740163016892,0.5673290230572592,50.86767204290315,5.985552707700255
0.45208912364360343,0.21181461401658108,0.7764768739579859,0.5610679439676277,52.35767069197283,5.99786259416932
0.5550014952784631,0.11075991335901814,0.7745163124081679,0.556350007162641,52.819781075244215,6.056690122666757
0.4933057874581026,-0.11317453706407118,0.6212170318207214,0.5559298174370895,53.6022024098519,6.02905616422235
0.7327018048824432,-0.19828835313197263,0.5069486156801822,0.5544133376905676,54.475136594916776,6.024972876355214
0.6830251747844824,-0.19494384264439674,0.5249540386443876,0.5484302296992534,54.99796741332327,6.0513800759956045
0.6571508723146307,-0.18789340360199652,0.3890179163192851,0.5615816994233608,55.30798601353647,6.0652278893657074
0.5244229697148733,-0.10509030333793219,0.1399828502407087,0.5791129727878397,55.43290704093321,6.085368265473892
0.6370121478423657,0.06372881193181604,0.3854662102725902,0.573462855807651,55.28930287209057,6.095019020414241
0.6274646480962955,-0.028937509981195774,0.2691872612630447,0.5748531554751666,56.06450763278055,6.0834363887225305
0.714837509706072,-0.09018628373981794,0.17226102477820654,0.5657127912042114,56.683170685713876,6.123713127850275
0.6565885766105473,-0.08728668959210417,0.3522255799848806,0.5761302491901668,55.30608730352551,6.107216129324997
0.4091906822832739,-0.14990900971263915,0.27926136776535515,0.5757930210765115,53.72720954237519,6.126874473265899
0.6131371862056458,0.12297177820236174,0.1810096986632264,0.5787864421550959,53.86859290847436,6.1537354814100675
0.4390945194304212,0.08283163061423499,0.41988916298363954,0.5856701091633797,52.26399243785212,6.137163571921113
0.5281277150843272,0.05683143597339892,0.43611306033186104,0.5961102817590269,52.47698492012673,6.148612971528378
0.7258846440883973,-0.06127410033400993,0.44463291884252526,0.5886194110830557,51.82120635014927,6.1818333609938625
0.9525723884355559,-0.06308502712988029,0.3379752719466552,0.5847638750060307,51.727211036669054,6.1628453364679
0.8260711559976102,-0.280196043351436,0.08042959420351015,0.5856064707094526,52.749284246931815,6.182304159527919
0.6823019411007324,-0.11287495686145824,0.08754495090287395,0.5811754608044356,52.86415582442013,6.211114843560858
0.7357220401884368,-0.00829294818257017,0.12048784342860208,0.5899694509481888,52.79222207491108,6.251081848828719
0.8966424234870175,0.2052589834064722,-0.035725722787358714,0.5825867884767619,52.99410338627972,6.232108090095255
1.1444481291154123,0.1689390906318949,0.08965838142795382,0.586678994977478,54.593483345721054,6.2394527952598
1.0599063901007288,-0.21538777211691493,-0.03257386754170288,0.5849719850399409,55.307806875590565,6.250616031673455
0.9965775005431465,-0.17704836673781768,0.08888017169899738,0.5875599076297849,55.97174166628393,6.228536194518659
0.8873923353398588,0.030026072570776254,0.03042100622723447,0.581523322565942,55.25976879634673,6.262311934773598
0.8029517772230843,0.35487878133184275,0.1484513583928234,0.5900284328123145,56.062186164401886,6.269404670233272
0.7611381415613414,0.31287475686483013,0.32249112397864654,0.5916509036613541,56.61677626978318,6.286431690807455
0.8488836872635824,0.3882088148134201,0.4861976742064713,0.5879382836253096,55.62304754355176,6.2923301610495175
0.7593994661196911,0.46349964847696584,0.5939450468142349,0.5932166327749236,55.176147097490585,6.307593993548342
0.8659224586352121,0.3389791717371472,0.736647125098344,0.5883471793617824,55.01764685991496,6.303770656102016
0.6626340154128691,0.2511209261153516,0.7466452209786685,0.5956577835815534,54.97632098621763,6.321172178347436
0.4861187000856887,0.4331218189703729,0.6953905188871106,0.5989699315912131,52.79962064555656,6.30544342867886
0.2263043961787917,0.8416658623287908,1.1005925644781687,0.5898695475001215,52.43549984634973,6.333601854439942
0.11265509291839264,1.0998187487709767,1.083459576091602,0.5892712017473468,53.09123569032262,6.377816670963534
0.29464742962350143,0.9595810643642155,1.1159345317339107,0.5866491547086927,53.495691433930155,6.366376166792565
0.315272714635366,0.7853619035259694,0.850208283462216,0.5790083149275664,53.33216597178604,6.369581579252339
0.18141892971545048,0.7624103678057548,0.6773150871283246,0.5812879927574366,52.54667669497924,6.417922465525087
-0.056793303054946676,0.6352382329064952,0.5968117377104634,0.5834156729200003,53.04987125821303,6.362783300433979
0.07958948627058182,0.4856264971603058,0.5650667244838045,0.5751828850280681,52.80315624470653,6.377810888891076
0.09425140313651903,0.5426247103458898,0.36938929050422764,0.5816360011202547,52.52247008465363,6.4442542282255255
0.0848078541411168,0.443151930643256,0.3316198950051856,0.58226762966767,53.28790998091629,6.420919218720979
-0.022103537892892478,0.408412238956413,0.5006315105953654,0.578603652070717,55.00343497929416,6.4251483392742035
0.05524738950758916,0.22072109199475243,0.3432856841472366,0.5941350485139875,54.819020262018725,6.416015913498088
0.19417549600245837,0.0574299918625392,0.14063851908550323,0.5964679898477728,54.59037772835419,6.458953925327901
-0.15711543040483095,0.018780938662929653,0.0724705924122972,0.5880623730725291,55.18193297037825,6.470889197390549
-0.16916191749239323,0.06931910614626555,0.11996178412240437,0.5893518238012827,55.48396836660677,6.448110112783302
-0.0625444842560963,0.03965890274062064,0.21037995236943163,0.579931310907641,55.021963734785786,6.477194488288992
0.1372988257146665,0.23265739864187784,0.14010423573381173,0.5857394706345872,55.3521941299863,6.483289683359339
0.3564877014212732,0.38521037524399454,0.07814495583811683,0.5767902292549187,55.18275421012212,6.505119542928376
0.30295684813016893,0.33999743451066233,0.014401073283138666,0.5892997623550938,55.48060897657308,6.487614995155587
0.3027419104941057,0.32716646242304337,-0.012105266688356696,0.5886699033546847,56.14042208170122,6.545038949090263
0.3431184112148086,0.28213020936845223,-0.22667132503591766,0.5902654895609356,55.834040728126205,6.548316475631952
0.6257434942314484,0.23035694728579825,-0.5887990433496446,0.5904844346712969,55.9504808351973,6.532736488825344
0.6596524908907236,0.03689993160764884,-0.2690435917826749,0.5996907858821513,54.60608745694104,6.545671625767232
0.9314488806592346,-0.010171025212189327,-0.1486583455051837,0.6150785349603625,55.03941148533463,6.557271556994448
0.935180654883075,0.07876976199939231,-0.10543437177089754,0.6226128945168674,54.05280399525533,6.55443382893987
0.9787973802637877,0.13838720357732406,-0.06442507701445191,0.6262185143925598,54.40536045433372,6.5711314116352995
0.8954554988731107,0.14279896335462805,-0.1398715470417141,0.6232570401151898,53.743528997104065,6.584594592646508
0.653908484973612,0.14595077013110927,0.07782269714130256,0.6341451074336477,54.743732337247685,6.632257367414143
0.48728088417785625,0.2194984498887071,0.3934225019574829,0.6174124581880982,55.31641426013177,6.628932366166609
0.5116092224947988,0.3249284208155692,0.42221474107548407,0.6114652164717416,53.925702591912135,6.638693094146732
0.5686341325386486,0.3455506854264335,0.5809859673202791,0.6041110118870501,53.93605989620164,6.637398512260088
0.24072837022900564,0.5072458497401653,0.891816912355428,0.5979667753081411,53.83617625032027,6.617653459821376
0.24616434587980582,0.5314676069776043,0.5532045641591983,0.577968126414558,55.01579824431148,6.649170177908453
0.21998849122948502,0.33577981553087477,0.4035026599826951,0.5747119350689462,54.364732512557964,6.679409769192268
0.3735150950818136,0.23548481826741904,0.45468292729392007,0.5699291758029883,55.528870258633546,6.644834707412654
0.0893244344487862,0.352075336003668,0.40770364858704544,0.5701533614292117,56.521326734433366,6.692731064137465
0.21362595711648594,0.4259097221175203,0.5033611537168278,0.5683932916025584,56.9411395379107,6.736452184505255
0.3963154733373318,0.43793151138628766,0.3250063083263593,0.5862995299300973,56.0589078261181,6.721236332919795
0.24437714050361542,0.5758535994332965,0.12754698720403174,0.5973736286461833,56.05034694281087,6.73828058271124
0.2140985044002397,0.5462447105629987,0.11746086157065724,0.594728945900869,56.09042942746007,6.724366775008843
0.23201169119709636,0.5768702936232555,-0.09059531134600765,0.6027890254163303,55.402474174114694,6.7493586389753
0.16325989627608997,0.489140706166305,-0.179468206010664,0.6002713112116809,55.50817108742537,6.725642935712919
0.07555000103087219,0.5163811233512058,-0.1738966905515382,0.6037652097208874,55.48775569736544,6.7659172762468245
-0.009295065490565824,0.8224117911824103,-0.0345754005450228,0.5962532260011612,55.913343179639355,6.773087762681215
0.016247476276586913,0.9567999881443697,-0.2579754932647213,0.598738921751781,55.3443421085507,6.775798223480754
0.3756270927136935,0.8011523839927233,-0.09680428891715467,0.5947403033411115,54.26330165454201,6.80632014839437
0.3943467133039225,0.6640837543098704,0.06405337669416292,0.6023330505679494,54.05183176791819,6.779224303243052
0.3426201967415424,0.5681686387628605,0.043332671888341945,0.5920606190463109,54.296881529550106,6.796258849670527
0.4377688391436938,0.5052480785015976,-0.20853578896631214,0.5922725707280785,54.02603715963702,6.811909240827166
0.4203003682068106,0.3525686748185471,-0.24953529607125985,0.5943763086547434,54.53910511354635,6.799407780578212
0.5070967072122409,0.10379084579071114,-0.149535807418952,0.5957317555276809,55.59667188077846,6.834538638876005
0.5263498920778878,0.11107418741143531,-0.17853661635752008,0.6020770165821908,55.508358303373676,6.805621391740923
0.6761462001372734,0.021182067449171928,-0.10124263102681777,0.6049214835968197,55.165171045287636,6.870939090688565
0.763886041151102,-0.0906372302662259,-0.04564726796757297,0.607905943422087,54.19711176080811,6.8609327473313195
0.5518917123368394,-0.22523186883840718,0.23176754058816318,0.6139354225537825,54.645431644857524,6.8595821419219245
0.5301346661255018,-0.2560402451461611,0.02430949296019036,0.6186227623644026,55.98158901747678,6.863312527754098
0.4481202840577492,-0.06520272818749788,-0.27372796558410756,0.6171064302544471,55.8028251747045,6.885308419407616
0.34057125735457705,-0.03200921058647812,-0.2758542405052929,0.6081700983792672,55.632529835144325,6.913765194215449
0.570124211095784,-0.061510612491859386,-0.03652881151607714,0.5953470633772108,56.28015026197304,6.9209547795747515
0.515184701246831,0.1456674205522825,0.049579561558513195,0.5969047075917325,56.08014139343392,6.905889241054431
0.528555602101525,0.26197404111437683,0.002823704572158908,0.5940507318579344,55.795945588620086,6.913079206547447
0.7107933050706172,0.4215107418320095,0.15539088224276604,0.5857103199972482,55.504740734654646,6.953137974126394
0.6092536144050388,0.5365773927963269,0.40078552377114285,0.5881749460861279,56.15932446114944,6.9355530519077
0.6666142527281235,0.6550113113116266,0.3296735042707637,0.5837342391893616,56.22200360920287,6.9611981954815905
0.5796997721276121,0.5631754569158056,0.258729335449042,0.5702293580047443,55.31273364392575,6.972475092850486
0.6017212735110125,0.45369625824294807,0.33322809792305225,0.5725893941240802,54.422085764204134,6.986241242634535
0.5395195250011688,0.39081030762482394,0.45767809960613787,0.5725714672285228,54.29387832926484,7.007165408603638
0.5240586358142323,0.396348620800791,0.6088013207538591,0.57486542271734,54.310941727265416,6.974740741262654
0.5137413743445557,0.2766678664304046,0.5677730522353024,0.576015982761178,52.86420759438406,6.97177681349479
0.5521281343333289,0.12805268092504238,0.5230328025404988,0.5738691731326204,53.09798478384099,7.0086510543754335
0.35040324028560577,0.35505130817104374,0.5820416621269028,0.5727658980964756,53.45085804152925,7.066030568156644
0.13614499341943637,0.1327707771687316,0.4810706834510932,0.5814525498454007,53.079793020276306,7.080443482001748
0.22841542876845872,0.30518633817432134,0.15066612279818986,0.5862859616019862,53.23680585130048,7.086623542711318
0.06847398757767795,0.1486480400118607,0.10177086905706004,0.5923887881215307,53.30325766947514,7.056140372644787
0.36977955969770404,0.320244792903162,0.10083672074612862,0.592364522360568,54.3059034937646,7.034357698360304
0.06989871327170105,0.4433306589563174,0.16953321293664475,0.5904921435651272,54.452213998645334,7.033139217966963
0.25874936002806315,0.4224322732884963,0.1521978938522448,0.5834984753672203,54.766646105240774,7.077719236769012
0.3328382050832882,0.33095175749377287,0.15657333062986475,0.5830095552564606,54.79204509055328,7.096038527397013
0.2189807675956194,0.40544945934874194,0.13198469524534023,0.5948677165106424,56.12574847276308,7.136012508021119
0.23563802425205965,0.49707952204223105,0.2990238508886609,0.604283270667713,55.03369427609731,7.137356109190849
0.4171125616066821,0.28488913504905417,0.1194978078592559,0.6070824427152888,54.7809192610372,7.134548101579832
0.5697268049996469,0.478484595904247,0.2135106317376279,0.5976432145081106,56.312403543382985,7.122203104581177
0.6201707943497944,0.2634677809579396,0.39865765292023,0.5942019281453542,56.18849264365051,7.130784408835103
0.7603512907486861,0.33124169991517205,0.2871618939059045,0.6021408325333135,57.76325437855362,7.165082553741429
0.6006168449794966,0.16853940691993002,0.33605908301907383,0.6061730855910217,57.07744119153047,7.183941019576794
0.7731633608295426,-0.05426027435825507,0.4143443011929624,0.6117323971082353,57.59746481199103,7.187837625244911
0.5985379579114913,-0.1331099567000588,0.2463798460430023,0.6224567576655675,57.537179675110416,7.169308040807867
0.6089311843634946,0.16313482269909954,0.17492959505230865,0.6335096442772028,58.25357950082796,7.2130133525758415
0.44830045256793066,0.2584463791225788,0.013637289282015042,0.6285524387142863,57.65081836368112,7.2185182193420285
0.3686886153213137,0.25300026063601466,-0.2537758213305653,0.6274967793270994,58.083822441843,7.198586671876196
0.4038162095714375,0.3275017603197826,0.08426186428388494,0.6339208034641095,58.440086337241894,7.214313580593996
0.42538101990977584,0.25623775208542215,-0.017035947369479866,0.6426603274116297,57.650788248118246,7.253769919491232
0.29736729435591513,0.36284285727654914,-0.18160961392150982,0.6392401332919373,56.59340329122837,7.245309849297082
0.2885027190793098,0.26819340430611394,-0.1214902818843601,0.6318270919119722,55.179778355310326,7.291782946032729
0.30894550975234847,0.4796323482602999,0.04321835628742354,0.6350409942662804,55.76091617279754,7.280022585521292
0.29204555922585723,0.8079756827104028,-0.26754433726766536,0.6219755759632275,55.98543110012493,7.270267376236215
0.2206244453407921,0.8994688685676607,-0.15063604635466363,0.6149385141954273,56.10118906827447,7.289795887992182
0.21014359024441362,0.7026267373137891,-0.05080996064425285,0.6122455448824731,56.150732526545745,7.301267667852755
0.2840379480316323,0.6266998113198332,0.38464475388405783,0.5999060192506018,55.48263752649823,7.2954321937351665
0.46039656209671004,0.6964838099164022,0.4712255099488799,0.6047844305171562,55.4620916478511,7.301748236036448
0.21652658855371384,0.7825261432378141,0.18476100134765083,0.6034683244256285,54.67191595016883,7.34402779787619
0.30307040475654345,0.7454473198889546,0.45288095300930176,0.5990754909177431,54.86756516877263,7.356905465940842
0.369443282916175,0.633947068108191,0.7300705867666484,0.604441574852665,55.6231232051786,7.36207562939106
0.39391765932408257,0.7627858161917216,0.8181164565828695,0.6068429869264479,56.234150088292196,7.390306361886476
0.4581433834655262,0.8068274989008006,0.5304429860143018,0.6119431232563844,55.70937815874328,7.359164535279768
0.6793815922257793,0.6119504968177335,0.7090656747926306,0.6234523053365771,55.090021089256894,7.413485415321422
0.859363867550883,0.39395123469814364,0.7985180559936115,0.6173112055540949,55.0190429192772,7.371981577628918
0.6564067151910097,0.36715158196727,0.6822174162787363,0.6149077412868762,53.90414739654521,7.379746288732631
0.6270010925620021,0.3708505234099203,0.6419047238796264,0.6249788305310984,54.53354947557388,7.374800822357015
0.5244087555040462,0.32147040327672655,0.7405469485639248,0.6178635421313282,54.69049940586486,7.411084093723463
0.697991017231973,0.2872561467198863,0.7570720092596429,0.6087537707895752,54.759394644770985,7.41992555326341
0.6475561518293803,0.3009118293769556,0.6854947022222104,0.6199362384709437,54.83970204962857,7.450518745605093
0.5284368185557888,0.5078301875533013,0.5577210751901359,0.6225625526877094,54.84263958864076,7.45487781883241
0.5222253178551682,0.33812599720589864,0.5588903541413339,0.6189909174899247,54.288184483221585,7.436140532579617
0.34913272250834393,0.1009461166048028,0.7871420731044659,0.606310871869792,55.15409323212307,7.462145475231483
0.12214829404595082,0.21510318518173555,0.6812443803784441,0.599612052257665,54.506986536875594,7.472570759578247
-0.1192400258576251,0.1981086676680103,0.6940552287538106,0.6089278783606484,54.176210890633264,7.454480355060762
-0.02676113105249172,0.16461898012759896,0.608182041297861,0.6073355547696704,56.036285617521195,7.480381065459732
-0.033257098657495585,0.32624906354124644,0.3066533530897114,0.6147723174183397,55.5812712473979,7.494583727387718
-0.06764776990260164,0.3115753829602493,0.2537400448779928,0.6184507124332654,54.98337163782217,7.548672500396419
0.03582210102015826,0.31082199076771505,0.6129907058764406,0.6270823763234908,55.440298255654895,7.5338290143191475
-0.11016889362688902,0.20769757674038497,0.2916906845654412,0.6201189272375508,54.39300656330782,7.55324337507895
0.22635849045525597,-0.0023530708973234947,0.2575068076007083,0.6081150837435947,54.244680800845494,7.520027290057016
0.2577284003786963,0.12078952594438179,0.2532119196638237,0.6109784061643371,55.54088881576801,7.58388428966028
0.35246510226657535,0.17243955577323047,0.11922305204311119,0.6230948671550434,54.139211450536266,7.596022041260482
0.3284959008307082,0.3115012483149595,0.21942566988442186,0.6249085749239212,53.740117485099006,7.540033100657108
0.5399077947394889,0.5321610725293361,0.09344398955201545,0.6253944727931952,53.35815990118571,7.575893665521683
0.5753821330098612,0.43917255430528745,0.17022551712348294,0.6227426612538454,52.42450583607801,7.609915311460311
0.7234663713190901,0.2982478526021337,0.2516924600999656,0.6114708971439067,53.51303783639613,7.622887769070764
1.0777769467267622,0.3465532156486635,-0.0016133100168520542,0.6070475374693837,53.940768738092345,7.606430105390256
0.9635215733765724,0.43806986595536923,-0.13295234498239167,0.6038878888123944,53.92228453042287,7.6238900107389265
1.1741035911713937,0.7227122481559121,0.14725140959391753,0.5991181324686469,55.66312008389639,7.628052378779098
0.841262538458125,0.6834108068035205,0.1560029665255022,0.6050290291520304,56.681578208928116,7.652208360938923
0.7891466956033995,0.6404165307413276,0.11521353998012476,0.6014531648544468,55.49264606863054,7.683943570629238
0.9484579430805222,0.5470020915519369,0.21069491922759243,0.6018918999993359,55.121526133702844,7.654579156857176
0.9723118116029263,0.3960075631673094,0.2447990882985044,0.6008201951106307,55.70921687819795,7.700016409955368
1.0842404757447794,0.38744613156587787,0.465479878260748,0.6057114802497547,56.25255334453976,7.6743665585530625
1.2132942481971638,0.5978972159449387,0.41281038202087633,0.615091920335302,55.68105212490766,7.683047455750063
1.1455613854262603,0.5662234727639334,0.6200425517213932,0.6199787090110143,55.03188202724099,7.726371892366864
0.9535085017879922,0.484988382615218,0.8714706929540468,0.61569614492512,55.85477168752617,7.738438727560152
1.0610847330061894,0.3867211150144128,0.7717740634047906,0.6038643775779018,56.15752766170003,7.747028198735253
1.009053192882401,0.14572459322102066,0.5492867706909129,0.599925590066687,55.38371113381224,7.713684051835638
0.9230631596890031,0.45675972159973244,0.5731736565775054,0.5943779314230889,55.046428327453825,7.740680980438559
0.8545630874392719,0.3776512070354078,0.4674280941490198,0.6061105550269382,55.35557461418989,7.776459771840067
0.6534459566036297,0.5224548878428893,0.29652541836614377,0.6012364126318643,56.545711422286765,7.770830836811278
0.7094141157554611,0.7487893327029989,0.19291128799825302,0.6047996732968763,57.41657092487718,7.758526143076051
0.5909512659938955,0.7034053167408125,-0.0037565625262712234,0.5865767497831816,57.67324700929436,7.799166358782509
0.5386609688247326,0.5862397986082005,0.23882619600433963,0.5730861376410027,58.83876995896303,7.78570385482017
0.46208800682620854,0.5586621957178575,0.24111912648731493,0.5780697256034546,58.2206420389007,7.8458904969678445
0.4375818143043119,0.5731796168935486,0.40143470225000233,0.5846887990847163,57.41075725321995,7.850896829248366
0.40209974015308064,0.6958605021627751,0.26009740407538817,0.5945252213365667,56.71743155422977,7.842081948527111
0.3966125850075243,0.5587604382192742,0.3945862860792103,0.6048525777513131,57.03014268925175,7.867220134095395
0.6624279258350914,0.5037217732058767,0.23689733627015955,0.6200437001630974,57.12202845760798,7.851295827002468
0.819248655155528,0.5226639976991156,0.2508807384414279,0.6121890989647165,56.938146453504956,7.875308749887501
0.8906333229165815,0.4780965439125492,0.22325371089414955,0.6120997842984839,56.20192660515115,7.899554405906041
0.8917748909637806,0.23338331698616646,0.4291070725114475,0.6112577055282924,56.17705943765427,7.884909973635886
0.6643263841401732,0.29213049653368606,0.4964649960327237,0.6344633180059499,56.525560759436885,7.884896256569715
0.6902329022431657,0.15189380187190826,0.3911831872419588,0.6300993280865529,54.532873804028895,7.865907560836458
0.8452509031135463,0.23442744778759267,0.3188187681434999,0.6292230035348775,55.257325283421366,7.90833732948557
0.8351037980155466,0.4554694153189661,0.3575032912810824,0.627358080985781,54.72698778045782,7.936468463691246
0.6470851621881928,0.1824390044184796,0.33220576906419597,0.6310709252667419,54.46506964301436,7.948912668551353
0.48371525963732187,0.42316764933891726,0.4513611161933162,0.6251028099603795,53.80108679713455,7.950087301314369
0.4816672686982093,0.20419789845607128,0.6957133638953283,0.6168219550320201,53.578886865534606,7.939174018100755
0.39503433414071265,0.3897541713468369,0.6683023659538609,0.6216271795036448,53.65664919906936,7.920463568621048
0.41798119223819086,0.41890601903830105,0.8611857960843639,0.6369878407521853,53.73211648627504,7.960095698039905
0.4285443972801609,0.39825360719018377,0.7711992898843604,0.640207996362151,53.758040482356805,7.973913102578922
0.598330900864394,0.38875734572666665,0.7884320298407252,0.6241500794522403,52.67080615015222,7.9837414206562
0.6499122558317945,0.7295764289201632,0.5995579459156533,0.6326710216208338,53.813940337907965,8.01237112713956
0.5782538105768054,0.6648406201656865,0.4675923099534126,0.6271307952615823,53.41598503292819,8.049713528220297
0.5614228008344258,0.5349572890782669,0.44256704246305595,0.6188695498988395,54.03536536983368,8.022470584036821
0.6435849258290118,0.5425192307768789,0.5909371448143063,0.6145281995660232,54.62697425543449,8.02566536421687
0.7089557534096658,0.42847681336048604,0.5435842191303019,0.6216221670017175,55.34625138127625,8.034815563739919
0.5734380520125708,0.5424874959546321,0.3502075920650035,0.6156387908172376,55.61725153176383,8.052487695338154
0.6003217408446668,0.6488822152153724,0.3699175793870729,0.6174671104317749,55.52485755767261,8.043434124793032
0.4850116052241159,0.6831006093788108,0.3777601248062808,0.6044843927885893,56.328026452362884,8.072403971174921
0.6084701764514812,0.7165153342573738,0.20954540549003436,0.5969160044883357,55.67627277251264,8.089016246726636
0.5167486285630156,0.6682290833390492,0.19112905283637766,0.6005916435484109,56.491318588618846,8.09419372127149
0.4049478798323394,0.36332533598985056,0.2772827407823305,0.6108450102533414,56.553152680218226,8.109150838680096
0.4132940431097185,0.44343908482456457,0.3606883442527839,0.6169227791194019,56.91815105396741,8.11867495218697
0.5490945501340528,0.46026843386853483,0.13815520431410538,0.6260878725136546,56.206262316017025,8.084562066355073
0.6156923529387739,0.5449585333987906,0.1780262986694791,0.6266928661439687,56.12701035299385,8.142737403167908
0.7630412259119282,0.5941697933310888,0.169456272239644,0.6235547253437301,56.055714354972416,8.126579703086751
0.6461171972381543,0.5740888255347034,0.32236736309386194,0.6275100274060146,55.05429104285105,8.12808321673992
0.6513236429447683,0.38257708610349483,0.3021296749907728,0.6118868258787784,54.460372337481125,8.1379109634429
0.7888763809565191,0.340974326788794,0.16587308241442855,0.6198018005826421,55.052234444082025,8.17867083220945
0.6722439636097688,0.5828241457842085,0.42066438789880517,0.6243925514451061,55.52397382356198,8.175548501455502
0.8689675276213136,0.5587642721937207,0.5520078815882492,0.62723389521402,55.32558632962032,8.15636062432029
0.8366406433104716,0.6485428674150178,0.41167659347444924,0.619095706683042,54.54447482687291,8.209560756303844
1.0222632894395063,0.5239089912424126,0.43604472146719386,0.6118953428685017,54.189870299220026,8.181207837384024
1.1081701096491172,0.5106667191865129,0.25648892317285815,0.611064761445879,55.75018870248998,8.222796427170366
1.0529455722370533,0.5383251721744581,0.22195783341083247,0.6043991634763242,55.66043218758914,8.234769978513462
0.9059256624331719,0.520963920144713,0.34280635764517864,0.6155445098709442,55.21000587824166,8.2577115416339
1.2005349437316988,0.6270783374332569,0.17491072951387668,0.6120737269251556,55.81208519485856,8.285633695729336
1.332501928000903,0.8132824485151277,0.1904162039730308,0.6175806022911267,56.05422758200225,8.232706473481988
1.1919676420062921,0.7604251904302869,0.2955920900647261,0.6053113759731328,56.07385748472105,8.268950522878738
1.1424353576522233,0.36437085340402103,0.022193050497597434,0.6111180888580097,56.5116829595528,8.274473294099115
1.0084236555426969,0.49039662948876045,-0.13018977310676405,0.6093428567853222,56.40008440224286,8.29867499371922
0.9264222457323656,0.4583394991413298,0.06709768394104731,0.6035946758111663,56.66141368313176,8.304313375418673
0.6943371033484472,0.6027280766475701,-0.031121492721583505,0.6136849108751876,55.77040246082688,8.302949075145268
0.36474801059437456,0.3318703347528403,0.14346143163633002,0.6184124956704709,54.38546483948868,8.311181956227783
0.3249669064109869,0.43982432293102897,0.21354391060332617,0.6292446035241366,53.654046944406375,8.307670982896319
0.3667634660954454,0.38421627086154087,0.06627921542391428,0.621580801496336,54.004083611231025,8.35975723164813
0.24556128792038684,0.32573411656733964,0.18810772492188277,0.6398681302479721,53.5932701062286,8.359184083631991
0.24336891891178253,0.18577295992606674,0.2379851996855668,0.6560963953990003,53.33494941907473,8.378355363955903
0.1965343138362896,0.15099321158672024,0.19894573119670603,0.6550070739625278,52.45109384553287,8.36379207727049
0.337700031676593,0.2975154124565512,0.34121001284922464,0.6568290795589335,52.03451011473877,8.366863290626112
0.3451944044231522,0.2659677261949766,0.45062347497183664,0.6588153347680266,52.53886478812855,8.368433698667417
0.4754078808443959,0.34559199110894784,0.3416435568433932,0.6676344520854797,51.91051273404512,8.407178351674814
0.6354698209925354,0.3255425662663669,0.3871726423159091,0.6530443653800881,53.16259555597994,8.389204135509436
0.6243264917945718,0.7207688435155465,0.3121312599233346,0.6486803926758317,53.21886351610042,8.45697326137933
0.740062019206449,0.4756567855409578,0.23456932603273714,0.6420670591946784,54.346610714980024,8.40384714837813
0.760890525049492,0.7590670729923458,0.1116720294577263,0.6427716413199026,54.678236715493675,8.44547320238425
0.7874289744797143,0.696998091864462,-0.026057057046483624,0.6362981935756162,54.399487917382714,8.481337094144275
0.6620105858721476,0.6062642172749534,0.0340786838075887,0.615143246601966,54.69628102272073,8.471981795185277
1.0080908002201754,0.5691986336671663,0.018703948007988868,0.6186096082535729,54.61337748153445,8.473513474249836
0.8465993582304447,0.5915620629085885,0.10972198765435145,0.6162424500701003,53.241460173175696,8.460630327060763
0.8156133434358734,0.6156670654318119,0.021186267845792747,0.6135361735663505,53.15267254776878,8.462364616228646
0.7589604580416994,0.5928945451089824,0.1120421531827958,0.6148289719672855,53.973233377858755,8.515401002178352
0.636645593192073,0.6861405771129163,0.18573620598964594,0.6251891127202494,54.5296006222152,8.540122944815499
0.6858938789007103,0.34395078668265927,0.32956676416953645,0.6278923019635654,54.67921436455032,8.511223000190435
0.7672693536761199,0.4997378900956065,0.2508595550314755,0.6307428042815185,53.92593650468581,8.507218769847672
0.893389353936859,0.21334912518387963,0.3472533877630085,0.6206625654429853,52.78774863032011,8.490836611389021
0.7877843944441558,0.2398485567205026,0.4954294605262036,0.609842471460458,52.74176492456579,8.53038470312675
0.6763467690260103,0.418987537588993,0.47063859057298874,0.623904625044428,52.54094449056247,8.55772686315002
0.47867310695662074,0.510514557821234,0.24107424529164395,0.6242550498986555,53.276712818065434,8.601982464816736
0.48793959723671465,0.2695770482626714,0.17919323233566428,0.6180961404082601,54.061126553886005,8.593462673844659
0.6050472707955068,0.19787868877632242,0.44391629137442806,0.6170530442648274,53.96237827236862,8.596101708094135
0.6883684218061724,0.25487929301387424,0.36746447795658393,0.6120247410690238,53.91556680643838,8.591997606773978
0.5930565185055341,0.14476511251175667,0.23993440908521513,0.6156464319599408,52.80289459497864,8.59833668565488
0.8122605476522514,0.4140327377255755,0.23314928241472513,0.6124048696474494,53.275096955204674,8.64811295195016
0.8736614581341076,0.30870810157172346,0.3473098698831262,0.6071990802278949,53.891358058092045,8.634014770815169
0.6710469605697428,0.5025408935845277,0.4520044363391785,0.6171432023828863,54.04788895367051,8.59794798616158
0.6900662302341514,0.5860002935962759,0.29016098928435313,0.6218694290572998,54.96173859361393,8.636529207042056
0.802603122900124,0.32002463321234165,0.36293856599258795,0.6186226050692989,55.13501709373977,8.642835679364568
0.7896220425432455,0.39463783219879217,0.6309859360963724,0.6267061645803139,54.40268625411072,8.65907471981645
0.9114135705216849,0.605213071787186,0.6010797181464994,0.6274388822732093,55.024306702822045,8.691258213205701
1.0498556389058282,0.5777378268238194,0.4140527441404738,0.6311472101070266,54.637648744670585,8.687851102364114
1.0125834103543525,0.5694034570307495,0.5533598173175374,0.6269214961345505,54.85396583910001,8.698462691859929
1.0850428936832899,0.4808229621496721,0.7137564632474442,0.6207315491569669,55.33850102054297,8.736269463226506
0.7930752470318901,0.29024577207774277,0.5624770742104612,0.625598359048962,55.494483198311286,8.706070778204268
0.5411092720112055,0.40133821881789766,0.6136124699808821,0.6246697732028754,54.01170994244834,8.767283990517747
0.5997902400553238,0.22516385141301987,0.48822749107751856,0.622098699047365,53.707896693946566,8.726573848172578
0.8187309786837602,-0.0020975756968486968,0.6216591146114886,0.6237699969865245,53.61847176443488,8.751783963932251
0.7390981059907118,0.2442703480259008,0.5561981865956884,0.6239624141934097,54.56907089082885,8.754375928091944
0.7287460184389586,0.0979975989445849,0.48248907973224575,0.6212532764113151,54.362467464930106,8.772468382670018
0.6619640978474597,0.2156186691627207,0.6162318812785366,0.6231712310289221,53.98225969017011,8.788891839901462
0.5804977675986924,0.27060190278472784,0.5743487516429759,0.6292586314117227,54.46848535806159,8.798676704801778
0.8516005292185188,0.06382541857828206,0.35980578878635294,0.630328260546856,54.803454692053606,8.784937653387589
0.8790581726633915,0.045363646782519265,0.23357866332806476,0.6322491899013144,53.95410943344282,8.78754170645105
0.9687609474960814,0.23291723202986514,0.3661074643580149,0.6297668528638329,53.45355326943233,8.870063435818114
1.1469848354802399,0.13195727419354197,0.40737052225370113,0.6323404083208757,54.48478109509972,8.820320313207988
1.21920147801331,0.19481327887533095,0.474506249393366,0.6362606171223657,55.75834006415239,8.85398424877344
1.225131220518194,0.3501737181154866,0.38252270985863973,0.6475229875450175,56.706719765820324,8.817847173789536
1.3359999652374666,0.36114727777454325,0.6240794005678891,0.6473744791512731,56.081274162421515,8.854407745601906
1.27840675727793,0.4514446297124068,0.6659386286870428,0.6448567493559626,55.84017674596588,8.867456012320352
1.3398293262374956,0.3256341971787689,0.6746643509177674,0.6437501084174084,56.17047292348268,8.889456301398557
1.3325751532340373,0.42218389108967197,0.6682221016864954,0.6329347848327023,56.69075915463249,8.835550917180163
1.162644925049471,0.769226367374937,0.8338700371368869,0.6289418902782742,56.405305377123476,8.903322812261568
1.2671740017352922,0.9354404747131296,0.9575272713272298,0.6248763592833175,56.97296770321234,8.887005170892643
1.423500211229089,0.8251331856913422,1.0618346689631377,0.617637192703221,57.90213276027214,8.926486914223899
1.4367284788498087,0.8429950036676652,1.0450074192127847,0.6316469348189039,58.40734322227689,8.909273416063236
1.5074700252739894,0.806962826269395,1.0722750488667288,0.6264328705954428,57.54988066439163,8.922890346081488
1.3883850777424098,0.8135799844972285,1.1261773017635517,0.6132228666775548,56.49852619412866,8.944527447792135
1.3139952474611871,0.7776525926842848,0.8208411040415863,0.6178966254305248,57.118309804193544,8.938953410607937
1.3653106214662847,0.9435381776098246,0.8279817221177378,0.6099057237314884,58.41989151935559,8.960489311065293
1.4276108313309488,1.0689060433590503,0.7941128536934728,0.6057917704190009,58.19268095593079,8.956132484629133
1.2357617024569936,0.7769328640396651,0.7873696251150646,0.6098430143713919,57.36029130090137,8.953336590966027
1.1912956115076068,0.7088094964586465,0.8409082953574879,0.6242336199741311,57.927069114282844,9.020359141048589
1.1019491234472,0.5116894656754731,0.9025805175957953,0.6304138718720637,57.782461098200145,8.98407902614352
0.9988709330648258,0.465332361250183,0.6894863526545573,0.6387582487460136,57.52990173575123,9.01642638224784
1.0105013565640477,0.5717507910658925,0.5004148498786365,0.63077128628851,56.52026357565039,9.045057821629875
0.892110160545345,0.854933817726393,0.39951504212233474,0.6334909732923719,57.5731400967086,9.02770111794968
0.832597622885055,1.114246099826801,0.46214238020219484,0.6363717937198657,57.26055249296644,9.03349668200509
0.7140386131018076,1.133650420677998,0.4672176811626255,0.626919122478654,57.40335928979133,9.064524761773349
0.7747073973442568,0.9757427365377641,0.5695345961584499,0.6329012333577111,57.06526860952024,9.092358676454545
0.7193197150905879,0.9647201291586527,0.5189858732177177,0.631510069509757,56.4940309449746,9.056613694698273
1.018053550802917,1.2043655389484655,0.5455600462609821,0.63171808013463,57.39253249693347,9.08699704335965
0.951123192703386,1.0676758516469018,0.2958092954442204,0.6243139547266832,57.5616661819373,9.065350108100652
1.0130869029855751,1.3475748869960227,0.019323437394381394,0.6346453968713656,58.61503764255796,9.102135979926356
1.0358655853462284,1.4095509271368456,0.13941385247143367,0.6333472584966392,58.022102027409936,9.120684093690762
1.066480523344905,1.4348770524472632,0.010203758377107696,0.626078431245763,58.56125632674404,9.1129075071649
1.038555859587279,1.30247456570076,0.1258624033735782,0.6235493101713565,58.10842976214769,9.130860163323495
1.0625291536317574,1.0342132081881172,0.07964315025895616,0.6252807986305116,57.89274528311815,9.121835464633852
1.2600192149844627,1.0580067893479075,0.4567665467366643,0.6389404389917706,58.111774914356616,9.16154157222763
1.2047695669804357,1.0151729695917016,0.5526953020530907,0.6359057401405231,57.945379734872475,9.191113884977662
1.0962925836943347,0.9064640663754909,0.49250110711802353,0.6335050028216056,57.21246378918035,9.15805712260459
0.9000909069366786,0.7082549375173853,0.47828010018234773,0.6373267344208682,56.67697579235043,9.177546564668951
1.0389467017010152,0.7848436601615745,0.7217866021109332,0.6329699398554232,55.73442242355851,9.210050924929083
0.9150949352765748,0.6837880119480011,1.0240428428870172,0.6182352137905833,55.26296386203027,9.234241814386456
0.9041683306032461,0.707130059670497,0.8324964102567648,0.6172895425383987,55.46659607448612,9.190136203755822
0.6771257174160407,0.8253768311225589,0.8674758244783092,0.6241055323598179,56.03027422279877,9.22662430525168
0.8068747298302794,0.7587966410606556,0.7043660010999939,0.628365214955186,56.52455246620317,9.24566261644639
0.6273686830579274,0.7840839825849086,0.7788125419961418,0.6224932090721766,57.0250822098288,9.247958872187423
0.511401643642174,0.5915916819504634,0.5045480022289578,0.6129007023371921,56.0164012928587,9.210464158662456
0.5311767151160496,0.615178867384163,0.38109092080726137,0.6159195718287507,55.930717417421704,9.280021800186177
0.7330872757775957,0.7411346555617914,0.2796234730370119,0.6247226607430746,57.299339212094786,9.310386727021813
0.7078180466635257,0.9366321269597228,0.05900018513478542,0.6212705708160711,56.735594248614845,9.29233323502339
0.5456497152912879,0.8638571461577292,0.045600851406326595,0.6304965524782941,57.20628523413971,9.279377878934117
0.8371317484595122,0.7793754076471588,-0.20717863874047096,0.6370394864906521,57.480917636959774,9.299737455072714
0.6797481872862596,0.5823825833903367,-0.24486712129420338,0.6404337187530739,58.44259590257154,9.355398261353113
0.5305944694012281,0.3798022570013694,-0.05136580202126693,0.6431927728937323,58.673895547243035,9.348199250817212
0.4558060477971363,0.4699720122627002,0.09051264549756861,0.6319787940312401,57.77836216200187,9.352800532367686
0.558634112123312,0.461190185340553,0.020390572109584112,0.6357910631951122,58.05413273095762,9.357128251670687
0.5131178114204589,0.620998682119053,-0.07472422741789483,0.639700206452566,57.75545959581005,9.34677725775618
0.5469470649270015,0.6652578581110364,-0.19728019798934088,0.6435592234467771,58.13124221151567,9.365988576386886
0.41548952966374664,0.5969822352437237,-0.11401132325135872,0.6394924390446259,57.87028326667739,9.37844154528643
0.3663714889804319,0.4466117472485121,-0.01684425000695803,0.635851066053255,57.767019637752604,9.40099148632129
0.29457579806572165,0.5464631210616313,-0.17375633909468607,0.630943493057336,57.624725947646276,9.43017837788534
0.19442062023273637,0.5962921777128245,-0.03845132315525155,0.6295493242651959,56.064569184469576,9.432366762735862
0.4049569243532861,0.7978532742066327,0.1959227155627919,0.6328985182181739,54.42600874020921,9.39161231288408
0.6156347299204155,0.7815245470469832,0.19857971970506544,0.6287362493207818,53.716735871008424,9.43447989937802
0.7570117808029081,0.47772377573432745,0.020104700839389443,0.6413301359792614,54.10794217595151,9.454735266903358
0.7009235228886133,0.5304903823254878,0.014517495979480132,0.6418393557858677,53.520281566448524,9.462377206602891
0.65120908379227,0.43311190161297386,-0.15704677190502672,0.6389633484166594,53.21318807146755,9.447415324732251
0.5118974283572695,0.3424287935170134,-0.12290548416036744,0.634404680551329,52.46342406275846,9.528282184315367
0.48367355162765924,0.4116422058720426,0.05739596100259725,0.6417424505021208,52.924483788587814,9.454458308753376
0.5651301559166606,0.4390448928539218,0.045144857133933056,0.6468084952171111,53.73414924842037,9.46833623106668
0.6697517862811765,0.4757275262647779,0.05837755564273038,0.6612010849883792,53.593162981104285,9.504671901625231
0.6184263893876508,0.4959026638099561,0.039517641153891524,0.6544008515305476,55.51601139853045,9.552336061099275
0.4289671254557998,0.5156295483571715,0.13299144860051956,0.6519649140226884,56.597345660293286,9.503276102985916
0.5839759685241234,0.4322092985303234,0.07172040451535225,0.6514991687667007,56.31951173803192,9.52468343268706
0.3918119473631592,0.7693098260825355,0.10236761791563023,0.6427558815202341,56.14518779083928,9.561545873460314
0.6112648034376467,0.686291445056999,-0.07601698197088168,0.6422271060458481,55.635562060145034,9.549642756902246
0.7988046514509503,0.6978193137596667,0.15239073374574408,0.6436782565853074,56.37835867713873,9.553307922909395
0.9143855766375124,0.7990075739246514,0.3391080695131092,0.6594690047663095,57.35050287064924,9.581312658037737
0.9766357025793418,0.5526079964698674,0.2243155430697497,0.6549581781214947,57.50469121221662,9.585450359804591
0.9977874099318635,0.6332463786362947,0.36985825649711856,0.6478223546467479,57.92195295269259,9.610608775712736
1.08689808798731,0.42488742643987293,0.46101665304712236,0.6379512403525933,57.785769852421666,9.625829377781306
1.185322597632183,0.2284916399242972,0.4273541729227789,0.6319821226364601,57.8875508219909,9.616140061200106
1.3308434533044338,0.00847062600890781,0.22112587039554712,0.6290747894699007,57.59934815986789,9.625834654507567
1.2580821649390184,0.2569068716544012,0.34863372173486223,0.631943880187046,58.71601649096253,9.634282219645725
1.258038509632612,0.07335797077292977,0.440792305114157,0.6404062762933271,58.85248710677787,9.649782611132986
1.2910354443018055,0.20117752566764152,0.6398033426906609,0.6454716824822531,59.91468383511452,9.65110341275743
1.1898384757411677,0.1850969303134795,0.5322803251735548,0.6424100312472911,60.713457475295755,9.659987830353554
1.3249719933999302,0.0005941248464071735,0.45878091249418584,0.6272090526554528,60.06784131422508,9.693932542416544
1.2646942665953347,0.06713704116782077,0.49787273897255896,0.6244421368374274,59.84153872847228,9.7103223236071
1.0775606966648579,0.150424759046895,0.44516595129572983,0.6245956769674241,59.79211374094645,9.659848941107333
1.0268136584522416,0.23834392909788288,0.5134976037287546,0.6249230565334674,59.8842027437115,9.700200423034811
0.8265080359745698,0.3193540650596237,0.4652071184266237,0.6290712882348279,58.557854668031894,9.696226111331097
0.8916350701863545,0.48816364329313905,0.46866560454306255,0.6276008969016018,59.73315827137893,9.71378057067028
0.7561870927803234,0.4276449164373485,0.3107246993687931,0.6226878599472417,58.769631460756,9.738050324194706
0.7212571151706275,0.602882974423321,0.11139908989033827,0.6216062332205788,58.867085822776424,9.753388767430849
0.3890061168141864,0.5949319634474111,0.15714940088032275,0.6258882317263839,59.098621433430445,9.747757471127771
0.412129511378265,0.6131070822001797,0.0719289139158424,0.6220410991635177,58.06396626224053,9.721733193305544
-0.009637668292652845,0.651809946377718,-0.1809088642626801,0.6136720360787915,57.66389408275065,9.750699088388476
-0.1632973592937315,0.7226877112867037,-0.4545805415623148,0.6170211650617063,57.688716200196566,9.797929993404004
0.05653641281556234,0.625706436970746,-0.4075380289631442,0.6228829260721455,56.154894251467816,9.735191471559302
0.12302078347262597,0.5454921991697991,-0.5223951622169956,0.6225697079656406,56.08459075782948,9.82374854303364
0.23438650168166983,0.5051776743558024,-0.5049503015555816,0.6268489923890638,56.874704194070866,9.820424599812892
0.0543393287529355,0.5241264769519597,-0.5306503236300057,0.6280618896544077,55.675372681196414,9.8463235216306
0.11554538735203593,0.46965480520460756,-0.5715459890841114,0.6350182707632188,55.1456774046027,9.82602861626238
0.1605182730475164,0.36176646018196756,-0.3476447492791152,0.6376149685516035,55.87053632006653,9.79877189151954
0.23435067350587455,0.1416388407491154,-0.44949678235025486,0.6189755334602915,55.35145002514615,9.85860725283013
0.43063593189055654,0.1551474709338947,-0.23438906422127576,0.6237817354357628,56.37842099872321,9.885493062480766
0.7614748898940787,0.1959007621417156,-0.1997121515655921,0.6342588310765678,56.75948479307465,9.88849443611027
0.8984835511427439,0.32683895639296934,0.026310321760899147,0.6304363442368762,56.19975811667244,9.86674617033024
0.8258454657108267,0.40490767623350343,0.1656024929131245,0.6391566626725359,57.238034738586805,9.891735221509254
0.768818526923558,0.3172366196572026,0.2396085171211197,0.6350292759942177,57.28124217668725,9.889343274624402
0.5228140801856919,0.3205724621539134,0.2313941547596378,0.6371973743919649,56.57699007836446,9.893614670716213
0.5955087525296128,0.1371125855163644,0.36172921940381775,0.6411236406269153,57.454006119001384,9.939107771423595
0.5327962596270901,0.07754726425916708,0.45524347543599014,0.6364726238868146,57.921744441977864,9.906049353774696
0.43370930882971476,0.06649560476541981,0.4099519056923352,0.6221805634411803,56.211670234308656,9.922123671388368
0.5221505447434328,-0.0020475467079787758,0.4328033917898633,0.6299554939148009,56.83113214714333,9.927919487330554
0.5522941635347295,-0.07062161957348592,0.3850914371892393,0.6370903531462053,55.87055504318674,9.93019504953402
0.5293570168869227,-0.07802220532835787,0.49518303925060875,0.6344797927991861,55.70380918479975,9.972928285836852
0.4950503315746687,-0.14574347647449465,0.3780982931568352,0.6349804610715568,55.26826934496073,10.00323006096964
0.5503348220938908,-0.2417621392167974,0.14654000486776061,0.6310959332168458,56.01129759096225,9.986302464875097
0.6701468812407951,-0.1287452713002659,-0.050573432413109166,0.632762067394486,55.481598823352115,9.969885043988716
0.9674985326575604,-0.017540261040637616,-0.16900176290030244,0.6305606860178832,56.1068522555312,10.02679889079484
0.9988941041846967,0.07801649303609118,-0.31609253101641344,0.6286708152386002,55.83541825023826,10.0537140350807
1.0031136474969784,0.11642521247062314,-0.27572236474144957,0.6356239494873155,56.364559791017406,10.017075153517068
1.1738127761308883,0.2926860555059604,-0.36543173661858114,0.6569083416416122,57.262013790249696,10.030428914665649
1.2419861402447183,0.5722685196812958,-0.2811517868390915,0.6633307540710938,55.75424579695791,10.060313212601669
1.1524516058455987,0.5350682143275147,-0.26088949323376653,0.6641257103800122,55.60868034981117,10.092437474955702
1.1525992961701539,0.7190090303500295,-0.4785918517434597,0.6634233142756104,56.01364042797085,10.059603317085497
1.3153872629634265,0.7799937898857416,-0.3134010252215661,0.6626691045096698,56.509895149322915,10.053351004380035
1.2053202599548132,0.6588048643333023,-0.13037587982186757,0.6584953594668636,55.748252098854394,10.102628372125448
1.1978389191427048,0.8134282210689612,-0.09055049378070212,0.6608280427798887,56.741012059697404,10.115981361462843
1.1258503076037272,0.9501111627227241,0.11185316910069769,0.6581292423979288,57.20018672507523,10.110122629008703
1.3281281541572958,0.8930965275834566,0.1482890127233554,0.6566484485567041,56.13793484772926,10.108837334806852
1.3246178464019556,0.8290835935410831,0.14246719785930567,0.6549342447738177,57.032547371547786,10.14988757461984
1.429106691640181,0.7640763682220271,0.1056535068545272,0.6449706033468571,57.45326216265155,10.15056072009096
1.41026402772733,0.6577516311520045,-0.12466118668051047,0.6434988213321031,58.310385977791306,10.13463128966193
1.2563177016461713,0.8434292193951641,-0.1660568823755339,0.6392974044074606,59.26716465004387,10.160981894626111
1.1451267343556015,0.7950867362737438,0.01877804248231758,0.6394351513626615,60.36311632985316,10.142965849359507
1.0088515282872952,0.7535885099438466,-0.08613008715978215,0.6421379480158765,60.04449127714882,10.193717809128758
1.105506440366603,0.7363394630144475,-0.2852556093996794,0.6359744935344234,59.83732818873436,10.184755328612342
1.0267653788897797,0.7597653063275539,-0.22550184998777817,0.6445054784106627,58.31438861722072,10.191285783352306
0.9503502143097414,0.7235029507555233,-0.24023413087767423,0.6501082531971941,57.936610903475284,10.209342510296953
0.7411034641041756,0.8133901939996095,-0.15871621200747837,0.6500034198243518,58.739545666174784,10.220806153986606
1.024964078057378,0.901364618146097,-0.1498757484808609,0.6435058306651056,57.62878954379452,10.247898601231311
1.0248368110339836,0.6470595582326218,-0.09008002968925796,0.6565251124582658,56.924931048848904,10.251821810626504
1.0493928959381813,0.6719073397782881,0.20675980517734532,0.648779992286842,55.908178830419864,10.246871814424145
1.1190498403995055,0.6745372934521976,0.12778158862469383,0.6453238882647362,55.557325343418015,10.27527336299438
1.1801563527598231,0.6348311071386644,0.18926791110237895,0.6500810749991287,55.109486662206294,10.278014745073833
1.2742576771353562,0.7087686880593477,0.3475823879013652,0.6557946022177064,55.5404854476986,10.27146800727428
1.1302766222583833,0.8085800148189094,0.5144336511400402,0.666721978740366,55.88029469628644,10.287505636835272
1.0529702159955583,0.7608806737725721,0.5345285327882007,0.6669791053398986,56.292586332343674,10.29703554222314
0.9441966052847166,0.5425270776870307,0.455126751005359,0.6695856010507175,56.432015060696514,10.320105226863484
0.9872691730544021,0.563682774032857,0.5635822172637679,0.6655726715864704,56.0597747536922,10.312659547705568
0.8384765274465492,0.5511668802504072,0.403392019819209,0.6690748656247355,55.705294798942724,10.322191816271568
0.6181183604896,0.727380259736521,0.37374851196819764,0.6560786972322781,55.65952772666441,10.37937514618868
0.7325994661342593,0.6395739282778491,0.2171783420889392,0.6719294268575335,56.494627156572655,10.368794709634942
0.6069373483002645,0.5697927615657152,0.4589184496371468,0.6672275983500543,56.50622493554363,10.344787986711497
0.4492115238905157,0.6591884174362445,0.4484965816740941,0.6713042559513619,55.12957405581879,10.381418819878846
0.41101970475653066,0.5036484947518198,0.23386029466860309,0.6693457222269845,55.23367358073218,10.382367001313105
0.6187235878206458,0.3769703448023935,0.15509611299675288,0.6688881738836654,55.000055690051624,10.397831023505203
0.8135688069918267,0.496039979660023,0.1142736194351361,0.6594831170182511,55.241756197326325,10.402746826491304
0.9352535843757508,0.7367236584247306,0.09648182301961014,0.6528831248469279,55.91863022914815,10.433792852909704
1.0039141517414119,0.6104244410280402,0.09111941191219214,0.6620606020003797,55.69572160082041,10.42691240689303
0.9360585071041265,0.6974024843692905,0.09659998965353857,0.6667604420181286,55.74936008213573,10.428758226035717
0.9678292196230412,0.6251460521365096,0.3548478994064698,0.6702245242408698,55.64753589066313,10.46084381153966
0.8995113333257644,0.6890193035793989,0.4777840431156338,0.6599598301130593,56.75072968807929,10.454665700821758
1.0880349837503998,0.7321608130743626,0.46346223256633357,0.6640927066451934,56.84311360736335,10.462429571586584
1.0775480523560161,0.6266871529250272,0.37954891590124784,0.6504288484005599,57.03804716766989,10.476280452049725
1.2034717017556678,0.5925588471166567,0.46171681798589104,0.6537691021501366,57.79686857571439,10.478127819532672
1.2374858031922569,0.6847342889853463,0.34978980521343983,0.651842356142821,57.925101774689004,10.490184539859907
1.0072515601785765,0.41872854404312737,0.3591132770579186,0.6476663758182928,58.61039606034128,10.488266108224762
1.093435136092271,0.19797275237748166,0.479815059187117,0.6493286298590532,57.546972817958135,10.49497665560752
1.0356848676604744,0.3210530299095554,0.5118898076511084,0.6433834311589012,57.6061605273409,10.50002859227035
1.066317887475995,0.18107808750040832,0.5387058370387434,0.6328393131200729,58.11690999651554,10.502160334264058
1.0292648983685944,0.30015260815325207,0.3416345559083092,0.6240335755649605,58.34066831925959,10.52240565277231
0.8744513641091813,0.4231003391801863,0.24403906300812434,0.6185739062144336,58.356954053308684,10.54651465931066
0.8073784654517541,0.3362444391682802,-0.004268626129964282,0.6196535805282052,57.45300384921798,10.562062351648914
1.0830053793591747,0.38419750627989757,0.10151764738993123,0.6238969872682883,58.69652620159786,10.564574068737048
0.9904261561290879,0.5131144208952779,0.044470084265110926,0.6118080555798695,58.094898960599586,10.532885930197454
0.8160703837887915,0.6299405902452788,0.16860362874140938,0.6199445185771089,58.151240443296295,10.621491727155249
0.9565113212876384,0.7297271456114591,0.17623233039843156,0.6311790946531866,58.44634057888585,10.621729602457808
0.632791502163949,0.8877494452969235,0.04829039320367872,0.6301198251686817,58.31060249859045,10.61891519702434
0.698979849855945,0.9432640065963721,-0.08166301338098672,0.6339586854683189,59.124582647248836,10.658149813451066
0.4996558916788037,0.891645600301165,0.007849108583985884,0.6436038923339493,57.60907563286155,10.610452717650327
0.5191571092060918,0.9109278371952778,0.007571312196175574,0.6537906928474542,57.52877244407897,10.67775250241252
0.4750672528203418,0.8515041424148068,-0.04978752980707679,0.6555097787547974,56.165511188451475,10.63069571846499
0.34886930863045496,0.8337526931604003,0.12210125563199689,0.663175666990761,56.18055169771774,10.664774758505828
0.34839388172542984,0.8141778636780703,0.22868545644691504,0.6642725872179861,55.31214385508139,10.644523253497317
0.2479785424178568,0.8331140889553315,0.31543061104661835,0.6658712590580886,55.56782622640172,10.680293881910886
0.32040516008259834,0.7655543169319152,0.4349388657969634,0.6595219499584255,55.77676132147142,10.697723329959969
0.23925802741290472,0.8658284319433551,0.34146900861433443,0.6598559976805033,55.4877687795875,10.69690619337731
0.5725311684812838,1.0285192765957665,0.4365364012572085,0.6768335989123687,55.47719465747353,10.724277548881805
0.4660515838331583,0.90226761509065,0.3278614660496871,0.6696158248602614,55.236726646867396,10.721980288989746
0.5124385355751706,0.8885012340344497,0.20208732929482878,0.6711660570931708,56.659789384814,10.71955170543245
0.649024107943257,0.8325393241824575,0.1656933749183214,0.6633045808569475,57.494960198223566,10.728663733643954
0.7123302353727996,0.8165383279948448,0.35808686866924255,0.6714573587994799,58.35260791619046,10.766218275452314
0.6868549893619745,0.8703521380546736,0.42149338259944125,0.6587873363800234,59.001747092167236,10.74692515940386
0.5286755908105906,1.0124562578684642,0.2807895260971824,0.6553559732791772,58.66774597095669,10.7883080594097
0.7262364862882701,0.8108346156414801,0.11388814496580624,0.6582988704407996,58.15554387178039,10.804454235856635
0.7773230686096072,0.9016296969290245,-0.004994343522570663,0.6552159671291793,57.536467155542326,10.756625722753078
0.747864709339799,0.7343176471029816,0.1645552480244788,0.6456997279324873,57.26554357281458,10.822658527746022
0.6659496524687032,0.6704400252882227,0.1666901251944913,0.6361984140410128,57.739563481886805,10.851208453968894
0.6268187545239988,0.9488620008949804,0.09240499688505308,0.6474744727143654,57.91979042086886,10.825040075224038
0.9635075715819992,1.0108726394584706,0.15142310297778558,0.6471207212518002,57.83923618976634,10.841981683705896
0.9027892311434998,0.9261069033335725,0.21930986545034722,0.657406624925684,57.38641846257916,10.860740106487382
0.9958838504617973,0.9404812785453857,0.15410642110223866,0.6557119237769524,57.07675122644399,10.844490353696418
1.2552851820140163,0.9254266879773587,-0.16015054573319082,0.6571228472380197,56.81070832574809,10.863645604470756
1.3226904102963182,0.7761313368784789,-0.20030601734508702,0.670396537940816,56.803786662837844,10.843716009407538
1.1474250129338759,0.9131025959314922,-0.032373686226668974,0.6713930901352303,56.25969075492914,10.88277270057061
1.043482650097088,0.6524152550350129,0.07257297590527563,0.6756933216619296,56.194158718540294,10.899962239912892
1.071902533879527,0.712189399527926,0.11204613158037542,0.6869103583340088,56.595512574962925,10.91032326045853
1.103820876943445,0.4718506685272262,0.15310703864492584,0.6860414859247056,56.117179604978844,10.931308494471953
1.2094621327119406,0.22385868799688463,0.25784974446433667,0.6735691780242047,55.64783685403245,10.904503956437289
1.0076967192196455,0.4454593841485483,0.15643871369552276,0.6661231887420408,55.91375980707689,10.91934786486653
1.0434819780011075,0.37533624533792814,0.123898612545784,0.664785932134774,56.173190124168585,10.977910146919829
0.9931209515542017,0.37126981234119316,0.1707901022564507,0.6620041448158951,55.568918508416154,10.946993432524726
0.8986709214656861,0.38265842131341116,0.530105735260418,0.6686294552989185,56.33254880603973,10.964000675746249
0.6756867333928832,0.35979536328349904,0.6177304411797122,0.6657496540686567,57.36606794236953,10.968659799165495
0.793938511728261,0.4368655478608766,0.6467170446135201,0.6724000088137002,57.68600992524621,10.9635663834739
0.8489371405096173,0.6634098299639788,0.6000772087420249,0.6693848746338115,57.62881413229466,11.022470584217835
0.9566130737200484,0.7224267413218032,0.4755369737837329,0.6606158209515456,57.994934710064456,10.989445971761588
0.6714245558347229,0.888789821807954,0.40463121068902,0.6569119979258436,58.280111631287184,10.98745428952586
0.808213868232157,0.9055431027560464,0.6518896120833763,0.6688252453747354,57.296274139104824,11.010985194453944
0.7897751131189691,0.7005280659848374,0.748791423358049,0.6763271131192353,56.37036570586291,10.989965879965489
0.8280441833542221,0.7182355397834309,0.9499319762767039,0.6685698500383326,55.992484107895926,11.026974250700338
0.7328400449355865,0.5549458051371849,0.8179233764481715,0.6749689842881241,55.95787717166725,11.030637428042954
0.7869687126932938,0.8783233777276859,0.811478532746766,0.6740689052943764,55.25978357095281,11.072348572618546
0.8821620211121983,1.0313391896773954,0.6000995197087633,0.6661594315984983,54.71945459594743,11.056531715208802
0.7288671538554291,0.8177664004778696,0.6161132556865845,0.6590259230501918,56.02265478940468,11.097756078711576
0.8863362379353678,0.6520873123730709,0.5048296753947554,0.6528811790633275,56.29649422894196,11.117969679861384
0.7681817831561271,0.6437844558494146,0.4192722290199443,0.6527054300930233,56.24436774998583,11.115623506725752
1.0802654045765279,0.6022643065603727,0.45448906075793055,0.6605803529699779,57.03932255446246,11.105692234222795
0.9591495034503895,0.690855365436889,0.388886685176424,0.6524083421949806,58.87351432569502,11.122822289934112
1.0233914513462268,0.7271552965587416,0.39900574003779166,0.650725832601344,59.72288033758474,11.09950030119712
0.9283298564698921,0.8236967602406787,0.08798366306249605,0.6488718451329076,58.87306853908208,11.137324412549576
1.0695313457121272,0.9395976026809574,0.11135940021973609,0.6423026976181967,59.69215025975691,11.132791230638665
1.2493103100127567,0.6538492978058655,-0.029569945425960188,0.635540621390531,60.430210051812494,11.173886527622988
1.3496047829098232,0.3080231394838807,0.16630091642077321,0.6388392003730322,60.380626355083585,11.22145504778489
1.4328063799339599,0.420722450073611,0.20302735158228674,0.6418084862251361,60.52893895093443,11.189996432719475
1.3471834804311018,0.46839943934838413,0.27112024519132916,0.6495465893834752,61.111230652612655,11.150177197020906
1.4775191100862943,0.4383058120938335,0.5985546940047038,0.6521680032893824,60.86624440423327,11.192775396141714
1.5751936496074195,0.6826770696428254,0.5994821623586681,0.6401503805295532,60.7022026416484,11.21244981850749
1.5527746950245216,0.6651086896849668,0.46424973103991096,0.6497398069115352,60.15888069543339,11.221747148505203
1.3896208112372719,0.6598231374495444,0.3879445371305075,0.6499919025641665,58.777246111873524,11.215383737487825
1.538636870236083,0.7651205506740071,0.5119375792862604,0.6544102761348028,59.516469172888414,11.24490583485274
1.3882210269706512,0.7811732240054401,0.487840759320172,0.6558088688308462,59.89178871664101,11.225149983261613
1.1788578112537866,0.8151652094477386,0.5929721699675669,0.6609132469112733,58.970941065515674,11.241101825546298
1.1099069022382688,1.0983521430705065,0.584745967760332,0.6632479090124114,58.90688632844551,11.282915952832074
1.084097959190532,1.3275582996374276,0.3722069966021512,0.666737337347691,57.51932419928695,11.259686735382402
1.0126235569031778,1.3001819365573148,0.395731351512034,0.6554443784273966,57.988516678984695,11.300764232109849
0.9349214814354662,1.3305958393740567,0.2776915353470427,0.6517771289310011,58.55227418194791,11.27261072450688
0.859125322586016,0.9400036631420091,0.40842859497382644,0.6566373139603553,57.57429734160521,11.345296517675836
0.9573382235720217,0.959378598255251,0.532179040457452,0.6526401350252209,57.488409378999904,11.30451460155192
1.1177069412795275,0.8994347527503288,0.7697778399404122,0.6576981341103584,58.40171556764616,11.325526668563931
0.9306629208034121,0.7660897582185424,0.8024097895750751,0.652990421708099,58.965905325727626,11.346612265221808
1.1424209732171762,0.6888838151002782,0.8752370828000633,0.6506894834975473,58.62931081355545,11.338693000949975
1.2318192718687961,0.7450278750160123,0.9045144913840619,0.6508585594370375,59.44610723224183,11.362868119221426
1.1852008716400921,0.7767600971151343,0.7253457873709414,0.645904869044383,59.73095067154484,11.381507134490404
1.2520695095674363,0.447105840013989,0.8086961649540371,0.6419339536457905,61.72821989452119,11.399212264650073
1.2900253390512375,0.5662599316730128,0.7145712495788388,0.6546654024590701,60.32944467724553,11.40582994871946
1.2288480634532704,0.4485105755433977,0.6856908424200755,0.6522329884255906,58.64054473414886,11.396563790723947
1.324941465643963,0.41587003450046556,0.6562673221879006,0.6557897545099852,58.89308204419908,11.407067364519127
1.1492795763179051,0.3391889018502511,0.508176894915917,0.6461423495880338,58.042586874055,11.4669821711605
1.1171985877967208,0.40078111117972604,0.1934191908793551,0.637512063832799,57.64375072576463,11.448997781364984
1.1250218651804578,0.6857612782012342,0.1465459150569214,0.6398662806613048,56.842769041980546,11.421563526873594
1.0308858493928281,0.7591380891875419,0.19941948585784675,0.6508733475165764,56.13398101347417,11.451999763275312
0.8030260880939034,0.5243665042040948,0.1285893842237485,0.6522049658026575,55.2579671395231,11.453297137224435
0.7824965776312325,0.37661549641920655,0.30504314689430073,0.6453493456425374,55.358265353722445,11.46729331532154
0.8829218732518033,0.6038974006332325,0.31234514757007803,0.6372337928404044,53.64461568281614,11.45541009684584
0.72882326047194,0.8078201038466875,0.2620563469652531,0.6336928889288098,54.07596824071586,11.48176153531228
0.6601551721453678,0.7207515951242565,0.27602786539661706,0.642173879941193,55.38553426801518,11.536231115463876
0.30796027573689366,0.6591814847043327,0.06993486496960555,0.6420550465101765,55.20606606880578,11.52158152601751
0.2597844559542554,0.8685515443103956,0.34839936512128816,0.6515453674458851,55.86493521506416,11.47017677183697
0.11563262754941073,0.9389330779195152,0.6448379208452132,0.6603063146722362,56.80119430594421,11.55433446984996
0.2978561222744939,0.610003993123774,0.6283525632337948,0.6593987643262524,56.338215695563676,11.561792590458184
0.39799472273366987,0.6207427562263952,0.47622406343472107,0.655641977998428,55.61400535663479,11.542814293913873
0.439521993188477,0.49550156942657875,0.4135240506199039,0.6489988743536713,56.27152103483927,11.574345270875664
0.8094854582653968,0.5528883575298366,0.34711263177820106,0.6556233118128473,56.2655666627306,11.552812015783656
0.7489262969251181,0.4841039822976526,0.48715273766017403,0.6567255086291065,57.55791922353008,11.570594885674671
0.801854089689148,0.3682585559908905,0.6340548263980869,0.6553240934506361,57.733871911730304,11.619970927213396
0.6517675494304809,0.42603912901188,0.5097196184863171,0.6521668923419667,57.703773345939474,11.594565399202606
1.096915614332986,0.6231721206925679,0.7825492661468875,0.6510030797715748,57.99634624936781,11.5726053667609
1.0225693387086359,0.3441049775758784,0.5694278241023939,0.6506176052636176,58.28438077234331,11.618733935544377
0.9910532396367557,0.33125377243266724,0.5896184690053616,0.6403114998786423,58.94227716300221,11.628428232141712
0.9298235631071421,0.32912025041044884,0.5872180466578104,0.6422012110168737,58.8582126170801,11.66396737138747
1.0735318910898655,0.23541909490863072,0.6850255323126552,0.6303823841503227,60.26462146317182,11.650286728443517
1.2814890037417488,0.39998416635774314,0.7257883502298633,0.645501562707728,61.16650412664224,11.651568353771196
1.1133511314956133,0.4653320769068402,0.5611310113639526,0.6486511307645401,61.06866205879404,11.690901122904624
1.075364813246042,0.5189669083146456,0.6513325429985509,0.6553848664005926,60.86898643581486,11.682415804650022
1.1939043037579944,0.4036496743915688,0.7621127702579307,0.6648467538027738,60.482480885947325,11.674999546368683
1.5204525305070873,0.5094349061432728,0.7959138106757143,0.6590097864779711,60.06373524306703,11.723099951210834
1.32019221192801,0.35657888556602996,0.49700016625608007,0.6529543027032907,60.18538187888488,11.713873235290336
1.4702843652826165,0.41972552039775746,0.5271828926259426,0.6473067435711239,58.93512069124355,11.72005851933359
1.629279723471413,0.3897385201525988,0.45932609311202227,0.6517481125732971,57.52455131927428,11.733558167828232
1.4523410176668405,0.7419242985183461,0.5560730368543508,0.655000434200163,58.04525815147569,11.718586632571668
1.181013065629295,0.6721095168833994,0.539276611840837,0.6663290041403929,58.256631024536716,11.739446924476434
0.8740048986417639,0.9186806172641134,0.5591471097986399,0.6725157951088183,57.63206217517065,11.760071652036656
0.8084948202401124,0.953824707454776,0.8932000070889654,0.6629297224589163,57.66021124974984,11.766106726099506
0.6508750716415515,0.8966150732645705,0.7488402146972958,0.6685607902563688,57.254124179391866,11.805448567656333
0.45588938032500287,1.0965110157062727,0.5151676168555767,0.6579733950078991,57.493803510626286,11.79434811705454
0.3987007327447336,1.1304696004974037,0.6915008318829503,0.6613955111878133,58.11794105530852,11.817098078452728
0.5104966152653153,1.3148164985539985,0.9661466604188943,0.6640675453733155,58.112720888260846,11.810187907091516
0.5926229617534183,1.3400439350793703,1.2469535706312773,0.6651477579002304,59.257596414484205,11.841125769674925
0.4425470104641122,1.467993122051855,1.1262917955074074,0.6740526982383569,59.7160369746087,11.837950555131464
0.41969545197680536,1.316132573356393,1.1153705001076415,0.6762489859818503,60.61384771594949,11.84026840970777
0.5425548747453638,1.3653333842106359,0.8883602883108634,0.6728095477906598,59.999363231457366,11.84973433822082
0.6143166130941305,1.0875627779019625,0.8934085031597215,0.666847609222232,60.05865033004496,11.84091122747418
0.6024020570569624,0.9681506738422636,0.6942153015453935,0.6706750859233532,59.33770550116428,11.880138314402728
0.7569811739575687,0.8606550139799326,0.8301069586565539,0.6611208415776884,58.38334388820293,11.879195905309274
0.7712204564758417,0.6790123451253314,0.8579684096872194,0.653159615036188,58.81627993495766,11.879960160796376
0.7644833882581491,0.7661174483595063,0.5531512187607776,0.6527375773366273,58.17818995572698,11.92212923541624
0.49259540641492805,0.6820432003104819,0.3423207864832266,0.6567878898680322,57.953997989164975,11.884995679482104
0.3413417777026348,0.6836447645075264,-0.170076265948166,0.6619889903683457,58.377242794519915,11.91155008209135
0.5310848277622655,0.5676619867729508,0.017740480968054452,0.6544560350072397,58.21355636693867,11.95055437497559
0.47146306434919155,0.5434299886388383,-0.21269862683107546,0.6433322234734516,57.77837846380087,11.946310458818404
0.42214821562946925,0.3818806210164465,-0.0012856002523311816,0.6473749765503466,58.695739809973496,11.949042821446946
0.5191479713736913,0.45370714802624096,-0.2640242997343421,0.6419609946357185,58.98424325711038,11.965020070863003
0.597575078098168,0.49570541802020135,-0.24087665222979937,0.6533318701261547,60.343664895434145,11.973588283420977
0.5656760778852382,0.6962890071290996,-0.2685260179903116,0.6506645441514709,60.759208097161874,11.949666749074282
0.7996393626520455,0.654023056866462,-0.15464233370334426,0.6632547963630452,61.03799413492145,11.983014762293042
0.8023390585852995,0.34319580982030823,-0.0717159922615819,0.6609560021206858,60.61493779115921,12.032330433090277
0.8935158502476538,0.4514689569520483,-0.027352568943708622,0.6583038524810173,60.395580024705325,11.996813517304457
0.9665971612290629,0.3927868932270904,0.17235529352397944,0.6606043433411494,58.78247119498602,12.013633979717913
0.9896635670015076,0.2685897908636622,0.14486578079911866,0.6604560610737414,59.929683965808934,12.019167584733818
1.1545637436703042,0.12188400069825875,0.2150456472381978,0.6633966045867871,59.60494263125166,12.038259695533638
1.115290235277712,0.3286922353575818,0.27181401464614463,0.6595551559112509,58.84921032917315,12.038337543373515
1.047769642672764,0.3294596354067377,0.20951343161301636,0.6508423010004496,57.63162494813427,12.069734830043162
0.9269453517590136,0.08834649749533097,0.17891215497182916,0.6530713258292229,57.20015642999478,12.073946268245804
0.7650082074556372,0.05861705856780548,-0.033895646712248935,0.6616516758763039,57.16055045093365,12.09547095230214
0.8042666350600062,0.2358666444727457,-0.006270355107174952,0.6658299305602033,55.89993851605554,12.06898117667622
0.6680726575391462,0.48924595123733117,0.08269948879853503,0.6692790575809227,56.602394174863505,12.093193190342342
0.6424374881551402,0.31407807662468334,-0.05437906955165559,0.6687907531582585,56.346128562650016,12.105485547367756
0.5590818075780513,0.35803699913894194,-0.15432267119627208,0.6624409539884992,57.109801589135046,12.129112938201771
0.594959238651916,0.47692337055147976,-0.18136030668434233,0.6665093148722969,55.22707089370333,12.11413557605586
0.5612930600732022,0.5998091855054406,-0.052223806401185624,0.6673628182411628,54.95422972497316,12.158313076085168
0.6827228945032466,0.6856676071692811,-0.16903554660796372,0.6706973888789286,55.11390856253753,12.173728311810352
0.6862877971425948,0.6732965307717003,0.05367763574264558,0.6765857627234122,54.59395067728078,12.140222553047288
0.781192101403129,0.9026245291494108,0.18664028883648517,0.6610975685010745,53.512943153635455,12.16018254210213
0.838632719540182,0.859217786948669,0.18405581393624784,0.6594153775162352,53.7067234887583,12.169361369834158
0.8789047542818864,0.8778843520619208,0.11227140506774633,0.6480700459797561,54.09447644875885,12.24264772409355
0.8852460322011229,0.8837546439368902,0.3273593767496433,0.6510151772902599,54.87681144747607,12.191401997895843
0.9862334192864756,1.0770007167433713,0.3259048165884094,0.6478239778105321,56.51777269572396,12.243552508843123
1.1221666302196642,1.1061043699575066,0.23957725415417475,0.6564177465039065,56.509662289836726,12.194667360097869
1.0747688985534294,1.2483742530272504,0.29842561782082433,0.6517244568002878,57.8488236191821,12.210206980676713
1.0864498967779206,1.2300429306934564,0.23882544401939926,0.6545265918697484,58.942591916551216,12.226267909363036
0.9494084158202641,1.0776719278307387,0.26527150035024155,0.6547260346532224,58.56173586550938,12.23308621377107
1.0218534217256212,1.2919981417475548,0.23559663962985775,0.66160079056856,58.80338107914234,12.25464202531683
0.9799686016234516,1.3541607503865492,0.14035722397870726,0.6715230725657817,59.54495267962975,12.25582443594557
1.1606060149119775,1.2647001448386241,0.35233769061679254,0.6706616006635794,59.46686226311971,12.26361316814531
1.1678581985768333,1.0717404529104706,0.4417170590230414,0.6678302529114448,59.52793142551152,12.313169439929467
1.2315836582620605,1.031519190468522,0.31130314954521454,0.664373449764469,58.760219504444706,12.324475872450265
1.0643360855645092,0.9995038382841759,0.31240610579587197,0.6673823864662135,57.475054390760306,12.328985929967509
0.9928449889192331,1.0114222390808079,0.3828324034395806,0.6634307574842138,57.3401648111769,12.330479979111686
1.2101508092225743,0.9020790289311934,0.020922969152706906,0.6623033616369007,57.123285449980656,12.331854861315591
1.1490269145964316,1.0316703238193292,0.008206591315371515,0.6667739657275634,56.948777180655966,12.33005938618668
1.3266354613972404,1.2255052670866222,0.13605806086972907,0.660572547938884,56.66634210054874,12.330936849904898
1.4907391918900328,1.104803666227053,0.26622574839920715,0.6556107666908518,57.88530613712396,12.367259914068653
1.4507953641651414,1.129716234076346,0.2704118343222757,0.6617741569222965,57.01336275572055,12.346527392149063
1.4120205566872372,1.0713400828628878,0.10868539288236594,0.6674822437464296,56.817876826600376,12.360121581416491
1.3545227151240153,1.1596539216239405,-0.04005860909545693,0.6761948633751593,56.91390276981748,12.413058265124096
1.3730739158091094,1.3114988391096227,-0.10544767390244651,0.6767583492072712,56.38178044223986,12.438012980834442
1.4904109740398401,1.2439476070700743,0.11312025776640919,0.676821212713548,56.481762971797664,12.41786590276333
1.4417858837631605,1.1400268246714929,0.06700435082217848,0.6721758184404385,58.00044694957188,12.442129143045891
1.0830540732115017,1.0442589054943459,0.3812343836959856,0.6713394777738261,57.52761138270811,12.42508303365112
1.0992085717849334,0.7658717013289164,0.5557733510412574,0.6718211013639024,58.56238516049022,12.413246516278246
0.8136176608473601,0.580813032319105,0.4189504016478843,0.6739195356204063,59.37641898513637,12.462243432372372
0.6499707225486981,0.5252705003600472,0.43768320942663524,0.6675988353643767,58.96554921112742,12.471385786465405
0.6290470198966925,0.29115457739188194,0.7416573783106326,0.670662703870303,60.09605791953989,12.471433371077604
0.596242099440299,0.39654063816604357,0.7338105255252784,0.670696363012866,61.65722648635428,12.475152490837898
0.27852766879014196,0.4475474875764749,0.8423871829248808,0.6641047929753547,61.29658221531795,12.50924421157162
0.35024326239339565,0.1764130716149194,0.748462984460093,0.6650482298054384,61.06163307500632,12.48028533933145
0.45466899084758355,0.3507178905447811,0.6903576709137663,0.6689117779597672,60.97387817632655,12.494524388422189
0.3141783142683619,0.4871323292858965,0.8983309102945736,0.6818307639476258,60.06156047148536,12.499837869864791
0.453774440605465,0.6559711137340558,0.8882077736793821,0.6791381952418577,59.63126491642912,12.531699459252716
0.6421838906424544,0.6997227991095284,0.6933521527545595,0.6803830289015277,58.42897163768307,12.518242139757817
0.6443286117326188,0.8642233496554077,0.7558557569249712,0.6886328616494627,59.064329777354956,12.536315156389696
0.8088922998735258,0.7926526065013266,0.8323626877262061,0.692381414727608,59.10115386684193,12.545884888755456
0.9285063201990539,1.0228058955292894,0.5961182178719333,0.6822959594246196,58.723838923491066,12.56478783335332
0.8353413397271975,1.0389998331401296,0.7031086142193362,0.6756575464886369,57.15694278735386,12.55025251107192
0.986068792864849,1.0046690747863907,0.6404341103590707,0.681817917042413,58.11014310442597,12.591744099840746
1.0095282571786348,0.9784570692650453,0.7895872408091107,0.6839871710635144,58.26458364010573,12.624946073013293
0.934490696442043,0.7375935296996551,0.7997463065120878,0.686873948396396,59.57236266152192,12.612709827446334
1.188454656226885,0.7468089796986817,0.6589854691866639,0.6839448645416232,60.530118924727404,12.650826422896028
1.0596964362172503,0.5494879577403033,0.6717107337810673,0.6858879057664211,61.52852784929517,12.65667996371754
0.9545804156565879,0.6621638793618767,0.6748679975494515,0.6713140361051234,61.518748648428144,12.655554700944958
0.9348878641182699,0.4405694130356381,0.591301191069957,0.6643533393304921,61.19445294867269,12.651493716852736
0.7572228155826888,0.6351520613682837,0.4643718260689603,0.6691072577623203,61.673296467304546,12.66045000776491
0.6256449467826647,0.42344681683422936,0.4495900750970496,0.6718848735516584,61.423791294093064,12.685275995447263
0.6233079343825884,0.46206471364927604,0.23482550782368236,0.6755760128075939,61.476741914697115,12.67216658780992
0.753208955952462,0.4698745220418452,0.3642826800847624,0.677360038267927,60.37346030791029,12.65234958497065
0.8072220730427759,0.5183286377878203,0.3468506821139682,0.6852631714380146,60.998057126526945,12.70984008108206
0.8612501422753118,0.666610115750401,0.248808452872757,0.6840165515490272,60.415321070786355,12.6873786274013
0.6988580628464764,0.6335033572848655,0.19049844433809224,0.6768417513255215,58.78082634082913,12.700757175436191
0.759999373467992,0.6750258091144592,0.14451328409159134,0.6782242018197616,58.43199945192075,12.730004478959916
0.865087857345362,0.5284215485233735,0.19944597719103604,0.6873545246091147,57.771277999998986,12.73809750244893
1.0213457946829099,0.46944459702858754,0.27440544852634724,0.695787407571261,56.81369615358689,12.721758487873688
1.2651161510990088,0.42016401751833765,0.21951834982308283,0.6935461756303988,56.54895339541697,12.763309831282662
1.3955534954679842,0.3875079088854305,-0.010594365447900956,0.692343074725982,56.592356190438124,12.78932279321722
1.4890261976590233,0.3423841720880566,0.06985158537122581,0.6917078323654575,56.712368741820924,12.757433168594686
1.3352200300007886,0.2540480941416791,-0.06575150471236349,0.6967219479109594,56.56703455801951,12.815449666616976
1.2401579047026492,0.3922113905549036,-0.05922863192347516,0.6990868693995334,56.46314515654541,12.768796583497402
1.1647119052569364,0.30437602092389193,-0.05821835768196211,0.6995742230584897,56.11484251772523,12.85234648288742
1.3454688456761128,0.24595885298227457,0.2637649874417417,0.7019978889590441,56.432473674469875,12.81177479139033
1.4734947186081107,0.37360194605682545,0.0874487884262388,0.7048257514670071,56.57271394086731,12.832912339936538
1.2743007988424568,0.5085350543993055,0.26351730773414694,0.6938964385680789,57.3436363027403,12.802159328550289
1.1277206084057478,0.7369850563112886,0.23012876308256386,0.6895814523369616,57.39275009623814,12.848757278670613
0.7128819133803079,0.7495186475886194,0.3527563145740058,0.6913117472211837,56.38625825695469,12.864569643554365
0.7250640584151844,0.7530135494305619,0.5618395471959097,0.6936953884537028,57.662934469467835,12.86827675791801
0.5962372824318533,0.8197298345115767,0.7149871927701021,0.6926926045945776,57.503859057959446,12.868738378458954
0.4125746658399144,0.907893372547609,0.7071703055631821,0.6854183626690943,58.27628283317025,12.871068709629444
0.43879323209784216,0.7388826191725875,0.5342995587095245,0.673707010969467,58.69535555864867,12.922610532390747
0.7040549637622349,0.7452509587806012,0.7465273530392654,0.676705019899287,60.48916777518682,12.91061614269996
0.6333518012224459,0.7748368456789947,0.5676692192553243,0.6745403154539563,60.23855213808956,12.950815047530336
0.622245443271211,0.6887719338364395,0.7813465198244509,0.684912662155246,60.56512085662466,12.9194703529041
0.7097421214598217,0.6892239646113285,0.7740623595901975,0.6991314674508617,60.12834523655647,12.931304106132556
0.8336912477795446,0.8013168841026165,0.6936561306100942,0.6891702590860709,60.27353212155337,12.966311884891924
1.1099342296717105,0.8631386349154943,0.667604131281194,0.6879996547964438,60.65870534588146,12.92754050075993
1.0308224388446503,0.8860457649195116,0.6009919053705612,0.6827425281889699,59.200238608468354,12.945730732796942
1.1686131271522873,0.8731457329778657,0.47417681434510683,0.6754708860669002,59.50337724276176,13.001949699427064
1.4167867633501963,0.9453640225564939,0.5204983054803465,0.6855334844189664,58.82165391366168,12.966561321415536
1.3118346538158543,1.0862850245095115,0.4806955599949638,0.6912472810691942,58.796785792238055,12.96361897969395
1.1624537333092868,1.2203629514219756,0.2611188251273437,0.6889481619949376,57.066907629300104,13.047370543761462
1.1462796450767947,1.4260925617812628,0.4079315770984014,0.6918119387360633,57.90751630352584,12.992123647042517
0.9875708479654051,1.5424850318585814,0.47475224673598965,0.674631508538664,57.45665635352007,13.033682387966564
1.033753692750748,1.5346017317923484,0.3453704957403162,0.6702020700024235,57.63397849189183,13.041381703854489
0.9545106561738181,1.496545738044153,0.47323576394257866,0.6809323464329341,58.05430355959445,12.99378743366764
0.8661359198950136,1.4034296856130068,0.38461982175653675,0.6764619370068932,57.83953221672552,13.054653659536644
0.8949662709325177,1.5376137463110904,0.5796250341271538,0.667204425293033,58.23051244624973,13.078968264989582
0.9775313923915444,1.4408371607355597,0.5731641100537044,0.6771837668598404,57.828499333033434,13.087086187630378
0.9935462313429978,1.464857001691677,0.5894778208702898,0.6686205836457455,58.12761423409264,13.108070413676067
1.0585673771158475,1.3449051200550042,0.8544604195707197,0.665925647273331,56.606439293354484,13.09225017370189
1.0418545683652833,1.3896156870306666,0.8549643735097023,0.6670451631580189,57.255749082908395,13.124250088841842
1.199086095219615,1.2389468918610744,0.8760934008596072,0.6695491331742884,56.708410182711376,13.1062134186384
1.331156438087145,0.9972171567966297,0.6347855391683197,0.677896029300582,57.53034047909686,13.101790651671744
1.279255511997502,1.0096230635580463,0.8043711081538527,0.6864347311954047,58.255486569730465,13.114045432486376
1.2386334832246493,0.6956834024108561,0.7431486020488955,0.6747739376740299,57.475852726719154,13.120757790896093
1.1300187974632583,0.7443172578107181,0.7486603759715429,0.6826959061519413,57.52082038791623,13.180191719357824
1.1011230229752713,0.8310219388075692,0.4243584184119801,0.6986304038064919,58.98721504763133,13.13970852981883
0.9322970424592443,0.8074996038401846,0.39927160259515687,0.6937110816716071,60.29963273836472,13.185480776812986
0.866844885155764,0.6640848745789792,0.27246413842051326,0.6870484756549448,60.73630584982677,13.18468151611855
0.8757273698030483,0.9419153215746554,0.09745388761048919,0.682783907197105,61.92705948617887,13.197947028530988
0.8476348116017519,0.7386757157070976,0.16181733765772152,0.6759765660235677,60.94912095279587,13.237272145903995
0.702278975177171,0.5833703816538478,0.10207497879685237,0.6766985935365358,61.51571464930352,13.211231452655696
0.6958629052076641,0.8720391764067493,0.2762388530527823,0.6724750098484726,60.582583634191096,13.242232031230994
0.7019898809873975,1.0321048031871343,0.14439970342314343,0.6623585695732449,59.039158554175344,13.240751267027624
0.6363416438700856,1.2430488581635288,0.0724727210753143,0.6670382090504504,59.02852847700867,13.246959621887346
0.6496342670788068,1.282216197047708,0.009024585039099114,0.6702514209054465,59.59042843160097,13.305999382487729
0.6664627782251713,1.3284124773283448,0.37825550213405423,0.6673269052172585,57.751791297002434,13.241173165085693
0.6071593204400483,1.3139714866661591,0.35057226853702855,0.6727714207774869,56.84983755641268,13.30578263670875
0.6865641200212724,1.2536579705602617,0.6205311449869763,0.6798787055840054,56.335414256190894,13.3031281313098
0.834689007048991,1.181901515527154,0.6573470577777666,0.6902116771446278,55.82269870456182,13.290409500107366
0.9043107130661088,1.401549450850646,0.6716643461125347,0.6899164849808,56.571852522072604,13.342586370348831
0.8907311000620565,1.564300132600189,0.6832790988297666,0.6928698883746003,56.48656440162307,13.283037797752227
0.9918683456474909,1.3287241940301713,0.7900654040250995,0.6971380230442751,56.84747110415823,13.31956466685402
1.0010024461697493,1.3317434231734835,0.7485738807986089,0.7007606279824163,58.31027793567334,13.31583035591462
1.165555301976392,1.2788486032339497,0.819658912472541,0.7164662584121724,59.21850808843313,13.35824166929743
1.1988633712872327,1.1447603586024164,0.9024996747221223,0.7057378585490202,59.938391322964115,13.337738717976256
1.183739954493641,1.0454183875247378,0.7567803238517324,0.7040471721359124,60.28114327238844,13.378661278934828
1.266606543206688,1.2756546898765009,0.9197881941565622,0.6989242303234887,60.107112478412056,13.376271271683567
1.2243700887276758,1.4101547080949577,0.7549477529917776,0.7043795269262867,60.0010363277634,13.38041292114688
1.0880671998813516,1.3291256438421226,0.8414999008237093,0.7065081291795243,60.18487089315879,13.407772944920666
0.9672104130100208,1.2075249060095299,1.0054644785779827,0.7187465609761757,60.247821149934,13.40462756752124
1.0329633133607357,1.1561601238828882,0.9369163219229979,0.7184317225438169,60.78122252507561,13.39822730313882
1.0036701234374341,1.300527347711392,0.8412497634711397,0.7165340979668415,61.27335528260621,13.4860274597927
1.0844735875444145,0.8494370657984648,0.7007973351315712,0.7156529492458809,59.943925325626765,13.430256656339417
0.9704071840942875,0.8734452466991289,0.47690602494234857,0.694935557150351,60.25234159811405,13.40564781839696
0.7770701332412453,0.9316630553343996,0.5216930408591164,0.7105360815318648,58.61694860368292,13.443158026205571
0.9014638892970448,0.7828997005499343,0.47877226304934695,0.714792359977054,59.30308485973226,13.444654466232546
0.8043084975926847,0.6666878272860604,0.3385210250124268,0.7186376909051384,59.34115804854108,13.496522912320811
0.7655051314489272,0.5614149445586735,0.3628084576731758,0.7206586247540043,60.35012730153426,13.496433053191833
0.6331512270210642,0.6960478013804788,0.29523685309269926,0.7074918167585578,59.90554144910378,13.507974256035808
0.45336337753078004,0.8075927579166013,0.24453630307052476,0.7013182722792599,60.015888281136235,13.502599550683255
0.4645306296596831,0.7572325711668858,0.21537382681147377,0.6944783420986875,58.64055518478332,13.51441299505886
0.4220963144943729,0.6869066855848132,0.1098736108455088,0.6988027893936807,57.833323108143986,13.522581377927848
0.27020465716062797,0.9330397738198517,0.3611387153919742,0.7004540858418112,58.238519690364775,13.538376136317291
0.16030502107418668,0.9181064091373168,0.6028560197217899,0.7016982545053372,56.826952620453746,13.566706668707296
0.36178748602219324,0.9140485510748988,0.6170295133075335,0.6920397279493903,57.800623678714615,13.566721508250108
0.3082506917215798,0.9538935895745378,0.5791282639578703,0.6950821175246368,58.26175753840251,13.580002256592415
0.2977622009687683,0.8027715613260767,0.5659812410411307,0.6975387792763261,59.78625037567864,13.589991178164984
0.3392895294190116,0.8860616428411632,0.5504024417825955,0.6949170296959485,59.49070957508543,13.607688848747635
0.4554846433907073,0.7740388684582428,0.5580830771981844,0.6946961641079901,60.72242234939707,13.605763000830803
0.6943266333918774,0.5368771569972053,0.49364515381300744,0.6926747092271393,60.260033814838856,13.617176961453575
0.6528531936958734,0.673565094011729,0.45852688979766504,0.6905582618797623,61.249110748106,13.643776124823864
0.48034557986051246,0.6260629292783129,0.3499406380691718,0.6912427396374963,61.419411840799555,13.616699081639938
0.6583685663826928,0.6593460466693978,0.20800402395593362,0.6918610244013489,62.02314558022597,13.62288514840097
0.9023346345775461,0.7871182325730531,0.3094563763064651,0.7027089914951998,63.17617532177104,13.626281568016264
0.9549434217348607,0.7648263147263166,0.2274224981564535,0.7079126210192509,62.846829636369236,13.663658291272403
0.8231510215703455,0.8867004498556366,0.25088262666580835,0.7062693524420929,61.912185890334854,13.632925355175615
0.9274287496116669,0.9486908559870795,0.4148603639476754,0.7079239858994428,60.55666618250668,13.689243081921193
0.8213272825141205,0.8673449122806904,0.33560361634474317,0.6992003082555522,60.92843791045942,13.687816138109987
0.806278457722137,0.7843778477969227,0.18039782830761436,0.7045569843871998,59.84422914994242,13.722692793996424
0.9202349520593218,0.7907234261353454,0.11670941095991125,0.7021657956000819,59.70955868950491,13.6965616537907
0.7718015972078304,0.6840823037739547,0.09551398930754147,0.7037109873486155,60.423267789477755,13.71593363429165
0.7084671477913711,0.5929500838305607,0.18288273385078546,0.6982463716509526,61.18352015416493,13.752444066665868
0.736641826657342,0.5190900223389996,0.20897967476128493,0.6933322452223433,61.767719178728576,13.767662712935564
0.7322772125279119,0.40913990876723433,0.17910579091311138,0.680238143151602,61.51834370934497,13.736396952684965
0.6688151888959728,0.387455027014515,0.2082719408221701,0.6716018350357857,61.97522031845675,13.763635624651744
0.8668472498259593,0.31840302823977124,0.26396578648377833,0.6692535986764114,62.52223351458529,13.77588837955368
0.8513287172544832,0.36444140966896293,0.34702630388625655,0.6612900805344176,63.3387243016801,13.787473068112424
1.1231247562949265,0.4326040568468265,0.38429313859792213,0.6665025122659447,61.95686914940397,13.784748486813688
1.208926745704255,0.5412135443745603,0.5667657220282087,0.6761607441974459,61.83931254452349,13.825627667962474
0.9896795531585095,0.5514666933702049,0.5322648958623745,0.6840844382403981,62.52695366235923,13.77220593032757
1.3433152850612546,0.4493958611693161,0.4964037171400804,0.6941654248261337,61.43965421277909,13.811577395303978
1.4448147288316542,0.500625086857828,0.5348949819151587,0.6981366942211605,60.528911704687665,13.83895861465546
1.3726220295662834,0.5015920064789932,0.5049143684943885,0.7090168304666158,59.23438964957611,13.849144496238988
1.4241984516051784,0.4954592610607568,0.4920687816659524,0.7153266590165587,58.951813341545616,13.877055180612295
1.6219946506941096,0.4446494667169965,0.7282626146343392,0.7155886321796995,58.097277880821295,13.883964507864023
1.6748700979102462,0.33975938190553245,0.626317561879661,0.7010689931460032,58.64885489666666,13.864289167493856
1.7393468630735687,0.300895556170574,0.4036716596081022,0.713883564999964,57.86465706874151,13.905997424870613
1.4821189009673161,0.2716659033998122,0.43200464259426347,0.7216497329733172,58.81863121713218,13.875719165124451
1.46103832441036,0.24428897959656387,0.4441070621423009,0.709525463881638,59.777538171071626,13.918617747655835
1.442772724532779,0.25409503399700595,0.5217408777392226,0.7032833818300024,59.611136667834174,13.94621044956842
1.4290954242419505,0.3336871743480244,0.7351438272642612,0.6914393229725568,60.229673386826484,13.9442988821371
1.5040352459336173,0.3457936217140511,0.5513527836940472,0.6915399106018925,61.1094927162399,13.932115407670482
1.3940083498845353,0.3919418338225137,0.36089305196817834,0.6914699834700885,61.42829839717287,13.933364424564555
1.3832619187134363,0.3428629392115306,0.2757150531539804,0.686518906509634,61.564021308297086,13.919428174074817
1.1190899571036463,0.4777471641818439,0.1508948913798052,0.6919307597545671,62.65686974056073,13.966210792758284
0.866492229862955,0.4293440184398696,0.06629182998835928,0.7043860611832706,61.35477603620527,13.947695655440585
0.9840480020338802,0.4395649709684896,-0.19245147527794051,0.6991652650295043,61.37058870901253,13.96413730672772
0.9944151574544182,0.4521048799027141,-0.12866383520336516,0.6939015743953882,61.6060938249369,13.966185083985266
