mv_avg_vib_x,mv_avg_vib_y,mv_avg_vib_z,mv_avg_ar,mv_avg_sl,tool_wear
0.4967141530112327,-1.0469109826819396,0.1838345163225043,0.5121828611851357,49.058987806135896,-0.0167672376000161
0.17958232406155367,-0.254843196564103,1.4386127892222653,0.478907700050888,49.27410075096879,-0.0142531426524662
0.33609425959663947,0.22572047852922864,1.0759134664318324,0.46960811285965104,49.164373863275195,0.0356388507090383
0.6333642560117805,0.3494575643330238,0.5561894992195191,0.46519150759176375,50.5915366218147,0.0286917953280921
0.4604325668912047,0.4792330582487403,0.42614466847102445,0.47337292665343994,50.89770762784373,0.0397299351081404
0.34526664315368993,0.27370489796774633,0.05937733326605318,0.47271061095685146,50.937865940343066,0.0278653402454109
0.5221573503039839,0.03197853474618844,0.03968694844981946,0.48026065960422226,49.90218925908294,0.0540061300813422
0.5534424694077764,0.21614828179549225,-0.06909320385766435,0.46501174986007743,49.684057729666115,0.0547306939338177
0.4404204155101927,0.156786790192598,0.040611536647898246,0.4642661199641249,50.22477681574106,0.0876691002970843
0.45127769497252324,0.11653946285163616,-0.018081986149068374,0.46233790149410786,50.22758058727645,0.0701781772933677
0.36877338361303297,0.22720974005726313,-0.02672834507914852,0.46472650668987026,50.51317662263782,0.1265958873041015
0.29988668544056324,0.2551522797767897,-0.07713652147651757,0.46555514479056637,51.21301078681589,0.0764883910075181
0.2960907732499619,0.2711213210554195,0.06288475937180588,0.47140534135084056,51.52576425706169,0.1038696033508687
0.13894229709081987,0.40692952856895387,0.035778948682532175,0.46694007637956275,51.45668932479274,0.1635440101993219
0.015352098314751721,0.3374333925303651,0.15589772660107118,0.46942913818153215,51.195918411716534,0.1312972250407593
-0.020080256892112937,0.3748699107145891,0.19737366457857994,0.4732186426707966,50.32989047737046,0.1237024267119117
-0.07780461706348714,0.3567106522796276,0.21445669005041998,0.4803892942745078,50.2676876724031,0.1643814312507533
-0.05534886781511106,0.35235525539258516,0.22336514703225913,0.48027555619302004,50.16900796221603,0.1604921551557091
-0.09954933489990221,0.41479768894500624,0.23267384796549734,0.48230295833215786,50.26961250646401,0.1632825948876339
-0.1645079967527653,0.41999283748736216,0.12499605483439516,0.47881396472792537,50.2244461390862,0.1680825837840256
-0.11534646967418993,0.4998250276003883,0.10221755745226176,0.472367890414498,50.19854844675079,0.2553674721125188
-0.11900727335689812,0.5271895938659615,0.010181170953982688,0.47734830662756267,49.78674339030603,0.2049689619963172
-0.14730049374447723,0.45022858668211485,-0.009396291306588317,0.4799412141518566,49.61236818773777,0.1814886527933424
-0.293974599592492,0.3728922748083588,-0.029095655663136884,0.48545481443205124,49.496099860321436,0.2598741951801107
-0.30877127079952504,0.2714212678434637,-0.026585267696027027,0.4818879281725539,49.82753474090333,0.2522214181022114
-0.29080349718351334,0.21151502982958417,0.14778972293159978,0.4848964309684451,49.755155473363175,0.2346706713796042
-0.42659902054693877,0.3859877566901398,0.21452169431470347,0.48847627502897784,50.161994134860365,0.2413376182262771
-0.44547105980424123,0.2563324928327288,0.2534316948379694,0.49680506496374377,50.501906572732445,0.2834694559231646
-0.45131447872037456,0.2619756406219945,0.25559204305439537,0.4997816076471528,50.08166376142818,0.2750616334502109
-0.4923123721062773,0.26124846347674824,0.26510110390729913,0.5027610920081031,50.17109109179915,0.2514804436310979
-0.49851202179406473,0.21078092830119788,0.1861032184972552,0.4996176993178315,49.82823366064942,0.3357447992920933
-0.3818968286070457,0.22432812548457717,0.1720152093025273,0.5044947103099445,49.60995978302086,0.3013201907556808
-0.39395500713918474,0.2451292483249315,0.16357447827680024,0.5011159160173044,49.39530699053718,0.3499114347296485
-0.3504617450710305,0.10829709617787793,0.1662943606327603,0.5071684253440238,49.4537783224382,0.3555686991593143
-0.22237381155716013,0.13268875903401195,0.06285470763157898,0.5032900701433808,49.39302392846308,0.3199798091103437
-0.2545868213106033,0.1009975871808125,0.007512607853451328,0.49908853918069396,50.21531738021035,0.370663797287263
-0.192787289260585,0.08628421165322839,0.07897349910686204,0.4981775983439564,50.785739803966905,0.3469711490027263
-0.3057683658012781,0.15379371353751264,0.1421921856506189,0.49865671680590734,50.62241296689466,0.3326659882639211
-0.32606166818707977,0.10249087682524607,0.23379873055374265,0.5016217182417443,50.447029629214526,0.3715080366795572
-0.24488862504379968,0.11441481533970321,0.3225874971425503,0.5060787578321158,50.550555767330806,0.3979527500355256
-0.2805329382070475,0.1212159118470397,0.35167028942897255,0.5075968631671156,50.83440154801956,0.3907452670400733
-0.259960912840163,0.12683607488226328,0.23393766154024656,0.5078580554836025,51.14651267215459,0.403859033181498
-0.2684049409109118,0.15470662632104035,0.31058664016139514,0.5065401846799455,50.68039501973701,0.4428713208985722
-0.21150792009664404,0.13239734931664585,0.3228145530797068,0.505483584245854,50.90817759590847,0.4321298796058018
-0.25750008710569705,0.205194043631777,0.3366309519382414,0.5091230778937404,50.67647518085193,0.423134033774301
-0.2983236307278664,0.2715158654374331,0.1969179478853543,0.5041084862316734,50.27226760699726,0.4640406064733465
-0.2630910941216813,0.14284651187937658,0.10548741891321325,0.49999013780035195,50.04557060348944,0.4639535113390849
-0.22830508744495984,0.2278969681296629,0.06708189597055954,0.5045743908914526,50.206644634463665,0.4195679039707591
-0.18037744218753718,0.30144563990708073,-0.010526932774606073,0.505258362530373,50.77846518595879,0.4885670582754289
-0.2532299661829507,0.3169217207647773,-0.018800318772122748,0.5052361372024103,50.92856964363775,0.497836574154322
-0.20622564081868178,0.31756487353071783,0.039337218964488975,0.5119946586067292,51.07681202456142,0.5004024225916172
-0.3173788677818852,0.3624605971619624,0.12758461210151167,0.509275356687073,50.888500732472394,0.5278340116213915
-0.34983531027722703,0.33204641874485097,-0.005445567835494475,0.5114692956188545,50.82506648203352,0.50655212831347
-0.2656511531043294,0.4918562834087651,0.01963855574819374,0.5076219838041109,51.039661437185956,0.536729995776418
-0.25451362630163193,0.5290596884061103,0.09306311047375217,0.512257148891625,51.02349844774743,0.508660812576653
-0.14619264156421158,0.42746438995035196,0.0827526002033561,0.5179373658505487,50.65243840695426,0.5581418076679767
-0.19788190119252197,0.4781378643412033,-0.047992775671144655,0.5124024512288549,50.39097678618611,0.5990611939107979
-0.11464421750803451,0.4174003418107902,-0.14045955455673076,0.5169749057609788,50.63901230899586,0.5501028729506492
-0.030956947209875452,0.4579110689594623,-0.19205490766957226,0.5132554112671214,51.07571686260179,0.5648039573602445
0.00869204363584567,0.45539808424691686,-0.17403986746037214,0.5113745233925333,50.857084905145214,0.5757996911421689
-0.05147520097313002,0.41590305864080496,-0.2150244084865771,0.5186163072738404,50.65393672489215,0.6025999645160319
-0.06861176758276005,0.2965862909785179,-0.11464105031460589,0.5158121119417773,50.570368012834116,0.5887392745429256
-0.11743130588059014,0.2776558872054788,-0.24324498097081113,0.5193285892114934,51.28761421855629,0.6284249475738196
-0.16147165602209992,0.30054329891925347,-0.15043062974373733,0.5169954298536664,50.58532807359617,0.6469367989093833
-0.046204469100959315,0.2521045658678328,-0.14048164440525074,0.5169257965826033,50.280441151291996,0.6506869442690757
0.058314539030376575,0.3146731678049022,-0.10064954343902313,0.5221604519199081,50.36426253051222,0.6146316914872386
0.07846076778240862,0.4251710641364078,-0.11277809388292019,0.5226199169070685,50.69678349958552,0.6799033533031722
0.07649609764912335,0.4161582767162496,-0.11489162030307835,0.512283488857169,50.4910331899742,0.6887473482850737
0.07811178070614133,0.2950218070692562,-0.05739959231046228,0.5083908726172588,49.70366636556924,0.6966032274469262
0.13472259702708117,0.3167601986699075,0.031362966112969404,0.5110011512183613,49.809625759105245,0.6974568449731166
0.13730297511582143,0.3617219593986894,0.02726841664931317,0.508125410497827,50.48515561203077,0.7044037862841027
0.23417371374299506,0.24669390397740587,0.008878454379401702,0.5064323703345026,50.48305831684233,0.7306477879625279
0.2669433080858547,0.22852722369577902,-0.03987235875604607,0.5026550589773138,50.36265916589829,0.7584702697520691
0.315306472717571,0.09974931474966664,-0.07977291849806974,0.5028277403611339,50.79382983066243,0.710939190732703
0.13348403767134553,0.03280075384042487,-0.14186642461536308,0.4973315829533667,50.69019627054118,0.7615625079158954
0.1287299532173561,0.15382475051685615,-0.16133337909725531,0.49463273187218243,50.903820763810096,0.748275658039851
0.17575797907345594,0.11068209905768792,-0.17190535515782532,0.4953697525575917,50.70330564808967,0.757406538959428
0.17698302662578264,0.11317263903534788,-0.19341070358072746,0.48953500253362286,51.05783087991125,0.7392693861923593
0.16572269016543886,0.004882229467553073,-0.23742992944091465,0.48973691828767774,50.81029674766009,0.7743042118096921
0.01828178436233561,-0.05007791608566792,-0.2561443637673716,0.4930092279002678,50.8606642882887,0.7700547008406318
0.03197169814578382,-0.006464211968643202,-0.3411378125617106,0.49589110179510393,50.64371074860702,0.7907229114098812
0.05982507183762135,0.03668087926768423,-0.4710092546113363,0.4929713380921535,50.79600650258707,0.7880362723244371
0.1897513190580579,0.1340520717201032,-0.44588050787084416,0.49411396273830127,50.549581954825484,0.8110218322537399
0.2243629356314684,0.15716812217628556,-0.4567067559487844,0.49741907247809725,50.938322981851954,0.821877792859532
0.14402676065015843,0.19800036798056345,-0.6141549653286049,0.4957638652450921,50.926330254956156,0.841935098368776
0.05184170332544978,0.21577282637963494,-0.6233936524377126,0.49518101387733343,50.91903223569635,0.8177050027541733
0.1019271115726295,0.061931151541860484,-0.6074193571996924,0.4934526473666262,51.06648583732286,0.8310896370450935
0.06890281844407184,-0.0452710285218799,-0.4933110240335674,0.49904865752541416,50.77006833435628,0.8772382854146106
0.02504780328639753,-0.061187854122177934,-0.5389455832949765,0.5057675536657734,50.892747778564136,0.864051237658598
0.08368195895538089,-0.019716945335378423,-0.5808877610408535,0.5051010035419864,50.5243595213977,0.9114905958045988
0.07118085243042152,-0.10656958993583585,-0.5416021185435109,0.5068458252039357,49.92424659411523,0.904505394440301
0.04342606991682684,0.05240135658999332,-0.6706923795699156,0.5072223394175894,49.48327627886698,0.9221352430041282
0.010829513461516121,0.03146167201721724,-0.5275732696666954,0.5070515920500342,49.733614723535176,0.948213846408418
-0.08307098037601329,0.0405266644670567,-0.4872151597194915,0.5093727215834848,48.772890646442434,0.9238057837638686
0.0290256634549254,0.15744891477600995,-0.4598913829506871,0.5175866978271614,49.53753793614636,0.9285102658916744
-0.0845304128873824,0.22591137451822058,-0.21773792863824948,0.514164939239053,49.67064941027886,0.9674340517119764
-0.07336195616300281,0.33560579780687705,-0.27476085873216954,0.5131662690266758,49.532916807424144,0.9701902712785936
-0.04464402874765565,0.3756193241676303,-0.15477965027914004,0.5160413673513361,49.017485922562294,0.966253393803574
-0.0482615984592484,0.4717688963747559,-0.1834042645239469,0.5138929982087497,48.90845721472028,1.0078291593391189
0.04010228688509821,0.523839995877433,-0.159313970241948,0.5111447222704416,49.193461336893805,0.9857551138032014
-0.01896785954248756,0.5272108188208238,-0.04932062269923181,0.5049956902422081,49.43203186017509,1.0006554727511157
-0.057140957973283515,0.518865027635433,0.035859966404149034,0.5055043145372526,49.47034557628301,1.0104244530166853
-0.14745658975363843,0.3921787279290947,0.03806897702659957,0.5003135165700723,49.74381795205436,1.0013081221020306
-0.16094214601797768,0.41256365136572476,0.03201748264410208,0.4997822917161148,49.58804485212955,1.0315517077897278
-0.12786695517355945,0.3933920209783315,0.09389143808830946,0.49860455836559103,49.650440378214505,1.06793520354797
-0.08186176387054638,0.3246729139447607,0.15676430341350894,0.49424474739950064,49.509649679641285,1.0588993663075237
-0.03260777841206426,0.43098240999069554,0.16262437413664702,0.4939567273306218,49.44644275309124,1.0606212685279788
-0.03960164697039718,0.5673599480447072,0.03706141641573638,0.4954653538924615,49.65270829185954,1.0667646543766869
0.000478679037152277,0.6486349451142518,0.034169262243118524,0.49134318109556974,49.7835264949256,1.0866173405681272
-0.02819219212376454,0.6599540810221033,0.0782346719907304,0.4888106720753143,50.307422986716894,1.104995332569784
-0.1282698340730593,0.6310343696364977,0.04476245877707576,0.4877930073926315,50.31923217815366,1.1121847766177952
-0.1773129810891052,0.49401326941554674,0.16957086181944642,0.48464747136698083,50.50396092938522,1.1033627027635604
-0.13848401961512696,0.48695637034472333,0.09497008534361558,0.48973733642034123,50.64238133080199,1.1264956318822024
0.00177598962208505,0.38497381135766606,0.12245375070851186,0.4913600537818132,51.01083073993246,1.1395987948229658
0.012478145322696149,0.30430611646358474,0.13167310380582226,0.48746322146602605,50.68886649683641,1.1198561002494605
0.10144605612904198,0.19848593366291195,0.028149058290356153,0.4939389116436031,50.458585430484916,1.153364610823674
0.08561925007361035,0.171655079019646,0.12393390613185444,0.49390085407327405,50.67833232178735,1.1167739222739528
0.0148473808666986,0.14334918874417527,0.07148921202322403,0.4965479164724346,50.806332654642,1.1796506741964237
0.07244764504338592,0.04150855826358936,0.09112236311171869,0.4995387468551528,50.978707907274966,1.1932068610912536
0.12248844962954131,0.10515867614668709,0.14190690512624862,0.5008216332548574,50.35642207120708,1.204950922515729
0.2335233803672737,0.12786414414107028,0.10859829615240384,0.5019739048773688,50.26147520043917,1.1920990629566086
0.20980107004886403,0.18510015215737521,0.16741777660769971,0.5052627457299288,50.753451639506025,1.2161809367004806
0.2977913077050668,0.21525772841244648,0.18653195635533326,0.5108917168431258,50.554240165782076,1.2484790769108234
0.26852741430959304,0.16802632647326754,0.1672045088627876,0.5065844084890918,50.56139328704862,1.2582753929658252
0.3066493508659663,0.15849705582240875,0.24800821606031986,0.5080894941034146,50.54235239697748,1.2394165460154687
0.3966843855987976,0.23616772630042931,0.22344867564709509,0.5148178909264447,50.76724693556216,1.2527863926145912
0.253563070564796,0.29614950625077147,0.23880434187678956,0.5150470752939318,49.978893146622596,1.2822182228946886
0.21723408972612485,0.32611825926230276,0.3064008661288634,0.515611478487598,49.85369506474184,1.2399839596947566
0.21005393472742795,0.2978272808848442,0.4081648100482931,0.5204953322217237,50.088171844601206,1.2735384851464595
0.18931724409298564,0.16854174219407803,0.394937231627455,0.5207952566062706,49.607509794958325,1.3167114091107353
0.20843742958769046,0.23324234727276089,0.46551911374464067,0.5225307246855316,49.55668399720385,1.3195040108336953
0.21390606838351203,0.1550751889850517,0.42517685467449573,0.5241537218209431,49.833628070740836,1.3173852755529982
0.1584941684832148,0.2076465277508784,0.4176200251903828,0.524946750188287,49.88230204609151,1.2898833518933877
0.059726480673768866,0.29416506631604555,0.42784635874761917,0.5246296818313565,49.74232640831248,1.3290017953391768
0.02408811348419418,0.27556911254121585,0.43773070957612836,0.5269785079786082,49.5073087305002,1.3282016920750015
0.08722226290144988,0.20249317162348768,0.4192911998403866,0.5229927257756406,49.550614223271666,1.3566207780563444
0.05050998305295954,0.15307252681631436,0.3982277639584155,0.5218017167407171,49.589974945096955,1.3438130663041026
0.09355560540671162,0.09546873763192743,0.35367498909403255,0.5203830336760688,50.01556920011863,1.349485532100508
0.07780512183250347,0.08875407408932072,0.2671548021323432,0.5149812508874939,49.72669586524546,1.3387026944463274
-0.020619949340473714,-0.14699182786502377,0.1830950558776785,0.5151722153881948,50.23481338833594,1.4144360936995342
-0.048083753679360255,-0.20884742086737568,0.2692225989286171,0.5177178133992775,50.43501907739532,1.392004589771139
0.06345755305755746,-0.1487678891808718,0.2090049624648728,0.5186086789100993,49.76348376409166,1.4131429156740507
-0.08634152793424958,-0.05380888648453926,0.25112121517227776,0.5205717875376414,49.96750288257555,1.4199552376705162
-0.00630248558496099,-0.028119900451231396,0.2451628668693417,0.5259692174943852,49.759191955443924,1.40865132134079
-0.02193640427949402,-0.03904832763932032,0.2571354921995307,0.5263837288780497,49.43606767695216,1.414818701771036
-0.09165324569806801,-0.06947520879433093,0.18749630102894313,0.5240042143541089,49.838603775727975,1.4298936974800551
-0.10325916870237842,-0.21305195902402857,0.19792562380826578,0.5255175841923193,50.30185324728294,1.445536631223412
-0.1402523165933943,-0.2745527034202172,0.03799056424623297,0.519453768847237,50.41721791164974,1.477332124940276
-0.11842301028387214,-0.21123438138522146,-0.0499027483984458,0.5129971408551162,50.38592727420784,1.4640856467295875
-0.07768519763334356,-0.0933350115001081,-0.18034149672343408,0.5127426854116324,50.16210149200715,1.5249298126318924
0.013087412720316226,-0.10481519064321845,-0.16314210237940846,0.5060916875946662,50.19415551983363,1.520543020717863
0.027696470737922974,-0.026005072847476773,-0.10113736029845966,0.5092376112252568,49.88226793869792,1.526167190993314
0.047525216628362996,-0.08549075086809639,-0.03298437164720974,0.5068710576250665,49.98144862314117,1.517606821950537
0.03617307623771343,-0.1188828022287085,-0.0043416900595987466,0.5023332221634325,49.69721554623907,1.5602856147144095
0.09751270789739697,-0.1063330847039253,-0.09523245758580064,0.5023041178778371,49.79893783559934,1.5356398873775776
-0.01498678697173908,-0.007657818973329173,-0.08114043333604225,0.5058506891762649,49.615799272640146,1.549374771716915
0.11817939948536997,0.012913244036294968,-0.003974425683031785,0.5107139431689569,49.620715838871746,1.5633994907949855
0.15868891762430246,-3.882448817925655e-05,-0.00396735913443214,0.5087886018256726,49.19199923924616,1.584036460810867
0.059162678178745855,0.13366328277175868,0.13514525449251646,0.5155686743428628,49.226516456963736,1.5927381615800598
0.15424837071519443,0.2642920504101602,0.09981153231650812,0.5182055607312728,49.4222313593,1.580497494431108
0.09485608675668122,0.26517126797171764,0.009114696852681703,0.516764074246134,49.35214760956598,1.589340125611481
0.06956797551274171,0.13976994120728675,0.002367377793636266,0.5143657585369763,49.736601185562776,1.6227980591430418
0.20858671247423266,-0.0639331955073064,-0.055748099228076,0.5103293630953916,49.493313372460776,1.6343047316778248
0.15903569991309124,0.0036957241665071306,-0.09869342792466844,0.5108982510976127,49.51567556364501,1.622132977503543
0.19492516294594547,0.07122035906566532,-0.053384727839450544,0.5111843836785092,49.99188809292048,1.608256238606431
0.17718786198696418,0.03428710543245093,-0.008585480225629112,0.5165039078333236,49.82763786490433,1.6458536780798352
0.28085320181365214,0.08812775027955656,0.00513669385204947,0.515451216511333,50.0873631811811,1.6724705159765174
0.44243047788362266,0.09940695320023571,0.1265333222179313,0.5196306352096606,50.023963928940745,1.7061083369283956
0.4047787900856936,-0.016452516536878504,0.0452053632401343,0.5204433777674675,50.08685447083209,1.6560408407531868
0.3529575444892191,-0.10367997457196114,0.1405892914869921,0.5225464163813297,49.93225681334332,1.6814685749433884
0.29667197677370843,-0.0583871997404247,-0.014965784969807905,0.5234243726634932,50.42282758656856,1.6922119287694923
0.23927384833364704,-0.11034614636359139,-0.05691045677077722,0.5220834937524341,50.69719037939486,1.73711610678863
0.27013479522492573,-0.05119728339098443,-0.14830235966919209,0.5201188296198073,50.530991995309904,1.7193011699908274
0.27629450539076705,-0.0771105188937142,-0.12463147292409107,0.5247823694994287,50.66810962680058,1.7118534688125546
0.2761902179753932,-0.041893238150514094,-0.03126011263258343,0.5264009150316196,50.80120638292766,1.7511739056584363
0.3539817476115722,-0.061471750579749726,-0.11298318482325768,0.5263692078942903,50.74321105188888,1.741907229599181
0.26205791293128905,-0.18733573566024017,-0.09605003101201386,0.5200154325515929,50.72077068094419,1.735512254532841
0.31175776702662483,-0.0883679833769169,-0.12618066738282366,0.5260737363785467,50.7217829654987,1.752144533854477
0.3588048965079188,-0.19916015363834802,-0.15543030766693655,0.5254762901073311,50.865895234218485,1.8146808390884523
0.4627004706887676,-0.22554475841049113,-0.0897677122188895,0.5219774506115187,50.83423631831873,1.7976841844329894
0.5434327178714433,-0.21387609680507472,-0.03498360193429265,0.5217447207413087,50.525891555424856,1.802155201109051
0.461935406146566,-0.11851180834980031,0.059420957374560365,0.5243896851802643,50.232755474118264,1.8050021252837591
0.3511757985761995,-0.047519049258625636,0.12285184605828095,0.5221740207307192,50.599565991349905,1.825842976842376
0.41704833153900356,-0.08806548955783208,0.19047330947907445,0.5198230700286226,51.482473558799065,1.83560471892005
0.3584211820935542,-0.10289502236947765,0.04693218245442303,0.519938921212713,51.42829894745425,1.8458433765641469
0.3741969567343932,-0.05360152712396231,0.012229985850471059,0.5138261271397687,51.66294252863952,1.852296901805555
0.35747062624640524,-0.04755714819489719,-0.011173311105629448,0.5135674658919565,51.48673895589201,1.8773759667661112
0.25970432776392355,-0.09113366400782082,0.022370274070416814,0.5100477293908688,51.99942543057731,1.8704620869200148
0.23034884394370617,-0.05381404516948218,0.0572476510056761,0.5122364938130348,51.51849914185793,1.8604412232889471
0.1930080872103467,-0.02248238012340124,0.16468601500655575,0.5132845245711369,51.95514799834118,1.8777515421819828
0.2158728573713312,-0.11523072767732548,0.33647586468175283,0.5190702470495279,51.083800717877686,1.860419626130206
0.300198107618836,-0.19801194366714592,0.37037088114718014,0.5226281239347698,50.505366284332105,1.950536342320848
0.31547267657911077,-0.19029001304114654,0.4427458742945376,0.5263122367172902,50.412483017857355,1.9372550918390536
0.23684293518573848,-0.07669234372921906,0.33312902397946925,0.524785036358629,50.66352834727972,1.9133985900974153
0.23238223779485603,-0.21758862760153982,0.24032236301115112,0.5245410368375466,50.52246460012043,1.934363103012058
0.21100374061255595,-0.2657212516957151,0.23926609751504987,0.5196751867767674,50.82877523132227,1.9372624705158712
0.16687557049166324,-0.15343511082373223,0.18932578878098366,0.5234956159792452,51.49748109310575,1.9908509442274824
0.10259991821413324,-0.10822546803455839,0.1699109570217189,0.5161229009249793,51.52907879252494,1.941602456714581
0.11945799208139034,-0.06988436678443807,0.15980320709198875,0.5182278004778872,51.65646021968418,1.9822895211763756
-0.07298418485656244,-0.06520005496872834,0.14240713110634534,0.5226689788710817,51.32677347007878,1.9878294431487031
-0.08566338794433927,-0.08380149985907001,0.03417314728732194,0.5236373814228287,51.71586465447458,2.0165367726141823
-0.01405148752205409,-0.07191770934664907,-0.07210638011546189,0.5260196907862134,51.83457713119448,2.0079198154455065
0.09436049582282469,-0.052852990327508495,-0.12905386378400457,0.5256315648791742,51.62476440307095,1.9848358224668912
0.12364177394546991,-0.09532474612597228,-0.04874826591671656,0.5261512202670833,51.562081630314935,2.0249776433071514
0.06664624109696723,-0.1403309102251551,0.06218116026291587,0.527499924171788,51.898046417606984,2.0205567556411337
-0.015230239320334177,-0.22208078397480052,0.04376679471342408,0.5307709936698373,51.791597012806406,2.051591590931131
-0.012425560905519079,-0.2241975089124745,0.07456145400562184,0.5323415901844564,51.249434859115624,2.0886835407304067
0.017619978555994335,-0.12404035700838292,-0.007114966013599344,0.5351038704443922,50.680769117444,2.0352114951153544
0.08642684505777629,-0.06593504529369801,0.1038871710559802,0.5362345098218679,51.800479388117175,2.063995545292002
0.35552057710786483,-0.0822880775258836,-0.03989549717230514,0.5371046434051671,51.7263066731205,2.0789461409243297
0.40710564652893355,-0.042699853345933,-0.1200396112304127,0.5342895306844709,52.41564503735501,2.092367378091736
0.4217787851048492,0.025779967420411908,-0.0834982967313977,0.5322299876311137,53.40992149330795,2.1248025132821047
0.4594889823560585,0.04867930309633396,-0.1511009200832678,0.5289159947785844,53.397444921823066,2.1165291116487723
0.5550602801400071,0.00016253821783151177,-0.2099889827023301,0.5241456152370062,53.159263027649764,2.1383160545144086
0.5313525678984901,0.10985700134183962,-0.19121562787698884,0.5226905639110744,52.62879214197018,2.1274845391253647
0.5507499562197709,0.320570751996027,-0.1428133131104365,0.5277495804079277,52.833529429462956,2.1545984869083585
0.5570163635860083,0.3051225213904989,-0.23131084574988653,0.5307993851435376,51.86241353306984,2.1755559526175543
0.5382039742347908,0.16523003242660222,-0.310473198739804,0.5284789402843217,51.97814289338022,2.1553540090052583
0.5117401572040949,0.14344430425900212,-0.3493825643809692,0.5250446358178941,51.545304681000935,2.1956271623961303
0.5736971753480016,0.23783857380674406,-0.3136751738026561,0.5172847543890281,51.64848446361746,2.191047455374551
0.6722555319473222,0.25321875341532174,-0.15791431028031538,0.5196337033221629,51.590254046413165,2.220909204809645
0.5515678422823823,0.11313287056849161,-0.1376957297040806,0.51438170146045,51.724108823268736,2.2059716019984603
0.5324430859254036,0.19196436327992603,-0.13722938524726885,0.5198613766967417,51.555180859943675,2.227624893103242
0.3998319860472352,0.19908859636193643,-0.17356133325996126,0.5214975222629114,51.40683192691451,2.2291878753664296
0.44583365743867737,0.3174624983083628,-0.2945186763298905,0.519701941709141,50.970459952766035,2.2380757547591887
0.5478872355658612,0.4197031690334782,-0.24681323849251685,0.5148957333278712,50.52480388863351,2.255178608564514
0.5260642694432607,0.3917753954772484,-0.2612364603256161,0.5162026787068295,51.08074898045923,2.2707361493844984
0.44720252928424414,0.37516412766697355,-0.1610529266729165,0.5151971850915087,51.186743076359576,2.24500870176152
0.38639975578900265,0.3629747765639897,-0.2403204158852846,0.5142440846571137,50.55828150638184,2.3086726721763577
0.22845786498605974,0.41880297245286247,-0.21468473456756895,0.5109895520187301,50.96362798679363,2.252806739189004
0.164109804148604,0.4582020137898108,-0.3340618946597302,0.5083504782262949,50.63585934742685,2.2863037578052223
0.1188692479017321,0.4946155585015474,-0.4329067495120024,0.5030699566134766,50.2526168036771,2.308114618584702
0.07416254800532199,0.41885441505476384,-0.345515737313537,0.5064257280754292,49.929227692235415,2.328247119381719
0.009727764342800555,0.47481615281090955,-0.3244171316290917,0.5114099455099469,50.35196943875503,2.3615234505548277
0.13340322732414345,0.4676732189115612,-0.29193055609078195,0.5096690311457389,51.014022750550865,2.3028341702354975
0.12786551369844,0.2884072543836659,-0.3211484754600833,0.5100293866094486,50.745122979405686,2.339846117432206
0.06596444137549753,0.22628531702436136,-0.2619512335875997,0.5124507845349249,50.479791269575806,2.3174633302440144
0.08784288373402871,0.2856266598352411,-0.11146286699071298,0.5167862862825181,50.804004668198246,2.370632439478205
0.07973653417012379,0.410642622634123,-0.13668415419296398,0.5169548723470465,50.81668772481216,2.3854336716900004
0.11897929022367819,0.3004155284880191,-0.17424436003178262,0.5238940585865708,50.742325570417876,2.421815914843425
-0.03566487874857293,0.29653481782121627,-0.20338924089773328,0.5172204261497984,50.83062989729221,2.402412695217869
0.05267635509072882,0.43963158153430354,-0.17202512660351205,0.5206364044985747,50.47148998270755,2.4308805025888476
0.04432750580408532,0.3902599022697051,-0.18042296158437898,0.5190205696610921,50.38396604781296,2.431676741630781
0.16896585535513328,0.446857533385589,-0.22654977994109707,0.5184994303295377,49.56089937777806,2.4212950360598966
0.1332624245748755,0.3006448051938152,-0.09697480728296544,0.5160519837112336,49.897520275018046,2.411820785064159
0.06280462921751911,0.26862959379491264,-0.17968843431115925,0.5171235171714924,50.18698904178037,2.4555000459658363
0.03655815898775748,0.2822103123540702,-0.13089852741808755,0.5141948927550799,50.953210382720165,2.430157959657093
0.05849373253859651,0.2680178310777551,-0.1698148022748632,0.5166983794906724,50.70317575188643,2.495904141453393
0.1832464262987091,0.32456619515607,-0.12269257281177792,0.5177869885913088,50.43981360056685,2.4767587579592636
0.17023042068308242,0.4119775305273371,-0.06419487907327892,0.5228787928435529,49.96508021990482,2.5139035482302283
0.14441935083524632,0.4172943853497396,-0.008004798122623091,0.5262372344354087,50.092124055704,2.490395711317352
0.18020431499194572,0.4764738709548391,-0.010207029485778346,0.5307124324940586,50.01162608993046,2.51537701572802
0.28474832913044607,0.5189424146760264,-0.046952501765757285,0.5331628611766308,50.447653201569956,2.5241869771466936
0.36966640582135357,0.4503578961828814,-0.03666807796771507,0.535451157145395,50.00501569118141,2.529099117639782
0.18721549934044596,0.48459269198774046,0.047486937886175154,0.5401459697222621,49.620688458376584,2.531346809732068
0.1320226408642921,0.4905768816693364,-0.017337893703769723,0.5392710893886641,49.28328966817844,2.5578491203694105
0.29734012393956294,0.5473278964767322,-0.027630374493695126,0.5335876514069117,49.2107127623911,2.541476734730336
0.2533487312032119,0.5925996570039046,-0.02557671332184518,0.5310791515799835,48.72724042158916,2.545811293420819
0.30934382213200207,0.4397181198042128,-0.03719016321988936,0.5281948269812227,48.96606329743546,2.6048565378665365
0.306168654346717,0.5506605305998262,-0.046286236681370566,0.528742558241946,48.96317150573769,2.604543359777842
0.30016296397250725,0.615877148159629,-0.06056698395679326,0.5352493484805244,49.19158479009607,2.601317832172045
0.3036383145258216,0.539934531065751,-0.08470125408281086,0.539457830453733,49.804879787482875,2.6433028476508755
0.11704037985640436,0.43839569270405443,-0.059686635408081834,0.5403288381115976,50.10170444801563,2.614644689625503
0.02324803436424312,0.3859578405632936,-0.09700666310351036,0.5416783182910028,50.19135902822339,2.6564540643997794
0.07134924343043327,0.5044990813251404,-0.20810326995284995,0.5452131184722366,49.87658147581381,2.6435114816985164
0.02639994240729756,0.4825121603762613,-0.08916914731548446,0.5443684263615112,49.87007065134672,2.629504984998472
0.1324825694449864,0.44247609903819074,-0.059018798839387585,0.5488322420812257,48.98111735048947,2.696960803835417
0.09435675845869972,0.36852269021923423,-0.04092858222463246,0.5497696858324129,49.062424353753215,2.6898142169324815
-0.015203381607144975,0.35175622599267176,-0.0505824748827368,0.5489793945754571,49.13656934850984,2.6775795793798087
-0.028200642007828867,0.25018655932825756,-0.07545128516762556,0.5463490065150365,49.18843014993734,2.704543425190679
0.10762201644528849,0.2098301327355415,-0.06997672699190756,0.5485373431787142,48.975909174279415,2.691925931320042
-0.00934939218336297,0.17577093334214627,0.05097845417747969,0.5531337758307328,49.15268859896274,2.726582980701191
-0.056584218143187356,0.14703564783753587,0.0758797269339347,0.5536400190021903,49.09684568726892,2.672178428694321
-0.10698103183670604,0.11914529027959264,0.19701764608614125,0.5544020867933271,49.12097947580105,2.709603973326108
-0.0793731698083436,0.18356171960642764,0.073976565659631,0.5534904244533765,49.791291699749294,2.7595851948857395
-0.03134149616880817,0.18278760367925959,0.20807566462039154,0.5541967200835256,50.00297777197201,2.7450068892356216
-0.08401927256640647,0.23579431793350114,0.2749681764380037,0.5560795465568342,50.161569123333074,2.7641508458977753
-0.07793184686034785,0.24655208077567314,0.29275812729200246,0.5614467383876734,50.39342885887369,2.7430642867576913
-0.09591791773509892,0.34736659097350076,0.3649242244549939,0.5619822405947844,50.27146986619901,2.816957339914042
-0.1532005039665945,0.26936348430759344,0.3726392272806143,0.5631047991452399,50.51679995358975,2.8138105928743538
-0.10046331684206859,0.22426607248387814,0.4171505452833289,0.5572899589947191,49.61217931684841,2.7959862956324937
-0.06366571902986695,0.22953155554033375,0.4411689571363865,0.5535240211148519,49.660433712647745,2.8019060828627333
0.17841328506391357,0.2910110444807045,0.34784221304355595,0.5494463321445904,49.91935577434957,2.840592087228394
0.168456688472345,0.3381919449479538,0.3188068937221539,0.5480656674150508,49.999864878187395,2.8696494090033786
0.2884515610578756,0.21496206508835564,0.3855955197130846,0.5495738544384771,49.77899483707019,2.859075205116227
0.2539511264630523,0.27606127465282543,0.3853732064459301,0.5486209633415402,50.354164624404426,2.893436053347932
0.1654561027977507,0.3033673584290988,0.2951545265601029,0.5476904733446544,50.34125135193004,2.8415529734187617
0.2670938283030705,0.33923592431059907,0.35554038265214377,0.5453444287785859,50.31428282855204,2.8536122633900245
0.3038604423077307,0.311941153589126,0.24707948172936475,0.5474216439013789,49.91828349177651,2.856221177638933
0.26690323373545577,0.2722310635203006,0.2199801389403094,0.5465994886782444,49.934372307181164,2.8988352129929895
0.1851482530473455,0.31408419557899653,0.19290510063981628,0.5469230366921808,50.0434756410067,2.9035120709960873
0.2330061101564353,0.3092520703650522,0.1461223806490742,0.5414625314116207,50.17741625087327,2.9069609775305603
0.14609448098453598,0.37297667971655296,0.13164040324736365,0.5368946961276218,49.74470242768153,2.9361851725624657
0.18877772906766718,0.3523700419555881,0.07138545503564375,0.5345305079131302,49.599439964247594,2.9546465721042936
0.2564187322013765,0.278492073485884,0.06520035492388457,0.5347007161889412,49.40156225427055,2.909486751814263
0.19938287500823954,0.3921263839258128,0.03862790352041057,0.5377519617840046,49.90540831036807,2.9380605594419777
0.2351246802842879,0.2818237286807066,0.05231376016314364,0.5370349159913459,49.924218338873025,2.976402871882461
0.28121529646911747,0.17244251458478893,0.05419636916264975,0.5379785839223191,50.106550305437295,2.9606452263228284
0.31908309444462385,0.1487941991867841,0.03637668224334998,0.536183587306765,50.327435762243184,2.964035878472837
0.3705450126669518,0.17992614094611387,0.07815337555335874,0.5307063441799064,50.52721219215308,3.010370748553008
0.3241341911413451,0.1778429784194088,-0.016860437628172697,0.5314386646454663,51.1177222148794,2.9742099986055206
0.26373340168850357,0.20408395227278525,0.019256749971990228,0.5274858439614896,50.14618671296724,3.003968403844178
0.22251203742045841,0.2815769557638276,0.2004416780090736,0.5257827171396979,49.947269478208725,3.0265728805160963
0.3156361219165334,0.3214158208020061,0.3101889272349127,0.5255747012189682,50.59457253299788,3.018523601721798
0.20865416976857204,0.40143058023286937,0.28335848949570924,0.5252673042960802,50.74797827201912,3.0556631131202634
0.31283972519319553,0.3305555651053115,0.2862868043426163,0.5303456669421132,50.24006851659847,3.038622460496053
0.38502702101745523,0.38798695205681516,0.22481654974120832,0.5311630588364825,50.3875280794158,3.0881723898689186
0.3267473875344943,0.4734949030343814,0.19284492395183864,0.5334148625181074,49.87834378446243,3.0674850740500847
0.3407674594893039,0.45327065916439313,0.31328758593842654,0.5329993629130618,50.869841664689716,3.0934254027341073
0.3625075991416982,0.4180612796425124,0.21297477027808992,0.5329651772322321,50.7393402589464,3.1049204790596563
0.3627444477812603,0.44465246005954473,0.2461419374933591,0.5291521005546096,50.92985198360414,3.0874491999451186
0.4430481333966208,0.4629504217194385,0.194356776023492,0.5343335176508115,50.7364513882053,3.068930269026882
0.5145019849762922,0.3113239165723219,0.1843941225300805,0.5344770271540389,51.407773722171854,3.1272151150932768
0.5134121582083322,0.421565821468628,0.10329717529946399,0.5334275922539974,51.896507413669624,3.1314457669424973
0.5615501205508556,0.38905227022005867,0.16629765793809118,0.5309840006204919,51.73218364992586,3.151116520551503
0.5979605886785855,0.2881509931783838,0.1152554899437589,0.5246514898593488,51.26427032181986,3.1454694505523433
0.5877930397547306,0.3553384129635607,0.053813198283419995,0.5257638025403443,51.86366904777545,3.151391446023986
0.5576295221642866,0.3993224825052041,-0.01279619373356283,0.5240747762392206,51.13207816304246,3.210169460219634
0.5339095301298201,0.4096715179056577,0.04647242307196703,0.530512783388262,51.29131327057032,3.1505529187697845
0.4966357315983146,0.3794899473066332,0.10060731260315485,0.5313966409815406,50.75074871074354,3.204679009567285
0.5436500766771134,0.38818556927820674,0.11213126495172512,0.5327172829462476,51.08852267944269,3.1885079628363324
0.6021317762418669,0.35132071591807523,0.039102534284478144,0.5389273464383868,51.766565007310945,3.2032844276451917
0.5245708581070895,0.3570970035608093,-0.018453729019588437,0.5442702769638025,51.972735757683076,3.213657943348521
0.5993865049027486,0.3329522226900984,-0.0895283278643674,0.5485684015384413,51.73534496930203,3.2139313145165747
0.5508455118090303,0.2662611917678904,-0.05966066626562897,0.5521968504737265,51.5278351631183,3.251424484204725
0.48498450828726386,0.33319501733401663,-0.04039147640152087,0.5542520289077254,51.41679207732692,3.277812871918999
0.4797216034559053,0.2733399970446252,-0.07084480544742347,0.549199135072894,51.636070750448106,3.2694002732249334
0.549598103878903,0.21932062724036908,-0.03319180662204415,0.550587702725658,52.40976113758578,3.272067639924242
0.5541640219560682,0.24488851725601224,-0.05173055290717434,0.5489534870376517,52.29431968288342,3.2602711900180155
0.5964057263240362,0.386096003355748,0.021543004982854504,0.5478928225010236,52.6276302064476,3.3003365053164893
0.6073922441261108,0.3201405077992542,0.07552788760892994,0.5514233035797311,52.266668838484335,3.3431269926345863
0.508305479235519,0.3092655632174717,0.08816369833867388,0.5512847562208197,52.09647605092183,3.3023861075240983
0.47153968597886325,0.4174998972502344,0.0170040186649986,0.554152574786895,51.814948597293395,3.312480328412963
0.3977209148862849,0.3605416612774469,0.1525821749501303,0.5544383402870577,51.14207151301693,3.31877821738038
0.38191775748251544,0.427877002698693,0.1355569182375817,0.5568822415171621,51.626311015133524,3.3302117153101114
0.3742294926088299,0.3521599734185191,0.14549074245445454,0.5577132592168255,51.96727443518832,3.295094008926553
0.2995717804875154,0.2834486729591982,0.2031390857236123,0.5594415022258217,52.081718371935594,3.3681007077171143
0.2997306225175979,0.22110537991773266,0.1902279359950451,0.557965951509832,52.16207567555256,3.3530889564729076
0.3048836738900163,0.23372000568590692,0.161823572767508,0.5566908907889895,52.31889232340298,3.347794737624164
0.2839193952512611,0.34159682986994283,0.06602856070968322,0.5609940326492666,53.158676201879224,3.405063798994651
0.23867337350636295,0.3112909160607125,0.13290257180436443,0.5597557710387107,52.52253366037634,3.3783596442991612
0.22181467909217223,0.31639900080685535,0.05750694478606035,0.5620758854690892,52.68220718626719,3.403226618922325
0.2756888380923413,0.2835329219445867,0.028349244644926736,0.5564251292581299,52.528601693307074,3.4493288478237716
0.14643711182257113,0.3114302999007911,0.016467078984607628,0.5498862567082332,52.12914399061943,3.40181568403951
0.17390086189969942,0.3124064153199396,0.045407484691006784,0.5480044252553457,52.69760722019824,3.4093480353080445
0.24692758569002718,0.2705975956743747,0.03228443461471298,0.546747437256646,53.128338275087,3.455386123791247
0.1173326212232169,0.346727486445646,0.09272834239050601,0.5501088785879682,52.817107265347545,3.4829897472802074
0.008091094089301675,0.3319511420550284,-0.008438068919399994,0.5481987102079927,53.07407040390198,3.438513165645361
-0.05832231154286856,0.32363769424134603,-0.017247965422203866,0.5495008116821658,52.36928003870886,3.4881537947367436
-0.09969714830861556,0.2823526520563945,-0.04114802141832561,0.5504435517539791,51.90192032416775,3.501619990799234
-0.08282463510331031,0.15893617355147266,0.005770269206882855,0.5536494258040968,52.18489310857119,3.4588167903261535
0.03652069060151823,0.21086761636037538,-0.010454160424985735,0.553527729009759,52.397403425325024,3.5259700267581446
0.07632824013499219,0.17970664952483828,-0.06888610807729183,0.5546006701663745,52.19967866841878,3.5375321175968435
0.10290419549548577,0.10390583085017666,-0.1620167241395143,0.5545244221179153,52.987736256742366,3.52376428853488
0.05391219471252308,0.09004070275577065,-0.21565279865371417,0.5526127630295313,52.70924732672121,3.56504692724596
0.01185339183879892,0.2401109974621954,-0.3190092978076005,0.5535985262695314,52.8204933731909,3.572729111486497
0.052917391161864315,0.286494529714576,-0.4281007201059016,0.5506857742895089,52.490098577921216,3.562062358514344
0.05526854758156637,0.38810024018013006,-0.37121477549470844,0.5524875191746781,53.04304259294869,3.5609710921935016
0.05147269916774897,0.421770610507331,-0.3280989308925286,0.5518335296661796,52.62763668993297,3.560543442148341
0.03901217591339089,0.4025575015838846,-0.2987002545128103,0.5516993910598156,52.59036459752828,3.589248729812676
0.1068053176868304,0.49035002600577515,-0.37100656454289227,0.5517673557087315,52.7245957066727,3.611395178394084
0.171972699045423,0.5364693237453177,-0.24149258562525272,0.5513449288117556,53.065217578141926,3.603516462779187
0.1550011593502033,0.5373102345611859,-0.2591349879826092,0.5537997715951235,53.08081004157306,3.5760499798947594
0.2011487005067662,0.3996898658623653,-0.2633665755100387,0.5559851559028736,53.13018874407352,3.6553742778915312
0.2599226116562973,0.43432623519184405,-0.342340458311866,0.5571822337106013,53.3561355515633,3.643804464436898
0.228973887477183,0.38081729331574266,-0.4530767098763325,0.5544378064756246,53.1863580602833,3.6424075100664632
0.31329752492562934,0.44117638472795945,-0.4368342023216737,0.5569631266422481,53.55656868587615,3.677143167768466
0.38501512996660625,0.4078992226357978,-0.3929654364753353,0.5541766036618628,53.5782014982786,3.700492771929655
0.42653594223972896,0.4051522191715324,-0.39190595340668366,0.556923481953112,54.08652920134275,3.6239617686102426
0.3992726069156073,0.3832460203716461,-0.36751479029676143,0.5576794880657825,54.31930598958255,3.6986852729984414
0.3856675336317136,0.5211595943666782,-0.4565438799626772,0.5528484656576349,54.536232947933264,3.671467015783793
0.3375144336295678,0.5725902174381179,-0.4073138122145269,0.5501450976975992,54.53722346813445,3.7199822101359783
0.3679034291422782,0.574733370534214,-0.3274635991042444,0.5501282942501786,54.894979257723165,3.722558544047492
0.4245786932277692,0.6765672251653464,-0.26956370243945066,0.5512255070855903,54.16129596811292,3.742714530528811
0.5339034227815408,0.6144554029306424,-0.2673899642020585,0.5496935431796596,54.147465781642,3.7300150477101073
0.5463773091520882,0.48034318713790675,-0.2230905371551334,0.550033825814114,53.78043252045281,3.712535197763617
0.5916337940708009,0.4571989953504745,-0.23420106663325896,0.5497483832280246,54.23169200141611,3.7509926361748662
0.6159486225867847,0.40827526516435436,-0.2643841994276596,0.5535422917946267,54.24396673422439,3.778136952702796
0.7100176375138232,0.30676807806550643,-0.28169321977464257,0.5536133789676512,54.42249170927481,3.8003078465735047
0.7116790667067411,0.20697314341905887,-0.271213640904164,0.5541968706150885,54.0377624979213,3.7665633739905497
0.644440445168703,0.05523088079334498,-0.19160996775044561,0.5575389839880557,53.998436690063215,3.8205412085374606
0.5385486635294324,0.014541064634763087,-0.18794065207075433,0.550923006586358,53.88507446816125,3.79704255420707
0.4385066810198442,-0.0638947989854192,-0.21981222984479348,0.5532919107164183,54.381343048823716,3.827248997631891
0.39284814011391844,0.05477812682036687,-0.20126427446148445,0.5548466210783058,54.83059711168355,3.819802120942688
0.3210991037337373,0.07177507590003689,-0.1821986993641788,0.5525392787212319,54.8933261290354,3.843643412554242
0.34939461293489876,0.04163166771904744,-0.027721115683111176,0.5570916214179715,54.72671169509912,3.8678375526914057
0.3559925839162953,-0.08180408498188896,-0.06770696453492481,0.5576571975479557,54.3218002417784,3.835459718454229
0.4498863021210592,-0.11004577761335384,-0.0305673564199462,0.5631704029357145,54.03321541215557,3.856401882065064
0.49323848538597936,-0.0996754554051716,0.019268918727766426,0.5585339260136875,54.06460974604189,3.8836992517468416
0.5037585880786919,-0.05965536487959031,0.13190567335246836,0.5559419059884311,54.12132124976491,3.9380316732206073
0.4583271420813862,-0.15502227365405272,0.15906604489736226,0.5560419247515582,54.01898291577031,3.8827362057566632
0.4587379823774982,-0.23345168469177208,0.1646272414336516,0.5574234407909054,54.10253937225561,3.9508026777199383
0.32088393791977327,-0.20975401935693405,0.3449238273994526,0.5569085686578663,53.68864618661134,3.960088466073503
0.3652081311912899,-0.1853455512698254,0.2755977460021237,0.5530837376322031,54.36392504725272,3.928053776985968
0.31723581063483586,-0.1369903535465911,0.2493139827133716,0.5550798081083427,54.47520964146124,3.934036949476002
0.33285920245706235,-0.10801585754604928,0.19329264102716479,0.5561718319222219,54.6848713899757,3.9361586960267063
0.20430124044954398,-0.09280826275766849,0.3026249001425449,0.5585633358199698,54.56685396932708,3.9586359493933463
0.2635425551539563,-0.13018587871897486,0.23389489522542725,0.5573831199042667,54.113879146811165,3.941865611348809
0.14904021251350114,-0.0543485735367345,0.16687071779616178,0.5599965158245426,54.178050278712384,3.978475219653588
0.25206073866299117,-0.018090105082997132,0.16331237086744163,0.5613359128859056,53.771050566606235,4.0199376054770175
0.21504024411537098,0.14785713941469242,0.12400744024906529,0.5604152956325225,53.74928840309774,3.9877782987504657
0.2157559215229427,0.14955121438184354,0.11952995430310676,0.5653632837466066,53.19288948486187,4.005185513920218
0.3229276890074016,0.18993873176431803,0.18618533666119755,0.5696087957625691,52.46667979719467,3.985977190514656
0.35227926606273613,0.07682205097564397,0.2670254866847747,0.5710709816940858,52.23860042770292,4.037481241762621
0.36844742184951806,-0.01688508345743097,0.25877702224523774,0.5689542403048417,51.79460992071232,4.045289633699028
0.39278502542614196,-0.022642468608011456,0.15875591826188878,0.56548022700297,52.15333355479388,4.0512740471953155
0.32303100145121366,0.006746154821503323,0.18031977646119285,0.5622064860140028,52.2794701495043,4.055663458995558
0.22281828152241392,0.07036206328897665,0.17750188072639753,0.5612752944716596,51.87998049846025,4.064144841624551
0.18202666748176569,-0.02408436030714156,0.17823151478224183,0.5642832795464903,52.06341016332266,4.090038004674014
0.2373085882508826,-0.04578312987804559,0.10966916880389257,0.5650286132374915,51.959782263060276,4.089423667968227
0.3185248620058044,0.024394278046517098,0.1896855799213935,0.5668751377923027,51.817808071522585,4.106299437431106
0.23841159512164486,0.0265544617148712,0.09552482671509603,0.5614776763668574,51.85999279057002,4.1142996563490914
0.22843234321895522,0.11574396993242186,0.0651608386072404,0.5638610313541431,52.16662005182407,4.142468545741916
0.20145804230422226,0.12759076892962265,0.1725622516810678,0.5681519835209643,52.31761464717209,4.143539881947501
0.1598165331501969,0.10407624214889408,0.28645276206150283,0.5684548856312168,52.2286313352205,4.143857236863004
0.1465657852106638,0.09768693449151808,0.4699006073369736,0.5674284975395506,51.977584573729224,4.180368440613044
0.31049490672439306,0.006620698234831223,0.351791243651548,0.5711303863744849,52.24121105424231,4.168405370581131
0.24929981601382475,0.01103616213933214,0.4200837453828744,0.5609513949300636,52.601293331281695,4.196099253775809
0.3147064637627063,-0.05274886970553501,0.4022919231372025,0.5599983781452335,52.45461863192395,4.192138852167733
0.25690636851759796,-0.10260159147024388,0.4168576281146514,0.5566013107378989,52.99531812711761,4.153161618421369
0.440379943984475,-0.20365213708606208,0.3554492124345779,0.556150080326407,53.343349165989004,4.226096695266387
0.5588305335373832,-0.1962046652209452,0.3724091248337732,0.5582649122158406,53.608036885488886,4.212703524826853
0.5468349374105796,-0.17145528893937848,0.4301788373850958,0.5521018818389943,54.47374589386321,4.2189609045819845
0.5937792515531197,-0.12769786132346264,0.4013530898651558,0.5508950979155136,54.549112454315335,4.235626966949792
0.6492661188893987,-0.02853630688588153,0.4635138582267004,0.5546590431274625,54.53035777131936,4.233100336760859
0.6872699964317005,0.07333935976931087,0.4483273462461191,0.5585899907092692,54.35736174057023,4.254540577207779
0.6931196411548843,0.006034910373041885,0.44497516834492173,0.5579278890175619,54.71267844697252,4.248162478673138
0.7352559846889303,0.05171711522530616,0.4663039211581542,0.5550152896886734,54.7395993289479,4.295485445174688
0.7828772237288739,0.12641908073914715,0.4606088400751974,0.5561825398264425,53.97034135728558,4.27772823772758
0.6699331039878402,0.08318148320903127,0.43645399628192455,0.5594860340389441,54.03998303586489,4.282348323145551
0.5759042307331662,0.14331709398247858,0.35674123379066325,0.5555970536440717,53.653330365706815,4.281501483685615
0.530889522720114,0.14821008697282365,0.31471028164544307,0.5594415686949159,53.44263636492083,4.315375515782973
0.5948396858177267,0.11582772428216218,0.178163853275194,0.5569456220716431,53.52550664718304,4.323742142002502
0.5675477537956587,0.08591380377542421,0.19793027468809696,0.560463927483813,53.036422507245206,4.33776849227355
0.6267647020845398,0.06929030446514142,0.09748379441721593,0.5587691502578314,52.56711304003228,4.319454962249897
0.6686085642164155,0.13249692902265833,0.018225238181246592,0.552400593824871,52.80692268821599,4.317976376023769
0.6731965390019133,0.183473225749538,0.1517859953664249,0.5509865421082918,52.48506597870246,4.372511826050132
0.5991225306595851,0.22543071402693263,0.11561966692097254,0.5551724657435372,52.01988721606934,4.39969283723753
0.4557033457716953,0.2348975634625417,0.16197776183565402,0.5503136038606578,52.268928335131804,4.359472927552202
0.4502648330394183,0.2744225339829213,0.17315697066484922,0.5436402951985535,52.23942149313308,4.421788825671234
0.3671455055253436,0.2751303437920375,0.22664637188184872,0.5469522975746389,52.42272799502031,4.405678221174728
0.27845852228153806,0.1777671343956646,0.3325491653398425,0.5431012340931741,52.634688963333986,4.409858741908984
0.18824942098655723,0.16214552512546793,0.18094979333762673,0.5448983760451449,52.56929440767932,4.412049026069084
0.1359296677462594,0.1998597362501441,0.19948347296915042,0.5465844057660745,52.55619971541891,4.4023096396115
0.03915219152481868,0.19999165927812526,0.17701323305778177,0.5474300447584789,52.67018079677332,4.459754570318492
0.004919037372762514,0.12708270677980435,0.26536030598618265,0.5484599559905567,52.54407452328879,4.434487872771248
0.07220991898966948,0.24545988972162913,0.3301256100189428,0.5467890492786949,52.28383771341307,4.444403866485248
-0.008371847043560943,0.13217636535003807,0.23134425304013934,0.5486780542232312,53.05083752270035,4.4898385261977385
-0.08627162096981568,0.18615046901703547,0.20418402060936938,0.5420390552737795,53.21312083741741,4.442340331066566
-0.05058052646004822,0.2071395429898248,0.11359732214986185,0.5405452554299275,53.151785199861635,4.459528043786637
0.0061632405926412585,0.13998929336125426,0.16501257260825578,0.5439290184188145,53.91170913658319,4.4996373151298386
0.15659676178876755,0.2176658684550022,0.28156828770488057,0.5469867743047423,54.28007406302072,4.515865688580097
0.1214955974772776,0.11089903219796342,0.36740131521278735,0.5462776866295888,54.07081419011472,4.529694692959379
0.111535606746431,0.14307236964481973,0.3250936752516883,0.545884753178034,54.514249869113556,4.523964030132075
0.010619669506066885,0.224295191305438,0.4078548439538269,0.5494843894004754,54.96340843676249,4.590607393372834
-0.03201391484497976,0.17326084161774818,0.4061427220242163,0.5623003103250874,55.32829076141451,4.545442148824683
-0.11808141383821291,0.30064225401344513,0.31207450467292136,0.5603469699791415,55.138430251547994,4.5553842769579465
-0.10012366076537768,0.2832837800211188,0.33956699803211315,0.5611881742089474,55.82572960247588,4.554060266623723
-0.04192220778191976,0.29995179804378214,0.39002560344345516,0.5669896894991562,56.28832244335315,4.582478136330422
-0.09832392118347191,0.3239455698724177,0.41530399499475107,0.5722077635003796,56.24066864401101,4.6022992246409355
-0.01857614070155844,0.32422884539728425,0.4031309052253154,0.5740206725275885,56.02162737275116,4.62407156109067
-0.014463429415208026,0.45943354835660283,0.26236828794617045,0.5731340430608248,55.90476702816909,4.5802143147111956
0.05463719647021581,0.527116066797709,0.3009249302819215,0.5724272023495324,55.27009129528379,4.615080093232886
0.07050699026562565,0.43561906010519164,0.3069837441926295,0.5679193113958595,55.96325419665034,4.638934072216183
0.13082885908938618,0.4934150896756767,0.34925207038857137,0.5682650025035928,55.98802702388546,4.65174115069189
0.08701154795428243,0.46224608434663833,0.4080743326114547,0.563972844195321,56.03105126497169,4.650130973156091
0.10010476693467059,0.4511598395469337,0.34245021930903513,0.5659934750820246,55.82878276535831,4.670848479390642
0.1856889380364629,0.5513756758254853,0.36056503235515375,0.5703861906925801,55.72701743718144,4.653820722141484
0.18557202280583057,0.44892633131483606,0.361044906999995,0.5724305087849076,56.287215874201635,4.711158108646367
0.21045658315110344,0.40759773584997,0.48662185459772755,0.5732358390562408,56.385287662220094,4.709852562059589
0.20055274944023918,0.385195704944311,0.446033495833306,0.5756311033262949,56.19225322720515,4.673101444258696
0.038414371461457375,0.2862559458258459,0.38783491615262433,0.5701291907137064,55.56725307125701,4.688497939037664
0.01265591695136623,0.33110791023083036,0.4003296823081774,0.5713588915209782,55.711426589560155,4.699061564997861
0.05651210083075956,0.32470506519024467,0.3838379323226287,0.5673055637431892,55.61816314012974,4.743559399417931
0.16598816370750513,0.34076322362052364,0.32000063342548657,0.5677468796190388,55.96683959472714,4.714305444671651
0.19389479962586276,0.4446502616403012,0.38072570063237726,0.5600958896523954,55.406214204625314,4.743379513315839
0.22878896205943827,0.3474904323346172,0.48364645106680176,0.5627590131268447,55.07514661179863,4.769094087928336
0.2968283821906431,0.3501035014037858,0.5263297122531736,0.5680191118008594,54.602029555929825,4.7686766813090715
0.47916968416382344,0.2520687473551929,0.47133027250463855,0.5697004533332622,53.61453241605854,4.785177750314254
0.5957571206480541,0.19933098911826996,0.42757378891666464,0.5724774042783182,53.806319929566996,4.768683945773025
0.4918397807112556,0.25486084487311766,0.39675155536098405,0.5683372092565144,54.18829567470491,4.811897087467945
0.4430143773657072,0.29567140941898756,0.39631039009805413,0.5677471646696522,54.09488603571746,4.797735762150481
0.39839313303551716,0.19485136682382836,0.334279329758813,0.5729816515729919,54.498677949520314,4.813507606512042
0.3985821155752266,0.25322658955454014,0.3198216679121172,0.5725541620820624,53.94232358111476,4.83475463455812
0.3670957770786122,0.18726112658913363,0.20883356374696493,0.5683084125960701,53.88067587259618,4.842061564430617
0.307746367858449,0.28496562095834516,0.18730108148675711,0.5705091616483429,53.8727977607197,4.850479600380313
0.2454241849272107,0.1934299717716274,0.21506862878895117,0.5702659459473145,54.01127022696092,4.844987463560465
0.1541861955271851,0.1588696041799002,0.22374307278483285,0.5638703666662022,53.357162752812634,4.864009011776016
0.26578313094439904,0.19029779536356176,0.1811414794958587,0.562544739869044,53.21357755333813,4.880043671816741
0.3393708271071649,0.21068773324382448,0.13477245705499596,0.5613915093419221,53.33498063146874,4.862498295336658
0.3534395761819755,0.29385901609475373,0.21683980433130906,0.5596969156597671,53.3843559390382,4.890749340673732
0.5432476376463156,0.30549801812618477,0.1364548241687698,0.5645259420115735,53.79202376803166,4.917753597580657
0.6235904024216834,0.29965227483559087,0.15659011516853025,0.5658465156254191,53.71225316170169,4.894451267923093
0.5128972752661033,0.2557605950522799,0.13779191923786627,0.5699444888798966,53.3884137790112,4.953131633031885
0.5075198897375812,0.18639884681248017,0.12361194001472138,0.5675533106355405,52.98676759865742,4.965392265251997
0.5476319901826924,0.09868594180532342,0.002431578448514371,0.5696074082310005,53.37117956987424,4.9250969884807985
0.46765663059664053,0.11442637702733086,0.028098692490623987,0.5692938385802783,53.412080942134445,4.987152392661002
0.4432919852483427,0.20539166626624056,-0.025534078227372546,0.5698536405784747,53.66495433361649,4.967128368225757
0.24628182843940225,0.3181813853007975,-0.08682409873444268,0.5681587940197126,54.06450515940819,4.988370291183141
0.12187789260251584,0.34427270975059643,-0.057303862030471955,0.5665006345202032,53.55797258689447,4.980066978957435
0.1752974458361956,0.3314496853477077,0.003066333438166363,0.5647396811314254,53.03099664974205,5.018460896544536
0.31926009617278284,0.2345514067089431,-0.044974121205328,0.5627106761678439,53.01574318027699,5.018121880376973
0.33036882977776366,0.35549691920871873,0.07383370293689162,0.5608417228775217,52.43421215211315,5.003716934868049
0.3490589061019905,0.40417407880271555,-0.02091931537873936,0.5641783664936515,52.49535144861103,5.006695960000695
0.3550591111931736,0.40070109647689794,0.11255381380601355,0.5683573997469552,52.302438729952016,5.010793951295816
0.4025303237678817,0.40965072185287904,0.09080876876974994,0.5665152880501048,52.65855952080435,5.053758835528655
0.40595406805112394,0.37215892727198374,0.1342724815506993,0.5721659261794122,53.32776216782641,5.071449428235595
0.4175467260309122,0.29518933862973656,0.16329628185113862,0.5734737479432274,53.50667131930881,5.083019313575589
0.3363305219575846,0.259756892689777,0.2830997815402623,0.5796138909482816,53.58130755683122,5.077640378107852
0.2514158245726196,0.26819849799832374,0.297843439747307,0.5808672675660709,53.416853520994835,5.066860070886713
0.2660520942105018,0.32808187259884086,0.16818056436039472,0.5796961374707257,53.49789984625539,5.0863585040395245
0.19025777807660288,0.439897603444373,0.31540209097029376,0.5807126931764802,53.16535233270503,5.133046972779239
0.17515675663396085,0.49419129006918683,0.35621357228426975,0.5795014771190534,53.33332291053483,5.110307428707999
0.17355757988135342,0.5252858410391487,0.2889318217114214,0.579219623464668,53.340021889144985,5.132868352613629
0.06927760577251331,0.4402229393182259,0.3315671639111126,0.5800429593253034,53.27738539549555,5.118486990328502
0.0808164611626275,0.4321616378520788,0.4065124836101767,0.5805866750685725,52.842217731835284,5.156731660909181
0.1584394245432287,0.4062840904164694,0.32035498794100925,0.5854251706350724,53.340788060160776,5.150846308766418
0.11979339249054086,0.29588118900512506,0.3188725510608098,0.5853473460973533,53.11682249596129,5.190934254275515
0.16925571671429934,0.25999986270527115,0.43299036754366094,0.586981587092721,53.20370078574247,5.195471154124136
0.27667985571416487,0.25174118674832024,0.49248407466781713,0.5885768713803674,53.30434043741205,5.180085881068503
0.14761551056457356,0.11850031303044153,0.4857204019462464,0.5937198886411847,53.429834383519925,5.197466719453047
0.08002748444312313,0.1731586373505661,0.487770664427796,0.5987708479998057,53.416268611009,5.198977675199187
0.11753947146984718,0.06143709121069126,0.39984878754642095,0.597313644958244,53.51631566049804,5.1916113360691
0.11863573934803595,0.05548916183279153,0.46439261893102357,0.5952527470925922,53.4885744729015,5.2128511514090565
0.11371970626006078,0.1651302395469491,0.4649028143172359,0.5937500041922806,54.1021446702355,5.243964346554416
0.048546666698128946,0.0973470007035615,0.43595005153987787,0.5862885477250775,53.64905551334961,5.256505189964591
-0.0024959627010263884,0.04994826919611741,0.4095869476943677,0.5834406722152041,53.364699075651586,5.262970958071852
0.04382261939909281,0.09255826857404961,0.36239771018408123,0.583572737508002,53.961560647279576,5.263965338920828
0.055097459370984904,0.2078743376703783,0.22008752044633767,0.5853091986673031,53.63111789725949,5.29866133211442
0.052143930219375655,0.29921639266967015,0.2621981685347002,0.5855973753384182,53.45618768503796,5.291270838091219
0.07126550815231177,0.1516849999992423,0.36733785401654917,0.584288802957891,53.27858732946204,5.314065076561919
-0.00858379320562006,0.06552679087788418,0.2679350671819269,0.5828257360608882,53.46519801387221,5.27452449735595
0.000774415488393923,0.010930549993291143,0.24348206175563508,0.5793293023081338,53.81935009188663,5.241551994967633
-0.013683415114589675,-0.01883725444269106,0.3232809956011574,0.5797633482058596,54.053447181564515,5.335675760556762
-0.01672185769322167,0.20400463664224508,0.41169126433467607,0.5804304798181799,53.91179143966091,5.31150468692557
-0.051406689135629444,0.15656164723563598,0.32411997314687724,0.5830627708568545,53.88990584352541,5.345750965945739
-0.1187584204979868,0.20920965493222404,0.258881405967922,0.5752575956520538,53.96394242840476,5.353958059179508
-0.08839363918649117,0.264208530459499,0.30090551763995255,0.5725249335362455,54.03753948632421,5.401748012048311
-0.04233081771417111,0.32747687466215325,0.27030924431471837,0.567448271066827,53.91765358418694,5.387999931058872
-0.10802997107585866,0.3565523982470019,0.2444826475017333,0.569065469382742,54.24977674036124,5.393317180535973
0.017939694866526336,0.4714917527674438,0.2703374183828241,0.5679877135889626,54.16447820815885,5.416739823092674
-0.06499886120229198,0.4150856486169251,0.3037641671705522,0.5680751984571647,54.12320498695436,5.417369951736781
-0.00466266807617618,0.4827509839926182,0.330251131181461,0.5681566934102339,54.31666701524405,5.410846460140231
0.03960062581012018,0.4542008640386377,0.37920975889788916,0.5700954957069825,54.44205432756844,5.4514295186050905
-0.045103845086059115,0.38214716207038907,0.2761380185860702,0.5744515960785226,54.21430473318801,5.417804997442235
0.006010293456702326,0.410207711873976,0.3341604571414468,0.5818078840322245,54.360947959663086,5.456464943750672
0.11695581799294678,0.5561489447328493,0.3204188148485937,0.5817709541498675,54.09105565204934,5.429048604117273
0.10511409764078741,0.5695578521690534,0.42976889921048117,0.5804197878588017,53.63073445362711,5.47407887715032
0.11140006250633808,0.5713842199841807,0.5186810434908793,0.5744104197157105,53.472518061984864,5.483859792835459
0.1271314307088268,0.4714689981201742,0.4704511008440419,0.5747495520280264,53.90782989043762,5.523529099238293
0.10024609342666242,0.4448666914588985,0.39915009932498596,0.5806247537002305,54.312535568433546,5.468700522131164
0.17625303105356577,0.4836996423592194,0.45974859293374826,0.5802517112815335,54.235605626783084,5.497982256482923
0.23866092035198125,0.4622503871815386,0.4020298767850057,0.5824201819275213,53.582345357422255,5.5364536485314835
0.31264756878822414,0.4354313249907519,0.37754153869272106,0.5803624095335913,53.36310949221695,5.536706345127946
0.36283430356515145,0.27400292996417286,0.2782286341735258,0.5784411087022435,53.751955251737115,5.54360610102675
0.34058531797626673,0.41844518806891895,0.3374108492234296,0.5769268975203568,54.15801445586975,5.530877285940829
0.359940471319899,0.2995463313217029,0.40998830662168884,0.5753039171432583,53.853051755823515,5.548183633038172
0.3582551354234686,0.43362093644287825,0.3113574655308427,0.5785642051009667,53.77349094676542,5.594900820164465
0.3283778983647207,0.43270629767566104,0.3094840480670475,0.5804561631008216,53.79277590764089,5.578969816124921
0.3368880640829244,0.43954092273502177,0.17103734382638863,0.5806501441162171,53.169817652359406,5.5975071939228895
0.3103069976075472,0.4219655327554497,0.07842417611687444,0.5763209289282439,53.33388684488708,5.597696233424471
0.4712771765557594,0.45639750189586953,0.00654842074347024,0.5768964759586525,53.57039811142469,5.586338289695005
0.4890579991146392,0.46956911327902856,-0.0314703456251,0.5787152491564083,53.26888839255249,5.6386762085215
0.40139318775641153,0.5195613433778494,-0.1603853512751423,0.5787817813660627,52.722075658296646,5.64006464769065
0.5857509051540324,0.5168348092116668,-0.1472437297276014,0.5724278215474037,52.97639701017338,5.686112736747344
0.6059066955595381,0.5403661971030583,-0.1306468024483594,0.5739073869206159,52.88563349594153,5.6296883724069895
0.47586165872467767,0.5122160934190302,-0.1423641556212645,0.5707460927561164,53.16085615488396,5.67645145842401
0.43632440876401635,0.5066874069470511,-0.2126483557972258,0.5729724596229414,53.22244945429596,5.64376912067926
0.3249423153272176,0.44121131741725605,-0.2262134528333437,0.5778596040359374,53.55851181462108,5.683146931353461
0.3382806967440024,0.501041345466481,-0.21245302090889867,0.5797497848774928,53.6108627379763,5.709530131781264
0.33558692261289447,0.6199426420173156,-0.18999797721236233,0.5771708676237011,52.92396304641202,5.658557297678071
0.42790744627932187,0.4103989722748496,-0.2323598733834909,0.5755175125011347,53.18516508028929,5.705901350515168
0.386579508167599,0.48905246317091616,-0.18087193244676258,0.5778642323614622,53.290198116814544,5.708735805319147
0.3636182358451545,0.5320494268657433,-0.09401252693422453,0.5790728578235801,53.18490466170482,5.715960854034098
0.3889231780836282,0.5614688907720705,-0.1480974930953939,0.5747519197617268,53.09527519853623,5.747704253045187
0.2996750572224166,0.4738929004855327,-0.1906599539823016,0.576114024944858,52.924474846098235,5.772413714128452
0.33655089261452886,0.6374540842102155,-0.2082219244455797,0.5799395462297421,52.93200102492176,5.757334425695417
0.3974368579829176,0.5285148176598063,-0.14965471132881886,0.579886284664645,52.86611351730856,5.774109728551201
0.30449973485806997,0.4376399308417708,-0.14690744125393093,0.5789546233694735,53.248017374169876,5.782286175061185
0.3834514573424889,0.44740243651798706,-0.13397759199689152,0.5693510643795,53.86549941543094,5.790036070127129
0.3866023311554484,0.40213613684818456,0.032299229695255526,0.5733667297754594,54.07782970759016,5.778213147245758
0.2627826918111957,0.31944936189230255,0.1765512749095005,0.5725664978974108,53.790735398288334,5.832168892034458
0.2515803462279846,0.26262921627028485,0.27723199947603544,0.5668029165654702,53.678387422901494,5.825903907363177
0.38213096200965574,0.2740599476183674,0.3967110859391662,0.5635391217774007,54.556894300561886,5.837897629800052
0.33187837493744254,0.29450781361344675,0.4878145531800858,0.5730561966978119,54.1539084134673,5.823869807419488
0.3654079691865963,0.3162548875819964,0.3623116200423749,0.5718112589450441,54.12679633716901,5.840815592040216
0.4450609472515361,0.3629484349662101,0.3481521397515665,0.5767392561044324,53.95415773213445,5.856477316045785
0.4536878406072261,0.39689285053108103,0.3435291857281769,0.5758874739303638,54.291585308265326,5.839317506131023
0.5894590237687904,0.37513602181401495,0.3669443207692874,0.5682311431874545,54.333459336309886,5.846239313496047
0.5649453029584718,0.34061548123080626,0.3677014795326955,0.5659567020093997,54.55064791625116,5.8779850413872285
0.5683174921430232,0.3515299584045947,0.29308122660097496,0.5653976925089453,55.049545577897575,5.910450415328848
0.4613275504740625,0.5368357936549348,0.31306209072492475,0.5669779726086934,54.75447395800374,5.896937252201401
0.46964496935623323,0.5640582604286265,0.23717446827277494,0.5652203604961039,54.688546748125496,5.899623896048186
0.4979978973440833,0.5903084800791883,0.14338875401611886,0.5659755373375848,55.26520236262729,5.913706286935247
0.5091194117808632,0.6093881653050098,0.32650619570327316,0.5715439932116381,54.509826665823674,5.930893151537094
0.5948901535715793,0.682893436901723,0.308765626269172,0.5665703624825902,54.5454376570825,5.942922820743598
0.5703304751845418,0.6259335749664168,0.34839300362134573,0.5679893658027811,54.234134026618094,6.003310429044131
0.48356382598413744,0.5350353563253354,0.4714329469247994,0.5602527675511293,54.424683774943844,5.9910924125697465
0.5359932715523833,0.5660977285457751,0.5600645546646755,0.5580080094616375,53.95927662357644,6.000495482245635
0.49838539032733875,0.5090718189756733,0.5766156917673378,0.5679406794879933,53.65768494533362,6.0133716072854675
0.520024797067945,0.524467578980466,0.49329175915454737,0.5686534797790805,53.285728624093075,5.980023582613319
0.49539572283716315,0.5867943907105843,0.46260974543882954,0.5679240414313025,53.09495185012688,5.985552707700255
0.5079517218201912,0.579081092916532,0.462112528626413,0.5688050584950429,54.107373352037996,5.99786259416932
0.46291376815327834,0.5211351798418893,0.40617835353999066,0.5696244892646359,54.09315747028654,6.056690122666757
0.4752069968445979,0.379370031251843,0.3730394999386572,0.5622225372927319,53.82506335505453,6.02905616422235
0.5573505544405437,0.3649522826420729,0.27498196822211474,0.559139788163293,54.41494045471603,6.024972876355214
0.5423439357454367,0.3293296040942318,0.35025370309387427,0.5556077783339062,54.21802165130764,6.0513800759956045
0.5233182153361647,0.26323809521152175,0.35301284327001986,0.5590082130043806,53.96568628547034,6.0652278893657074
0.3935802083467978,0.32884629542073707,0.2991646903477392,0.5679451929188486,53.962778397348075,6.085368265473892
0.5119014114997598,0.3547005120948154,0.3949121783425758,0.5674652109108038,53.485345407880324,6.095019020414241
0.5417561787395523,0.23487387964143003,0.4403726996541277,0.5701634024539213,53.46770647198325,6.0834363887225305
0.5635746138153447,0.15959491124888806,0.46071752053994786,0.5665209071307353,53.775421364308514,6.123713127850275
0.5543388501270755,0.06226396221223847,0.5643512269714333,0.5685990965788972,53.831878997749165,6.107216129324997
0.4820960887808686,-0.019574548176810508,0.5268888400867615,0.5660715141195762,53.2734953088097,6.126874473265899
0.5532214868318742,0.004898620569145262,0.40111336524197394,0.5673581297960926,53.73539765916313,6.1537354814100675
0.5858981621564323,-0.05772836125886884,0.46341888933191094,0.5700417234269736,53.36956451638444,6.137163571921113
0.6055764449344048,-0.0690562033354989,0.4805335494881244,0.5722702557291401,53.737476166725,6.148612971528378
0.691517758201514,-0.12458375196800323,0.4168254175809053,0.5751005552532082,53.56459618184287,6.1818333609938625
0.7384976790752146,-0.08408766523390625,0.23897906109368194,0.5819384238969352,53.58005903880113,6.1628453364679
0.7315416519199878,-0.10823361570980997,0.23294790223805012,0.5795346632585519,54.01929355951118,6.182304159527919
0.6548832945985139,-0.070906233421327,0.17836610608295927,0.5780143081398011,54.46433172860033,6.211114843560858
0.7252797749472543,-0.04923961596119407,0.14637443410340434,0.5778411210762002,54.73769638031248,6.251081848828719
0.7766155000487822,0.058986146907184026,0.15824992859876091,0.5793585188334645,54.15009534490262,6.232108090095255
0.776819405699343,0.009515040459627894,0.1844598745966545,0.5812360080269949,54.16034644404813,6.2394527952598
0.8365217881531872,-0.0462079969572766,0.07421791556076172,0.5818792135975185,54.58819989203247,6.250616031673455
0.7178360099867841,-0.04710836806179132,0.2543846673413184,0.5866150083965824,54.11786705206803,6.228536194518659
0.707760025212093,0.04342875427208759,0.23326703327954773,0.5888168021624846,53.868376858236715,6.262311934773598
0.7644182106557407,0.14680234049891644,0.2965421386176743,0.5893239219476852,53.94169625727558,6.269404670233272
0.8568552649984487,0.12489486486747495,0.3302331979626508,0.5882073893336924,54.17199365322612,6.286431690807455
0.8374774216305964,0.05400638573099209,0.2833136342049907,0.5867723771673812,54.186165895241786,6.2923301610495175
0.7208507036102119,0.17531234580775382,0.34074499885855436,0.5871960467896796,54.020151460955354,6.307593993548342
0.8008222494118247,0.16534311177728855,0.428567484263473,0.5891583151549857,53.90493446741302,6.303770656102016
0.7796382194499435,0.22818995476091186,0.3554597490956549,0.5891222860291578,53.98521218624869,6.321172178347436
0.8152834146005505,0.3010304548011339,0.3925244501575322,0.5928244632843455,53.69655199563882,6.30544342867886
0.6431053931397603,0.313139045105938,0.5340093484682329,0.587420766270031,53.87165336097015,6.333601854439942
0.5546162967307696,0.4613851910165795,0.5861698738952997,0.5884155546885658,54.531488678303276,6.377816670963534
0.5910198824816801,0.49480356846749585,0.5731777689805725,0.5840862386373173,54.377730115138434,6.366376166792565
0.559112245929225,0.5701203424289061,0.49932982092751965,0.5845183738699405,54.69717606809396,6.369581579252339
0.4712785356383959,0.5376425623352925,0.49990310555348555,0.5864694482093953,54.581726482381214,6.417922465525087
0.3960451921043179,0.5117235238599578,0.5415047059584672,0.585676978272655,54.33645940088239,6.362783300433979
0.4194944761951363,0.47456307281863597,0.5795058856490196,0.5841997589014959,53.98965167109856,6.377810888891076
0.48008693088586557,0.4408019410415186,0.5530182078012856,0.5849915902410185,53.770058472284276,6.4442542282255255
0.373720934776993,0.3471364283793038,0.539132557991927,0.5889627066246117,54.13211548356695,6.420919218720979
0.2320075810963981,0.42076702896339296,0.5980110147412379,0.588786791830965,53.90152781242534,6.4251483392742035
0.14077589284319042,0.5311934771617717,0.7219391243127026,0.5920022980070546,53.62726005418422,6.416015913498088
0.15341529446042548,0.5786243703167581,0.6120490475885526,0.5928695957975599,53.840806709338395,6.458953925327901
0.06876599960933524,0.4891810015135727,0.594202562073104,0.5873557638906111,54.33881220215419,6.470889197390549
0.07305539857148638,0.4273405048361174,0.48508503379231016,0.5841800693644248,54.4080671691964,6.448110112783302
0.05943722272967709,0.4010346352731878,0.4438475197488782,0.580609651832539,53.784320214882506,6.477194488288992
0.0402527613298599,0.43394781577418656,0.36845798672213764,0.5845775717772937,54.20103269409967,6.483289683359339
0.21803859384592744,0.43541843620215015,0.3216058401609606,0.5759865571414934,53.99295522741433,6.505119542928376
0.19860412563334398,0.44131107242827616,0.19189518189368315,0.5854678817376742,54.001539530613364,6.487614995155587
0.19377488231761122,0.3851591965331497,0.1597573141584145,0.5854687665111772,54.71416603130875,6.545038949090263
0.16050743666095807,0.3452712241624326,0.1369800927797239,0.5844345708158262,55.4187378537102,6.548316475631952
0.3404954418695188,0.22553901964027534,-0.12275667960120407,0.592309741592642,55.38475054860803,6.532736488825344
0.4269139934465909,0.04716496173509403,-0.06420253634858583,0.598079387864962,54.598232592647626,6.545671625767232
0.3871667251272019,0.004304956725370149,-0.03809387654644325,0.6015704540164457,55.11067222785643,6.557271556994448
0.38300936869534086,0.07404443407282893,0.007263706175753434,0.6059823591590752,54.768386180931046,6.55443382893987
0.4581264480038457,0.08902305315897234,0.07297743767748986,0.6030749126501005,54.713662094559744,6.5711314116352995
0.5163771622938886,0.18772818099825297,0.00011634434604879118,0.6044982553748885,54.547861563545176,6.584594592646508
0.5051980931974426,0.26558057268755186,0.0779838264897097,0.6054676683442832,54.963243273684895,6.632257367414143
0.39511886615401265,0.2797479421996847,0.20391178762031076,0.603356110271596,55.398511618352416,6.628932366166609
0.4071755664944522,0.32604744161930627,0.20505473719356365,0.600067559913213,55.03306233680668,6.638693094146732
0.45587627187672874,0.3138404473974429,0.17715732114218075,0.5971882507239927,54.885050312163926,6.637398512260088
0.43323593223022705,0.36880139851298177,0.1515089345028917,0.5942256049897189,54.89332854275879,6.617653459821376
0.4529084183852647,0.28418376929262656,0.14208048618826172,0.5888294561483546,54.81094285062627,6.649170177908453
0.5757186859443599,0.1628043951593427,0.1274221572387557,0.5948952350146544,54.702071998946316,6.679409769192268
0.6543478749824444,0.1571272901334057,0.17462427776151127,0.5962710351599279,54.79083712694445,6.644834707412654
0.534060907356287,0.24523126979049606,0.17163928578629672,0.5981859379108858,55.463343594383545,6.692731064137465
0.5545407279947985,0.28435434273607413,0.18174480333755677,0.595825165858874,55.34233426750738,6.736452184505255
0.5251119791554719,0.2919411407586985,0.20141450273383094,0.6102223186818725,55.40132008168289,6.721236332919795
0.3658290123407359,0.3976760246610018,0.2604847445807573,0.6073930434171407,55.68338060147132,6.73828058271124
0.3628538634475193,0.43558656568928394,0.26983780132307067,0.6030970811863052,55.00806600968609,6.724366775008843
0.4003229118678725,0.46121048952484445,0.24519532798713572,0.6034500186516901,54.66926703515817,6.7493586389753
0.2019941332525479,0.49819327795323504,0.3561743531723821,0.5991190432599108,54.672173668872816,6.725642935712919
0.16085717345533895,0.5239243651644049,0.18965393680383008,0.5908666680677226,55.251776970838456,6.7659172762468245
0.10534671286945958,0.5790958033566425,0.18446362971883615,0.5854825805350536,55.13903784609865,6.773087762681215
0.1948812856792002,0.5961424032058943,0.09835371701459943,0.5843340487773846,55.436606183592104,6.775798223480754
0.23247576358123986,0.5766138599981956,0.15544967983494537,0.5824468323851615,55.392314194487675,6.80632014839437
0.30398633521020424,0.5449967382136952,0.2837072652054954,0.5853631710852539,55.49648565291445,6.779224303243052
0.3694678350394371,0.503050075074574,0.18416949010735056,0.5891800744882041,55.177894677834104,6.796258849670527
0.3410729898236546,0.540550838967447,-0.04049440088114019,0.5948230996871309,55.03819205122394,6.811909240827166
0.31719943630352515,0.44940669269077305,-0.06603721725030129,0.5945526272778061,55.314767270503204,6.799407780578212
0.3695541992046686,0.3403305697069834,-0.12006555938247984,0.5992603904720055,55.49957302744657,6.834538638876005
0.3448048941769889,0.3001074467888702,-0.17900241118409205,0.6011741638969358,55.50826469539953,6.805621391740923
0.37584810058407275,0.2687815954001889,-0.13756966078917796,0.6043433466588537,55.326463371326554,6.870939090688565
0.3772954878302682,0.36588728045809227,-0.04011133425629789,0.6020795847116241,55.05522747022375,6.8609327473313195
0.28406959430671314,0.3657840596529814,-0.013103976338279038,0.6063371721527818,54.994886876704115,6.8595821419219245
0.45288087941959765,0.2725560694232812,-0.03624739797848216,0.606681532852757,55.1224453360094,6.863312527754098
0.4212334986808358,0.2994405130611863,-0.10483729444497229,0.6097197404111983,54.927328471311355,6.885308419407616
0.34159572704805974,0.26807971408819115,-0.11626078430847542,0.600115358712789,54.96470568234721,6.913765194215449
0.503946525119739,0.22186873300486912,-0.12253230024119469,0.5938098170526447,55.15309371080504,6.9209547795747515
0.4677425347268208,0.24911804768541476,-0.09997786725637335,0.595640508123238,55.30962325349013,6.905889241054431
0.517826154656883,0.18288244345254395,-0.07335605142339655,0.5948912436928077,55.69630873469928,6.913079206547447
0.6185715985742525,0.2662924646217224,-0.011572867057377017,0.5938936682897195,55.506549519014165,6.953137974126394
0.6426999072711561,0.27887973012274936,0.14977144637216258,0.5965482148414739,55.66224775321852,6.9355530519077
0.7152501469396126,0.2821870405227004,0.14201311815159537,0.5958200913057244,55.20955768500549,6.9611981954815905
0.5657957422322257,0.1689717940386993,0.24524843801860258,0.5920823902792633,54.979082644391646,6.972475092850486
0.5659279698182571,0.0988280065483935,0.1787687954416213,0.5956060782442414,55.20183739084045,6.986241242634535
0.493819904529459,0.162803789718663,0.09197506701101515,0.5948389487414849,55.04835175198467,7.007165408603638
0.4323149465844046,0.18216970510715644,0.16647354012428311,0.5915177605483036,54.97173578120487,6.974740741262654
0.5419327927201698,0.10757862696927259,0.26562212035961263,0.5856815230691945,54.57217892817856,6.97177681349479
0.5336564177900799,0.13686005073866248,0.286306182049506,0.5853869403621764,54.58906308863745,7.0086510543754335
0.4394794211935653,0.3085126746427103,0.2924326833495309,0.583408314977205,54.62340181507468,7.066030568156644
0.4234691492450267,0.27714075950037054,0.3182307828469296,0.5835814349213244,54.29226687746548,7.080443482001748
0.41883452158674866,0.4208818654853241,0.2757258232846663,0.587230453844057,54.69806515622495,7.086623542711318
0.36754412015290056,0.40182967566174366,0.2157221866639119,0.5880615136554461,54.76263063933901,7.056140372644787
0.4747396659126581,0.44171012490948397,0.17978302809758534,0.5812969401826562,54.809318568845185,7.034357698360304
0.3358099933913568,0.44851345859963276,0.25138065542984844,0.5815407688446037,54.43714988142474,7.033139217966963
0.39913444251461605,0.4066212904566601,0.3049379967291913,0.5780349712978716,54.53026221725281,7.077719236769012
0.42844842044876036,0.363650189147282,0.38268732569186187,0.5789374889869002,54.551493408909344,7.096038527397013
0.36636107097008763,0.3410586628895733,0.34987887374032123,0.5854418496359103,54.49497803357358,7.136012508021119
0.39388307929269434,0.3125661014836367,0.4110283267145799,0.5890762219001667,54.06583952996916,7.137356109190849
0.3837579009461439,0.319970221610049,0.3507697349930793,0.5899241704058823,54.11588865128323,7.134548101579832
0.3529358992095416,0.30562768653648936,0.3472906575943605,0.5895478821767556,54.69609828182964,7.122203104581177
0.4242931115591266,0.2843270595661306,0.27466188785920986,0.5902439448736703,54.7126492474755,7.130784408835103
0.41441263916318205,0.2399448699635164,0.1944663814814823,0.5972648103274221,55.533256024014385,7.165082553741429
0.4851982023386004,0.2443920999115461,0.21844790188260124,0.5992688039757949,55.69167234264754,7.183941019576794
0.42153103705062184,0.19453519229903127,0.2919387570648036,0.6011122703366814,56.024839405318176,7.187837625244911
0.42864365896977724,0.14466115829421883,0.19928886994762357,0.6029776165163938,56.15191289017558,7.169308040807867
0.47088469472339156,0.24704329009643625,0.1657514628410867,0.6082595997668316,56.522812295690606,7.2130133525758415
0.33364061008177504,0.3319479192356604,0.07281099226367764,0.6117100776124642,56.88828341822209,7.2185182193420285
0.3021633197866867,0.37503989133912286,0.02262401477904775,0.6158900249974061,56.558758358970145,7.198586671876196
0.41046438558905984,0.3061954476844183,0.10187983607157043,0.620501623089699,56.610502799139546,7.214313580593996
0.4975539124547114,0.36736117399483464,0.09823734218407398,0.6201517709598701,56.981595895750615,7.253769919491232
0.45876904435285476,0.31315531911724437,0.10852401949936011,0.6167210307186457,56.39094796743943,7.245309849297082
0.524427004913998,0.29971755211064305,0.08283580601077219,0.6169839622226428,56.471516366931986,7.291782946032729
0.4547811773659225,0.324085877590115,0.18963871965324866,0.6206070399286511,56.41917868216401,7.280022585521292
0.5326044600276999,0.37685770417607384,0.07339998196264853,0.6168539865357316,56.79144795605798,7.270267376236215
0.40958120162614164,0.38317945593380087,0.04787189984416932,0.6186976359304978,56.81918437169245,7.289795887992182
0.40953738730395417,0.4328807800064444,0.06205981720402792,0.6228775945798382,57.20215601368685,7.301267667852755
0.3661692002997815,0.442573095221206,0.19914102158303643,0.6142292289824443,56.56672794508967,7.2954321937351665
0.4145425887090119,0.47474203527620845,0.1087248443091573,0.6161406049221279,56.77295704484705,7.301748236036448
0.31017139906257574,0.5550139517787984,0.13451143281576788,0.6186945639448691,56.55600114370536,7.34402779787619
0.36422571233315965,0.5008425359871884,0.21792250281991093,0.6208679091646865,56.25917670844543,7.356905465940842
0.33340528863604507,0.49839496269237005,0.27423048642256925,0.6218408540723013,56.10826324820348,7.36207562939106
0.34121018920169616,0.5154896102489178,0.3483130873492547,0.61933503941921,55.706964221801265,7.390306361886476
0.38354444660893733,0.6432299235805502,0.28683067115086275,0.6234920587613324,55.735147165770414,7.359164535279768
0.4857135757258183,0.7099630897640681,0.22076066876248257,0.6227139406499023,55.53772609469091,7.413485415321422
0.5399941564458375,0.6467100516329021,0.3239410048194739,0.6161248598747612,55.56011599377583,7.371981577628918
0.4332751527177117,0.5348891596405296,0.31570372781724176,0.6135766430846747,55.027439961545475,7.379746288732631
0.45551952029681714,0.4987751673648769,0.513274738881842,0.6124424248908502,55.00809350103606,7.374800822357015
0.4924026588003782,0.5089771065965645,0.6058862292564025,0.6113239863242423,55.07629552685798,7.411084093723463
0.45725880289284343,0.5348911449788503,0.4709165053036468,0.6061110476076019,54.7156552974699,7.41992555326341
0.4753132782929619,0.5231795746329552,0.569187827615756,0.6095058646943435,54.8536336092006,7.450518745605093
0.44894005073598187,0.5708886278307463,0.6438958309783921,0.6135020637701872,55.23288139690968,7.45487781883241
0.45807148858962543,0.5504559066988101,0.6885034053621016,0.6129169522081864,55.26116728575689,7.436140532579617
0.40363805298693506,0.45388680775280177,0.6587925295593837,0.6091269975630883,55.43173569543317,7.462145475231483
0.4007649431358651,0.4135268409997345,0.6951550275855373,0.6115321787971212,54.79850381306623,7.472570759578247
0.370061920846629,0.29602995118307696,0.7462866423737109,0.6131195419573716,54.59762690495522,7.454480355060762
0.31482279206925895,0.2658852810474345,0.6451997287882987,0.6111216480282733,54.97021650703321,7.480381065459732
0.29687199695225325,0.34854979347558335,0.4742790384846689,0.619875573974719,55.05741036148589,7.494583727387718
0.2283804928007223,0.31652289311848786,0.4971434967209588,0.6181571272822968,54.83693552184351,7.548672500396419
0.3669065591260657,0.2990390687438006,0.6850313575680418,0.617918073556533,55.099846450212944,7.5338290143191475
0.26869362910124567,0.25430470305867026,0.48859269339382577,0.6200275828542472,54.61635430646819,7.55324337507895
0.3773976545055223,0.2527385583279889,0.4076139413954222,0.6153388182156521,54.54366019474313,7.520027290057016
0.38997685911693225,0.22945776157514017,0.4060511369025789,0.6149846618271309,54.9145366494948,7.58388428966028
0.35079891238745964,0.1366928361890166,0.4531825625737886,0.6147028695124177,54.64665234132967,7.596022041260482
0.2253220974383295,0.26330221674834753,0.45033502513143303,0.6122603135907931,54.123552010987304,7.540033100657108
0.21033388444093187,0.3651348700986732,0.39374960915291307,0.617161175576922,53.76718539590947,7.575893665521683
0.27431050097868476,0.3018957672164432,0.38920377921067195,0.615039108011758,54.2303957267996,7.609915311460311
0.34510463633079724,0.31224845807169005,0.2791729065948385,0.6131216072811234,54.54715454189701,7.622887769070764
0.5050645884120802,0.32906429930445635,0.12606336743057037,0.6127491249513247,54.46207018795725,7.606430105390256
0.4996718371983654,0.3744459283615421,0.24001918044702447,0.6154851325679427,54.681291393038876,7.6238900107389265
0.5319673487722524,0.46520491244814854,0.2194710470796794,0.6096185298530988,55.0280633236021,7.628052378779098
0.5338105144566906,0.3405288679530985,0.2067548870631052,0.6065720564478125,55.463129504886794,7.652208360938923
0.5234375479910478,0.38060302834285475,0.18421272982197423,0.6062157855093919,55.516767442199274,7.683943570629238
0.6504615226735488,0.3597208236625836,0.16495898563535183,0.6124933835771895,54.630368792119555,7.654579156857176
0.6504038562168174,0.3537544057411345,0.23211237909146315,0.6128643850172759,54.72466718164848,7.700016409955368
0.8120741352421342,0.459803602047607,0.2794619339063817,0.6155529765214749,54.80535662286273,7.6743665585530625
0.8943381906035125,0.5185348851251131,0.29151794957217964,0.6189172907945736,54.05277898049284,7.683047455750063
0.9345138783726752,0.43223566268303354,0.4358675059106794,0.6157248030774604,54.272459931818574,7.726371892366864
1.0156427242573771,0.4157707991319407,0.43492869146859736,0.6113718411972517,54.897770212809256,7.738438727560152
1.0123031531913809,0.412395490484891,0.31941085921119944,0.6038761331951481,55.03990609606145,7.747028198735253
1.091578392026897,0.4342184206884664,0.3482690901424152,0.5995218612676669,55.523415608854314,7.713684051835638
0.8821628490735642,0.5700852642016263,0.36458831155150384,0.5997034802875596,55.864003268190984,7.740680980438559
0.821854891521336,0.5090338688883677,0.2913208170645723,0.6037818599406924,55.42411034141022,7.776459771840067
0.8009519498420762,0.534728489697413,0.25361016879686815,0.6015641563156,55.83361877799481,7.770830836811278
0.840862963679194,0.572398447935154,0.21885518814837876,0.6028099342037535,56.562893901537564,7.758526143076051
0.8375958708693376,0.5454257241533453,0.23086165786723836,0.5961441150164682,56.96290017691706,7.799166358782509
0.8759776085109483,0.5920685072765696,0.325818289012608,0.5940890289881523,57.259911041935354,7.78570385482017
0.8038246961262345,0.5624428342408954,0.4305808391043541,0.5990242173072344,56.62626203307085,7.8458904969678445
0.6955451580461521,0.5290839997543834,0.6364526976020244,0.6001924720049181,56.63276447037307,7.850896829248366
0.7315922365796351,0.5412908085885939,0.5159357337400893,0.5991947994572344,56.4374796079649,7.842081948527111
0.7028328889449627,0.3522425157201474,0.4719365283850615,0.6023890839090003,56.206926911532,7.867220134095395
0.7927455427620473,0.4802407474028046,0.4050354964238324,0.6072108157930932,56.0842283925309,7.851295827002468
0.8369058712974,0.45015760236726166,0.3591544162952238,0.6091498269958273,56.14686053384743,7.875308749887501
0.7720396397601057,0.5002757158777192,0.2598895646301466,0.6066680984651742,56.37381901371897,7.899554405906041
0.8005945033596211,0.49108632484458276,0.3110091802548502,0.6080286894125844,56.79681518126573,7.884909973635886
0.6276388250670344,0.49776790663724946,0.24635421675322616,0.6105200338945658,57.09940388436561,7.884896256569715
0.6144469355339491,0.36906680024005445,0.3150046916231492,0.6015927328637778,56.685821881495954,7.865907560836458
0.6536694549698774,0.3965448217527251,0.2799689473154074,0.603646364569166,56.73898366116102,7.90833732948557
0.6363428061599292,0.5143245161062573,0.3794689967655423,0.6060234400352486,56.06887251683887,7.936468463691246
0.5245924511706367,0.43914975329062733,0.29615158656979207,0.6127980733016543,55.59125059862205,7.948912668551353
0.44016392232242296,0.4909640437790957,0.42297370113626326,0.6149776938558462,55.415614743193146,7.950087301314369
0.5720475972666504,0.353959835830974,0.4663053500827439,0.6184328275975586,55.35045766157128,7.939174018100755
0.6071414946481204,0.4562090845229762,0.45959155219764425,0.6169081392341804,55.297397826287146,7.920463568621048
0.6543072575773862,0.448501281475425,0.5422197534892568,0.6245438125253345,54.96702154571309,7.960095698039905
0.6601596441219707,0.31581846208817504,0.6001531811979038,0.6257328509452217,54.967549960005535,7.973913102578922
0.6313286425022835,0.3404439211301763,0.6424485129367244,0.6293066987290951,54.59818345479455,7.9837414206562
0.67007257903748,0.44073511539603566,0.49537056657880596,0.6313851748536934,54.17340707096845,8.01237112713956
0.7117523568451757,0.44963403397663954,0.39320553904845623,0.62817689939823,54.33665515817478,8.049713528220297
0.698263299424986,0.49521335219861645,0.40003516687206914,0.6231138154423104,54.381176575145744,8.022470584036821
0.6453350440086021,0.3624791175976793,0.46157145693925117,0.6227995624163827,54.546021949224425,8.02566536421687
0.5963355065234938,0.4258222313497016,0.4974726676618091,0.6233624884810486,54.57366908920541,8.034815563739919
0.52755266035539,0.37334269720535174,0.522960477980166,0.616230372924629,54.59806919864923,8.052487695338154
0.49767803749268974,0.5193181932811047,0.5191099726704669,0.6195471449677099,54.59075337837099,8.043434124793032
0.4514963987311534,0.5510033142085559,0.6194729604453223,0.6207361167703874,55.030071469318955,8.072403971174921
0.518507286865821,0.5573844707237787,0.4903723476871974,0.6185620004252435,54.717156627434726,8.089016246726636
0.5575397647137048,0.528493214532858,0.48978054133855153,0.6123708615003256,54.58106236938553,8.09419372127149
0.5274300678320668,0.546450882455007,0.4384203433489919,0.6217580159370876,55.183546509063106,8.109150838680096
0.49577392684326194,0.5541398524951257,0.4141403271030983,0.6220267871904921,55.167068043447806,8.11867495218697
0.5552586754842392,0.4976128614734009,0.29036112338858067,0.622478711206247,55.12081384292535,8.084562066355073
0.6296386393838929,0.5437388820878348,0.38448172174189266,0.6206105328549959,55.37699230421417,8.142737403167908
0.735998489660797,0.5113233033457873,0.3565202456849729,0.6225884461727238,55.700982868124335,8.126579703086751
0.6097776246253626,0.5582881607446678,0.3362874775794328,0.621574409111626,55.335771287307445,8.12808321673992
0.6258226918947175,0.5157296506594335,0.33602362718892287,0.6146769681552765,54.99261494757686,8.1379109634429
0.6369439930903174,0.5120374680838023,0.2718166036103547,0.6121430966856158,55.690130448222455,8.17867083220945
0.6403570700306249,0.649669740020791,0.31510489669441977,0.610654277966721,55.6001232980373,8.175548501455502
0.6928580780921646,0.613496677766385,0.37156846721231346,0.6139127693812154,55.90845245911957,8.15636062432029
0.6207942615714055,0.5059341017024342,0.3444796671283899,0.6149703584681918,55.54881375354559,8.209560756303844
0.7177786662746124,0.48367403803348863,0.3983665328599889,0.6144090609939518,55.55401067659371,8.181207837384024
0.8286323298915852,0.4854675765275239,0.1973220637434817,0.6185763169797668,55.978225509253505,8.222796427170366
0.8343189625879136,0.5416418527866245,0.19999206604015576,0.6155460148101465,55.89372127029151,8.234769978513462
0.8344834441725502,0.5575668567379009,0.2561313149424113,0.6195496176073373,55.632860116607034,8.2577115416339
0.9233260704849264,0.6005835814839802,0.2486390463038693,0.619791877165585,55.43318811885481,8.285633695729336
0.9919127854728357,0.5979297673093112,0.24627293948190182,0.6147337140849525,55.25729995974168,8.232706473481988
0.9904220114814055,0.5506997586095403,0.2307325862395774,0.6125565882778875,55.56304596440153,8.268950522878738
0.9073396606309961,0.4735974995941148,0.2214287191982013,0.6177553201515579,56.01782839155739,8.274473294099115
0.9386955915820051,0.5245804508412406,0.21090905424074263,0.6182883759996711,55.86283536593159,8.29867499371922
0.8815314445214184,0.5534411832781737,0.23938713870774828,0.6113451912471042,55.60294425500233,8.304313375418673
0.8583001963939767,0.5633185339449913,0.20246161437280522,0.6127901268718448,54.98013638002347,8.302949075145268
0.736459060121746,0.42126852696967665,0.1999751774045941,0.6147386285581748,55.067826770989335,8.311181956227783
0.6889562393240202,0.4890747475527436,0.21775087200707938,0.6168218835002304,54.657239565997756,8.307670982896319
0.6363445642643086,0.4525900955031271,0.20454278653454647,0.6185626556836401,54.607044744736335,8.35975723164813
0.7230481158260428,0.4764062270002983,0.1815092272178797,0.6259709285865639,54.70267765054358,8.359184083631991
0.7879354234563429,0.4995277042205973,0.2142007018292988,0.6368384988450636,54.6945885005385,8.378355363955903
0.694250977921291,0.45570920100850365,0.24726891063071607,0.6301592249678303,54.26247566512696,8.36379207727049
0.7400676946644082,0.3309431329302862,0.18170153167341102,0.6339735842084717,54.27309653714578,8.366863290626112
0.6768090299829246,0.3781821778418686,0.1602168509325363,0.6340790957766744,54.4694745951857,8.368433698667417
0.7009150632883809,0.4019657451251389,0.20437062039222026,0.6356145639483229,54.28596320858844,8.407178351674814
0.6649034621704913,0.4641353214569685,0.17802557479716283,0.6333646381276379,54.46649900840341,8.389204135509436
0.4945372511944731,0.5263195891341933,0.22779634577983227,0.6335464441731513,53.80216417779455,8.45697326137933
0.5325144628087178,0.45774055423599347,0.22405661831803164,0.6356558313594076,54.0003288296932,8.40384714837813
0.5638269955724686,0.5716416719269433,0.08897562244082025,0.6321762214081195,54.34116016336236,8.44547320238425
0.5164951312000504,0.5113661042159009,0.08102533393769959,0.6380831619117944,53.99637901180567,8.481337094144275
0.4526897523919651,0.3960185886005101,0.13603194174657776,0.6356198210004834,54.01561522089774,8.471981795185277
0.6023125570282326,0.3600959226269434,0.10882483960234748,0.6368083411080505,53.53223566353366,8.473513474249836
0.592149694953519,0.44453873768256996,0.22546600025178803,0.6365357648145171,52.63798514395724,8.460630327060763
0.5804038739295128,0.44081739581339424,0.2359048714088147,0.6361757541671886,52.845768667948676,8.462364616228646
0.6171841694430478,0.4692432681089652,0.22684285501309454,0.6412317120263827,52.941873055951945,8.515401002178352
0.6360577070923041,0.5058415716896416,0.28645442415277744,0.6391167390501689,53.846098089097566,8.540122944815499
0.6551101853476411,0.532359815099103,0.32084901204643546,0.6382863473196985,53.949038940325366,8.511223000190435
0.7536656864412843,0.4876973378182822,0.2427144405321063,0.6364049317380986,54.13627360983291,8.507218769847672
0.8271399394931755,0.4862080990881127,0.2294627086103674,0.631717103381444,53.73299267290688,8.490836611389021
0.7876066844619349,0.46842332429248235,0.23468620173986002,0.6230703325180372,53.57062642097425,8.53038470312675
0.6691786774490789,0.5126258774319732,0.2523586371902887,0.619523935823197,53.618612756641596,8.55772686315002
0.7433819535883981,0.5398565957442002,0.12988909664981638,0.6214323290761143,53.94504514979993,8.601982464816736
0.6672694777335795,0.43056955558563,0.1444576099950079,0.6171692952391802,53.651293363530854,8.593462673844659
0.7103303071156899,0.4067728771040673,0.23255127961011043,0.615294608915589,53.55752541006869,8.596101708094135
0.7236644399239359,0.4238869190614283,0.23975331556968987,0.6134268565181545,53.94440009214857,8.591997606773978
0.6148510558488035,0.4154528448123364,0.21283530753743057,0.6204177723400951,53.66624760859692,8.59833668565488
0.7490772132764807,0.37899176220411734,0.2813580232921308,0.6201485858055075,53.977155659877496,8.64811295195016
0.8204654059051137,0.4042229958336649,0.2990847124573009,0.6189709422547068,53.90864728138894,8.634014770815169
0.7822181572533008,0.3579450093842037,0.3996289120510935,0.6189028839129358,53.417818791995316,8.59794798616158
0.7389253123391535,0.41292442515838934,0.39279522490527835,0.615855950258879,53.85175175908987,8.636529207042056
0.7394749459630672,0.3695060854006673,0.41678857828278826,0.6212636150568636,53.83798079215113,8.642835679364568
0.6341475747499331,0.4525761950100131,0.43603009069400817,0.6254806072394848,53.839699536088084,8.65907471981645
0.6996765838791998,0.4373950600249287,0.39013647524108186,0.6227675113407348,54.542716628354015,8.691258213205701
0.8274514548506675,0.3878082578000709,0.42898451775745094,0.624100127185927,54.3000135085196,8.687851102364114
0.8504759160802626,0.41214137502231185,0.46041214763706073,0.6194731186017872,54.3847663227692,8.698462691859929
0.8390497060944119,0.3127940373307143,0.4768454361663297,0.6181889905584541,54.0706978077608,8.736269463226506
0.8026678973420708,0.3521392549016592,0.39781317831259316,0.6190016143482058,54.38479007675799,8.706070778204268
0.7073853650726567,0.35502316019481056,0.48046116993200416,0.6159344267153852,53.95153400027019,8.767283990517747
0.6354186003125334,0.36385237249877384,0.4701159637083484,0.6196209507151257,53.877892823808544,8.726573848172578
0.7543986044589559,0.2919513589497137,0.4559100519479209,0.6228197130219122,54.29010517902441,8.751783963932251
0.7708506144454181,0.28214749061912126,0.45956837629413805,0.6212925096313543,54.852043992284315,8.754375928091944
0.7591840304911022,0.2463177155716886,0.5567375079143091,0.6239797204958145,54.38257685952042,8.772468382670018
0.7866888341845725,0.4104158704749534,0.6086557997125179,0.6253050566510657,54.50328319649608,8.788891839901462
0.8151767032522603,0.4241698648042737,0.49420074789172486,0.6302029207593746,54.553067051366085,8.798676704801778
0.9320919697864358,0.31661443780451587,0.45658280305194515,0.6286248783407031,54.82871026557681,8.784937653387589
0.9820505331733409,0.2630933044660957,0.4736675632877544,0.6264903695291406,54.6463052269929,8.78754170645105
0.8809180972639856,0.2615815020538039,0.46429226928423806,0.6276826059563975,54.4740182338718,8.870063435818114
0.8440470537457226,0.2666477465057199,0.5104914961172916,0.6285050907618757,54.24824551877403,8.820320313207988
0.9094958590343168,0.20998856514417544,0.48136687023544233,0.6291796580848654,54.73311837904947,8.85398424877344
1.0219310996009772,0.17403807120931897,0.5020909122350642,0.6356464922657711,55.162595765127584,8.817847173789536
1.0375490356140893,0.30270881290022206,0.5901387935817887,0.6356684466723415,55.32517252662517,8.854407745601906
1.0035763878584445,0.2747211143284958,0.5742138542096442,0.633055012883639,55.10132210544798,8.867456012320352
1.0008967120424779,0.27062643317074475,0.6454481160981519,0.6334606697231654,55.07636630682639,8.889456301398557
0.956536460416365,0.34639289693719993,0.6212854266647356,0.6310967081222125,55.57962225634704,8.835550917180163
1.0071227271339946,0.41652589297660947,0.5968379129616199,0.6296350754125652,55.604380034588544,8.903322812261568
1.0731160871993415,0.49040206074782444,0.5955529673276473,0.628562774592316,55.46353856832759,8.887005170892643
1.1961305793625854,0.5290252088606037,0.713971066660576,0.623702022783527,55.677843014852236,8.926486914223899
1.2918566571650243,0.4874761389306036,0.726188970733243,0.6319936715698897,56.4460621586883,8.909273416063236
1.3633357516436497,0.5008880525723629,0.7733906491300473,0.6313467438589042,56.654110364272015,8.922890346081488
1.3067581491303017,0.5818768513063575,0.7543500058110957,0.6303729271112861,56.6026229799745,8.944527447792135
1.3249976063493272,0.5693999352294139,0.7224602523047376,0.632635552290899,56.59979198330753,8.938953410607937
1.3218586893721074,0.6974914036611157,0.7469601754023902,0.6273812365437255,57.130034132660725,8.960489311065293
1.383720078784222,0.6972701202689096,0.7343886023056203,0.6247709394182046,57.18157693970674,8.956132484629133
1.2841684278455159,0.5995583775646686,0.7277958634007801,0.6213888996020469,57.025525227766934,8.953336590966027
1.1769702682785388,0.7390179319167918,0.8373891662471875,0.6265877551262027,57.16618724570317,9.020359141048589
1.1845615625912462,0.7235649701943014,0.9300538944615125,0.6276451155776905,57.377714400706246,8.98407902614352
1.2111855721469575,0.6452327734707628,0.8756605108088475,0.6281977207246173,57.71601724801169,9.01642638224784
1.2236149177069282,0.707372897366779,0.7727111345457106,0.631209110553707,57.46380339896365,9.045057821629875
1.199790092909667,0.830948321997894,0.7358950454945318,0.6299619219439074,57.56151038055011,9.02770111794968
1.110491350313732,0.9639130421620147,0.7941598409828734,0.6247973301987104,56.87953934354755,9.03349668200509
1.0140169302814972,0.9556515066811416,0.6440293926021061,0.6224078739545895,57.26083454699244,9.064524761773349
1.0700090094052706,0.9596404570737944,0.6987581591380939,0.6214034785445999,57.74258006443792,9.092358676454545
1.0734652732107681,1.0168130862588514,0.6565493634555953,0.618650919964379,57.343355950452704,9.056613694698273
1.1269076266299551,0.9906492014940653,0.6664648356880235,0.620780547253011,57.376411898917425,9.08699704335965
1.0712094021054963,0.8882426740527741,0.5683587954008543,0.6242737873504072,57.74436764811007,9.065350108100652
1.0575180132163877,0.9296321763357479,0.46095197749508826,0.6325296343717146,58.19874937037905,9.102135979926356
1.017368259205527,0.9374416441935143,0.4144501025629955,0.6360527536213265,57.77600188158057,9.120684093690762
1.0384909399544766,1.0033139217565779,0.255309304127872,0.6284248587671366,57.54075995119721,9.1129075071649
0.9653330100663121,1.0787041917135765,0.2626887227479564,0.6285201417318642,57.84078492942815,9.130860163323495
0.9475633882584062,1.074229654007459,0.2708927652305754,0.6308262961751887,57.5766488880423,9.121835464633852
0.9870289140431352,1.0958286050129529,0.4619921139496448,0.6329297807352124,57.75756710207397,9.16154157222763
0.9897384821623463,0.9954578530647327,0.5611149491057702,0.6344034867491173,57.505324172196346,9.191113884977662
0.9078061493924615,0.9355920977670718,0.5057434901678707,0.6325075361656814,56.853247367077486,9.15805712260459
0.9590722288697979,0.9563102382329254,0.5119200732216649,0.6345224072777492,57.03475414464195,9.177546564668951
0.9950349472022009,0.9262597559042381,0.5087979487775768,0.6286419472910532,56.64804430274789,9.210050924929083
0.9640909191310751,1.0156814494720119,0.5216831401406994,0.6264403053309745,56.9390007522941,9.234241814386456
0.9700169579747374,1.0583404934036715,0.4859551313640992,0.625318400517519,56.74434905094802,9.190136203755822
0.8718031203804731,1.1301269417849111,0.43883979142770857,0.6250919818027905,57.295765274771384,9.22662430525168
0.9227152947087793,1.0306356033807078,0.41511420223678597,0.6259572625632714,57.31649111417541,9.24566261644639
0.8449489183448424,0.9091485953865128,0.42922784612754905,0.6238870038513441,57.45891374647347,9.247958872187423
0.8857104293133187,0.8247992356491853,0.48065727448281104,0.6259205706644815,57.06408810360766,9.210464158662456
0.8679731410482429,0.8151759184879321,0.466893111430176,0.625912655984637,56.93804857614708,9.280021800186177
0.9146899297359653,0.8237993609686411,0.3860622900775177,0.6291138317823401,57.25590150063756,9.310386727021813
0.8039544768001019,0.822443532238554,0.2686401426585666,0.6292986526184697,56.70628502048264,9.29233323502339
0.7922982084961514,0.824350403159652,0.3836937267586298,0.6317332461668587,56.47035382884913,9.279377878934117
0.8761133418680436,0.73158170979758,0.40843210207327313,0.6276373501406177,56.371940749495025,9.299737455072714
0.7919582589447527,0.6447563215304168,0.2938146444812807,0.6288616306457363,56.954595988528844,9.355398261353113
0.6038600934086342,0.6025895440619642,0.40805501122852117,0.6336491526267751,57.352084885020915,9.348199250817212
0.6313403888137078,0.6143843266616779,0.39743932329878123,0.6301720044932131,57.15145731410254,9.352800532367686
0.5930013975906198,0.6226370839627308,0.3996015570528629,0.6291421361336444,57.53960747039323,9.357128251670687
0.5122597275313164,0.6062951820347581,0.21491188740553144,0.626300454394879,56.885930444334385,9.34677725775618
0.5390618900215254,0.6402183627475997,0.09190536140896027,0.6297393976377639,57.03097981446869,9.365988576386886
0.574288402720671,0.6690584454027576,0.08280607489282663,0.6321075498938504,57.58481123938609,9.37844154528643
0.5370947678219786,0.6916219371041175,0.02107796756391368,0.6285608184346633,57.25130694318373,9.40099148632129
0.4201127566785046,0.7051601336096803,-0.06407774384417976,0.6307200227678151,57.415505590893,9.43017837788534
0.5157761843461242,0.6878337926799917,-0.12281498094786128,0.6332944053779241,56.77274341071467,9.432366762735862
0.5423525558197728,0.6901179287984848,-0.024472202865705728,0.6366661184856239,56.434302321390376,9.39161231288408
0.5731145996608217,0.5806634020241763,0.07360695884189927,0.635964511107257,56.19531570912572,9.43447989937802
0.6064089143000222,0.4738478939985139,0.055308673168479025,0.6366544650052507,55.94315216897669,9.454735266903358
0.6297788175059627,0.49584028383302037,0.017454034044532118,0.63881520949049,55.78720714870307,9.462377206602891
0.5821634476063644,0.5270552918660134,-0.11588549966146078,0.6393317774346127,55.48432383363881,9.447415324732251
0.5294222466421357,0.5038433258140249,-0.16009284107485416,0.6389819519990529,55.29733313713707,9.528282184315367
0.44958154064570294,0.504312220557883,-0.028307681124380746,0.6406174447733732,55.39738352763261,9.454458308753376
0.4657508224485462,0.4428283200512168,0.01415030356348752,0.6413297806351831,55.750584443086495,9.46833623106668
0.48216379217344907,0.5110953236632045,-0.05768939172597787,0.6460722890228576,55.60894446437529,9.504671901625231
0.4064235048101937,0.5460974207613902,0.0005331589993199992,0.6419750878978718,55.79029029150003,9.552336061099275
0.416962024904543,0.6567414112819021,0.16445708208165574,0.6424317161204312,55.51167720025124,9.503276102985916
0.5998053492222694,0.6068669227886534,0.13515006211020886,0.6401177090437413,55.018123804520165,9.52468343268706
0.5744118640830337,0.6235168009084314,0.061236159377509834,0.6420430087497477,55.12656498339538,9.561545873460314
0.6560941631631299,0.6083909136912434,-0.03074974299570078,0.6420332309158578,54.57792181329678,9.549642756902246
0.72500686762161,0.5654656076863201,-0.0023280190796413414,0.6413208025009833,54.79577337430313,9.553307922909395
0.7131415024973908,0.5707181837208323,0.10810129267637088,0.6469368426588192,54.90696346670385,9.581312658037737
0.7301546271035004,0.4821251011709549,0.14085575203617345,0.6483503143118077,55.21458750040222,9.585450359804591
0.781458782924262,0.5361456357451082,0.20750155681552584,0.6473154249319294,55.82805110055649,9.610608775712736
0.8783249371342432,0.4503074763523253,0.2596971043449264,0.6495761626704862,55.68946641676297,9.625829377781306
0.9018744935099168,0.36219715186712664,0.23343590703833522,0.6431914870835038,56.701781110260676,9.616140061200106
0.8799052893801168,0.2620500871830397,0.17705865949803337,0.6405198517462944,57.09834691008059,9.625834654507567
0.9210290667315709,0.34455808509236235,0.21017706312510726,0.6417215244768734,57.51776411449723,9.634282219645725
0.8249252284978856,0.4213338984277325,0.27157996151489366,0.6415810789067806,57.49883744880858,9.649782611132986
0.9511501238697262,0.4437344853623203,0.28189318035988953,0.6438493942640505,57.77512294762978,9.65110341275743
0.9943215635960589,0.4414581220365731,0.34233552945964946,0.6430441439162994,58.54590807621723,9.659987830353554
1.119678785018721,0.3998008493855293,0.3989444910036476,0.6433390287108812,58.70917209243716,9.693932542416544
1.1206649845873382,0.309872518818844,0.36109414102115434,0.6397001574794611,58.67311497034444,9.7103223236071
1.0376740532983606,0.3918355688415949,0.40751210389642417,0.6362090158070861,58.85703334681953,9.659848941107333
1.0568558732197757,0.3316156777688779,0.48725712838793844,0.6314371484430303,58.83498629806659,9.700200423034811
1.0059153168033763,0.27392285249196047,0.4462806456747014,0.630526705435644,58.222702745011404,9.696226111331097
1.111239261745394,0.24831713465102342,0.34489573746930496,0.6283378431857514,58.66625321562341,9.71378057067028
1.007134628859671,0.34227589404587483,0.3296792105518277,0.627315870067144,58.74282397585927,9.738050324194706
0.9896478124016195,0.3381204725981253,0.2760956975022476,0.6310062547569532,58.85978646477715,9.753388767430849
0.840020780557996,0.3980547445575263,0.39847637178549183,0.6356799571043185,59.5066526342725,9.747757471127771
0.8009839935597164,0.3991020062568297,0.3021046195446987,0.6322255652054045,59.388711868768134,9.721733193305544
0.6576671625536387,0.3262020356120626,0.13893602411575282,0.6204405443671221,58.865867698487854,9.750699088388476
0.5506984536508016,0.39491237622726233,0.021646098705122095,0.6207316509495667,58.76512746433442,9.797929993404004
0.5670485547402101,0.38806559800882046,0.018813961166292775,0.6237393015197847,57.97350399620713,9.735191471559302
0.5749172209624338,0.39191806413384106,-0.004448779244120451,0.6237463822495539,57.9843967507705,9.82374854303364
0.5304472688281198,0.41226586970771306,-0.019871591564478916,0.6279601403119459,57.716279431051376,9.820424599812892
0.47298719946964496,0.5061450601225495,-0.030992359543471605,0.6278313932780047,57.704265476287674,9.8463235216306
0.4358662400661797,0.448649860820978,-0.13041064485765916,0.6288530653552303,56.95765443267936,9.82602861626238
0.4408876941090719,0.48232471730264426,-0.11812282969438848,0.6296106008860912,57.36881107142149,9.79877189151954
0.3116783951600304,0.36828540209826327,-0.14617369073496606,0.6224318825933379,57.22503572928831,9.85860725283013
0.4213827216344107,0.38412727656703727,-0.08123007515271669,0.6229114172996404,57.221193630481864,9.885493062480766
0.3759186108007129,0.42385535425971677,-0.1903105079141361,0.6239654335776799,57.21168943791265,9.88849443611027
0.36759309592450623,0.5247633338398365,-0.21413510990070778,0.6237287546492915,56.94423715843451,9.86674617033024
0.4411909392631945,0.5153070566021247,-0.12096776802500982,0.6310197943723408,56.69646449502731,9.891735221509254
0.445919655198092,0.43136440941350085,-0.14139332254793788,0.6287994919799292,56.68291646725837,9.889343274624402
0.37860029093368086,0.41287506825485787,-0.13677807339797185,0.6320231833905143,56.72584713621766,9.893614670716213
0.3249240406412741,0.33061953123416205,-0.08446055211309397,0.6345927651406615,56.564689400098906,9.939107771423595
0.32417082348956305,0.2736010347318873,-0.0581512568240606,0.6357454473250167,56.53371092329028,9.906049353774696
0.29711379093861556,0.21413103247369364,0.031153578206609956,0.6298977659963918,56.041103277187595,9.922123671388368
0.3782506091246538,0.06979564702056833,-0.008346695280195798,0.6244655136875461,56.09129108614475,9.927919487330554
0.4914650477126431,0.04226292568020441,0.07535118648398177,0.630436044290984,56.124488020954985,9.93019504953402
0.6454159533905007,0.058939278406678876,0.14773544384250833,0.6343693119378769,56.2316469889372,9.972928285836852
0.6967669413587063,0.09054773995923734,0.20220430745886708,0.6327084026542165,55.73401373081659,10.00323006096964
0.6880901439023587,0.08157276850835302,0.15607124889044258,0.6351262979446909,56.62466616477453,9.986302464875097
0.7194827040821765,0.09424567417846837,0.0945175423540053,0.6338956716943518,56.38142050001967,9.969885043988716
0.7451563064216261,0.1515161005566379,0.03119619592966767,0.633879030204924,56.34192116694783,10.02679889079484
0.7972014283571547,0.1075645392762278,0.0228183441937021,0.6348972279327577,56.64471218461982,10.0537140350807
0.7679549535620342,0.09698623836489509,0.08976055534727026,0.636048286687065,57.14315211649763,10.017075153517068
0.8037610424803014,0.1795908301356901,0.022260084536877008,0.6395444525413961,56.73684201227917,10.030428914665649
0.8820683424940754,0.28511048648665843,0.07582580247538587,0.6466431239929473,56.29268897205062,10.060313212601669
0.8523728846901639,0.23222329737701436,0.06210097197773642,0.6506080317631089,55.73961769649897,10.092437474955702
0.8409781565285384,0.32049341251083574,0.008295593753574481,0.6489515535373984,55.8587248063853,10.059603317085497
0.9052187972690475,0.3171251567056235,0.032348633967634564,0.6488247827906133,55.88908224714182,10.053351004380035
0.877827541024352,0.2085213625582525,0.00808206252294653,0.6447956463418548,55.87977484490833,10.102628372125448
0.9339929001917499,0.3423414748843476,-0.07056196309690563,0.6467950550871875,56.11130544152477,10.115981361462843
1.046674420130644,0.4662854508410432,-0.028574296899802364,0.644344964207906,56.653519490303225,10.110122629008703
1.1635111291709963,0.485556510309774,-0.08390175914652906,0.6426596318976521,55.986676548983766,10.108837334806852
1.163865746949467,0.47275440300585314,-0.06662758344107196,0.6452790971305665,56.69855358128259,10.14988757461984
1.3014597338855347,0.5283812118639938,-0.129889114882027,0.6509394724942346,57.35763797645062,10.15056072009096
1.3261250839860241,0.6150100754166502,-0.20290648675980102,0.6534147877015986,57.032315887374615,10.13463128966193
1.204384653745885,0.6892487168613395,-0.21347318780465022,0.6517115573937364,57.43792249992752,10.160981894626111
1.1488630152628778,0.7570478833118868,-0.22990690463057112,0.651429232819136,58.18837837891201,10.142965849359507
1.162119395625361,0.7667911499147941,-0.19976555619067413,0.6524035262627732,58.277193213235876,10.193717809128758
1.155413350160708,0.697572163673875,-0.20781574461077348,0.6472349265006436,57.79279014379438,10.184755328612342
1.1123021490162421,0.7865967636982576,-0.15802617188424012,0.6526667605952758,57.52770033845907,10.191285783352306
1.038100260956734,0.8368070567391237,-0.06419048088848829,0.6541187477975615,57.56839881427527,10.209342510296953
1.0346158091307358,0.853243360791533,-0.005213599642061498,0.653325934190528,57.438740256952045,10.220806153986606
1.1747909622296668,0.8652241058435901,-0.0037042753107776214,0.6492200377194617,57.330668457671166,10.247898601231311
1.2269717513370821,0.7055679632273246,0.007786738582634603,0.6507478579025616,57.189096605750215,10.251821810626504
1.229828461832756,0.6648294854651462,0.04104930924841744,0.6461394068094726,57.10928240410558,10.246871814424145
1.1876837710228385,0.7589832564236809,-0.019137646875420043,0.6423106463360985,57.412244996730934,10.27527336299438
1.1626415435577124,0.714958921706204,0.10402297679234826,0.6447581131808952,57.736301496029725,10.278014745073833
1.1415546027113257,0.7311785990015971,0.13072615037079155,0.6489662751167915,57.79248836242372,10.27146800727428
1.1178915313124933,0.7724597389166783,0.11458902087018044,0.6513482361373948,57.85881144251041,10.287505636835272
1.0398677974426689,0.7603229900500629,0.15451334140021128,0.6557422918752809,57.303487474782195,10.29703554222314
0.9472734097972287,0.6330150142212769,0.10744631006384239,0.659846927123956,57.1843129820859,10.320105226863484
0.8641863185792887,0.6885364840162331,0.20243300262814481,0.6577880457054112,57.399660209933494,10.312659547705568
0.9317203027519636,0.726265749198252,0.12675813566917407,0.6562903481449206,56.66704217136862,10.322191816271568
0.8214775857617918,0.6872199089845713,0.14183424113946982,0.6563019048452718,56.29222938775665,10.37937514618868
0.8909961810362204,0.6557406340280685,0.21196907363314224,0.6603547095721877,56.201402993496266,10.368794709634942
0.862993594349885,0.6221650275089564,0.2933500191309203,0.6562757433073951,56.03177513948084,10.344787986711497
0.8146839383251695,0.6470097622874544,0.3188822463882365,0.6606926654752452,55.11953035901256,10.381418819878846
0.8426386909459433,0.6062085914055839,0.29072134128498417,0.6625701622223452,55.387079514215394,10.382367001313105
0.8745001050395146,0.5927751798106515,0.33476488206839655,0.6678050763120156,55.44017519316905,10.397831023505203
0.9332695114936925,0.6284603267162977,0.32440107611166835,0.6632311111790747,55.76717126483501,10.402746826491304
0.9397250948302338,0.6396253680558808,0.2758042870124846,0.6612343629488227,56.17532264492236,10.433792852909704
0.995591662397907,0.5870536075304484,0.3273508145879801,0.6638166367934251,55.87774817725632,10.42691240689303
0.8872675172753379,0.6242846823098488,0.2499960047363738,0.667917653821432,55.72732744053923,10.428758226035717
0.7929737900563205,0.6762631559365153,0.36429820568733373,0.6631516107365738,55.653531808663764,10.46084381153966
0.8160553997300118,0.664296615928624,0.34748119260228655,0.6659446284852962,56.62267842232599,10.454665700821758
0.8474861660253321,0.6509767873200388,0.46119034110174023,0.6656601524976238,56.6746692714535,10.462429571586584
0.763379788123266,0.6429377851806357,0.4140227487876709,0.6608665521759608,56.08381061174434,10.476280452049725
0.8072457032560992,0.5481036709342383,0.34778855632724703,0.6615574121885606,56.51527107822328,10.478127819532672
0.9281046955064515,0.5308523168938698,0.25244295910509634,0.6603652650132432,56.4625787323703,10.490184539859907
0.9104101835852013,0.45738426185157516,0.23669344824652735,0.653574746418272,56.92607612883379,10.488266108224762
1.0143443602340105,0.4673482054011061,0.2881484411033635,0.6511058773529905,56.732801523553135,10.49497665560752
1.019799509700943,0.46573873546879774,0.3015046097816502,0.6527220165796405,56.650941064080655,10.50002859227035
1.0011881972900607,0.43924028593484943,0.31765291334614093,0.6497998775691007,56.933135039325634,10.502160334264058
0.9985470589958176,0.4626493301448808,0.34824122765738946,0.6471290499029152,56.99410210496137,10.52240565277231
0.8869813487174729,0.5560598213797926,0.36091155306187905,0.6392668681637466,57.55384187069399,10.54651465931066
0.9477067246010771,0.5342026261213213,0.22959680321818463,0.6418731435866994,57.148058728290664,10.562062351648914
1.0802767158575954,0.5054423296024624,0.24053328164558954,0.6371629178344242,57.86728668463387,10.564574068737048
1.0969489289423782,0.5528366340059674,0.253093451125501,0.6327885788650032,57.945883768156975,10.532885930197454
1.0267780934905244,0.6573374396153125,0.25919671697742463,0.6358934373599652,58.03817110899264,10.621491727155249
0.9818814407331073,0.5742278448272933,0.2676728037281751,0.6394227352357399,58.52836831961355,10.621729602457808
0.86311331912811,0.5428610988372026,0.2640527261953979,0.6397242275138675,57.92878765827428,10.61891519702434
0.8673323587582095,0.6321585182529639,0.2151133971350608,0.63867105831361,58.365371587294874,10.658149813451066
0.7829868895773993,0.5363618439007867,0.2732774728113646,0.638221602727011,57.86299281468855,10.610452717650327
0.7742110037873429,0.6055402226742649,0.17460293405224242,0.6389121342062073,57.93472038166929,10.67775250241252
0.6747593084647614,0.6373022407974965,0.09712576660052381,0.6370418424846156,57.261232620880094,10.63069571846499
0.5781238870411045,0.5849985661643402,0.05891631475101631,0.6414146237594831,56.81677777346787,10.664774758505828
0.7156996305423022,0.5991876849789839,0.16510155191842313,0.6440847872431371,57.00433502833963,10.644523253497317
0.6192023492734723,0.6731142549253046,0.17995034765586465,0.638839657318979,56.83136259350066,10.680293881910886
0.5682377719356948,0.6977474535885971,0.30177124726918636,0.6397332342677672,56.96400088238386,10.697723329959969
0.5978846743502715,0.7977777887774072,0.258850669506383,0.645517546166845,56.967054679236675,10.69690619337731
0.6026613353226163,0.9581343609463449,0.24241339723044358,0.6534767120405252,56.893898578031994,10.724277548881805
0.5825157168445516,0.922765810843511,0.12309922633435018,0.65178725516429,57.18065464705811,10.721980288989746
0.5060472136269871,0.8900734171678073,0.1049682189394073,0.6573849747135598,57.134432508837776,10.71955170543245
0.5840906085746744,0.8717335806888675,0.08663234355724848,0.6585476368522009,57.511866321151274,10.728663733643954
0.5936987440965706,0.834021235204826,0.15414966943108294,0.6634835687771388,57.25905955232097,10.766218275452314
0.5178621489962147,0.8520524156075371,0.271797319115719,0.6609815016853923,57.5911493949425,10.74692515940386
0.4385347362680103,0.9133170607732672,0.2547374912720487,0.6598142802485817,56.989944913019045,10.7883080594097
0.4871075143530635,0.8219743522984058,0.2146593780062122,0.6620850647494442,56.861685049091065,10.804454235856635
0.5488641143461026,0.8335920069304699,0.21497226113719634,0.6573689585438025,56.65661423850688,10.756625722753078
0.4935613683763519,0.8000730395231684,0.2530121283194066,0.6527778628064954,56.376656176201024,10.822658527746022
0.6192404104749933,0.8494796509419945,0.3016132632258499,0.6565160064766908,56.608379069680176,10.851208453968894
0.5464351691785785,0.9255648079928152,0.21013323146737006,0.6585451487873135,56.57825853386813,10.825040075224038
0.7379730535785849,0.94968693674646,0.17675521613630724,0.6591433891724855,57.24951278729018,10.841981683705896
0.7759066695433784,0.8793231137580146,0.19250162018433434,0.6603556028913158,57.44068933040137,10.860740106487382
0.8541070429172984,0.878509803270115,0.2560966448857406,0.6635846412882163,57.714679571317234,10.844490353696418
0.9710700856879952,0.8978894130160159,0.13067141843312519,0.6579550918090216,57.90622770895767,10.863645604470756
0.9256830005534542,0.8942937973734715,0.040241754376047705,0.6628762556099966,57.73576631689726,10.843716009407538
0.936830749611073,0.8619686057864862,0.04075722936956862,0.6648459802880151,57.20761731335475,10.88277270057061
0.9104028593533477,0.7770224759820186,0.03378931619135249,0.6654546443955545,56.86531293704131,10.899962239912892
0.9098836216096631,0.7232535233154539,0.1383006898024271,0.666305043133248,56.93052807388875,10.91032326045853
0.8848852647060742,0.5711453469077246,0.15989858191970857,0.6611199499828592,56.92837154343283,10.931308494471953
0.9181404436179698,0.5863603444459327,0.17512737067469486,0.660521825369285,56.783813637450656,10.904503956437289
0.9856021454008227,0.7281660118035095,0.15393090833665415,0.6566219549969206,56.8764979984216,10.91934786486653
0.9731356045723037,0.6507215743357505,0.1716042389980656,0.661096278530229,56.779804293373864,10.977910146919829
0.9945024010079996,0.6558755454432895,0.16244826167934465,0.6588580342964239,56.32283486743006,10.946993432524726
1.0769780517398513,0.6540425546453851,0.18497759476361364,0.6628761512684692,56.5716285658939,10.964000675746249
0.9991885718446006,0.5679633500809891,0.20871221191731254,0.6680730960047365,57.084927302603695,10.968659799165495
0.9706817623310684,0.6749840718961845,0.30717167919342553,0.6718965494744654,56.972850340087675,10.9635663834739
0.9462098953033526,0.6579125424994958,0.3363250923236502,0.6725390981478707,56.91148642541748,11.022470584217835
1.0142578037997876,0.7173080704248646,0.29379155268205415,0.6737630896427773,57.29522364251369,10.989445971761588
0.8876227163890841,0.6803202451675902,0.2788691246669729,0.6714767419252747,57.198645618133014,10.98745428952586
1.0088380004720487,0.5647008953764655,0.45486967827385644,0.6711972116994701,56.472055496568636,11.010985194453944
0.8987359161693073,0.5729937250666929,0.4526150685267859,0.6712251509306382,56.14206275646991,10.989965879965489
0.9357630806776648,0.5467858925606794,0.536915294411244,0.6666778910865533,56.08283711603226,11.026974250700338
0.8629804982448942,0.46310780873918905,0.49435673935231117,0.6684865645520095,55.76339784004169,11.030637428042954
0.84281981707949,0.6304908995205485,0.670792134003592,0.6713491802966474,55.79616618849626,11.072348572618546
0.7789243772525407,0.6955672764804472,0.6089149804442378,0.6659545428335775,56.04276126915848,11.056531715208802
0.761402832791845,0.6273159741693732,0.6314151501500522,0.6657129659319458,56.85433235732544,11.097756078711576
0.8676366892224923,0.6577485711685249,0.5524534420683901,0.6611330268485693,56.962654180618316,11.117969679861384
0.8623974284380879,0.6831055985856087,0.4474046014018386,0.6566606255222843,57.11965123002515,11.115623506725752
0.8758449802056252,0.7455270641841633,0.42956013572347523,0.6587461754479106,57.659717092874835,11.105692234222795
0.8836816858412732,0.7981992340964675,0.5203881486299001,0.6606167937848578,58.084894232399925,11.122822289934112
0.9065832822325977,0.7138416812717894,0.5738985816979203,0.6635264728602894,58.04662302172384,11.09950030119712
0.878187019912057,0.7709661500120547,0.5189578196695999,0.65872084758562,57.43277632348902,11.137324412549576
0.9011856953238568,0.747271703909071,0.46464138833395374,0.6586358409531604,57.82501371571209,11.132791230638665
1.0181395113530254,0.7660863377667756,0.3909542936604028,0.6548047633424537,57.84499681138266,11.173886527622988
1.1158834020110109,0.669681164580638,0.3832002180647682,0.6524993159857652,57.550040475515516,11.22145504778489
1.0808367668946945,0.6192444252757403,0.40957030363443553,0.650417204637664,58.27579687016955,11.189996432719475
1.1167598591832348,0.5602433758607275,0.38797496029304224,0.6512138842234014,58.70386244077732,11.150177197020906
1.1228504466212106,0.541045133971624,0.5089134615123241,0.6524367166912028,58.55530607710955,11.192775396141714
1.3277295270919736,0.642470688101599,0.5269856115582994,0.6503653667497655,58.87076259805542,11.21244981850749
1.2559620992374554,0.6779820275609278,0.4265682081081675,0.6510740745532579,59.5161975105642,11.221747148505203
1.2065061312917493,0.6934892170041429,0.39347513858414956,0.6503588675827552,59.25006322472914,11.215383737487825
1.2334833633529876,0.794408655457343,0.2999606211743783,0.6516410606338552,59.19476885598524,11.24490583485274
1.2288761863413888,0.8603854133431987,0.29960007976995406,0.6490557832245214,59.79196948819896,11.225149983261613
1.2140840606332717,0.7345072536268021,0.28170111227080336,0.6482269341509022,59.700575558664084,11.241101825546298
1.2297558425740458,0.7031876412771937,0.3755234420905526,0.6510435546927218,59.64375634176455,11.282915952832074
1.2584521695622457,0.8741403748555193,0.287617174092219,0.6542729117864134,59.0241315751107,11.259686735382402
1.1799035186671398,0.8842906879528496,0.3334257983516816,0.652495483905436,59.54987366579868,11.300764232109849
1.2062202957608803,0.8844508257339451,0.4381231146758734,0.6519725661101917,59.7092592930906,11.27261072450688
1.2171594860967176,0.8113403663924172,0.5039553786662474,0.6483938472449541,59.13824999162681,11.345296517675836
1.2550564592982716,0.8122436439701091,0.4982143857486815,0.6511899709683779,58.82364503721666,11.30451460155192
1.2536638762583994,0.7796289450999365,0.5788611885354599,0.6538450183372624,58.589480839759844,11.325526668563931
1.2346498955197478,0.7656051544462747,0.6571736844306678,0.6537003489214508,59.24118724930802,11.346612265221808
1.2653210000939137,0.7350285195528591,0.6815389210601176,0.6532491761641968,59.26054976509823,11.338693000949975
1.2053385415612914,0.7800965422318755,0.7487433306758143,0.6558859031741553,59.208524148878745,11.362868119221426
1.1475538869391804,0.9375561200928205,0.6550458775656366,0.6545763890283972,59.31891849999518,11.381507134490404
1.168083734378984,0.8873320698257083,0.590451580778094,0.654335645496741,59.62377204690407,11.399212264650073
1.1513244479772076,0.9332209341151639,0.5551513005454363,0.6550548904432334,59.15898067811511,11.40582994871946
1.081884772444368,0.8895532074587271,0.481691188883559,0.652005058678296,58.59640945804838,11.396563790723947
1.0920333941149896,0.6779368488212373,0.5323479585808635,0.6562135342351703,58.233689692902146,11.407067364519127
1.0533088999449634,0.649283750052751,0.5201779676866846,0.6493912423066274,57.76549812652745,11.4669821711605
1.117452764538124,0.6501079319650274,0.4815985154098835,0.6476050989715787,58.02273314670539,11.448997781364984
1.0278423929919351,0.7259255182098882,0.47447785231599815,0.646428351184702,57.90433718385408,11.421563526873594
1.0866534113050021,0.72401095214391,0.5373282843289549,0.6507814155070617,57.38164591351481,11.451999763275312
1.0174226799813497,0.6346971896100534,0.5165519378039052,0.6515317626198476,57.35203718588245,11.453297137224435
0.9838487246356623,0.5766877967671704,0.515194467132621,0.6456271073434603,57.54460801263364,11.46729331532154
1.0674956914096199,0.5255016203236107,0.5605206562620575,0.6395838732430975,57.68641778866866,11.45541009684584
1.0094242997615885,0.6870400177598501,0.4883137982720459,0.64417914569394,57.2027064589807,11.48176153531228
0.9445016177993188,0.5846310853338269,0.4808593539083462,0.6472034341833919,57.01303950108202,11.536231115463876
0.8164508706904285,0.5375257596023992,0.3631010935787531,0.6489224005100809,57.049574056502436,11.52158152601751
0.7045320161360805,0.6038702230803233,0.42828813001860266,0.6488438585169595,56.95376104455958,11.47017677183697
0.6164156076730658,0.6698570945496207,0.4191285558622842,0.6489091892525176,57.222472515854406,11.55433446984996
0.7114389937274759,0.647882635662504,0.3874492391453581,0.6496325224937787,56.59049236877212,11.561792590458184
0.714440286063249,0.6899404227069685,0.3378217746462839,0.6532576627575022,55.87399318505447,11.542814293913873
0.6212740406411903,0.5099340368153367,0.2710567174218262,0.6506019200781645,55.7647440871812,11.574345270875664
0.7959910179483146,0.46475192697452145,0.32607788933625087,0.6504863287276924,55.81191600822653,11.552812015783656
0.8159240850884608,0.5440006914654425,0.39974894261512606,0.6469796507347555,55.601267453173115,11.570594885674671
0.765338675080544,0.5880393299187889,0.44805558668167,0.6445084911897229,55.90492007622309,11.619970927213396
0.6559613607879243,0.5733953620680683,0.39287374194146707,0.6471703861415797,56.54465380697734,11.594565399202606
0.7024379450349398,0.6411768026984503,0.4262420655582465,0.6465290631408755,56.60120615908679,11.5726053667609
0.6411768973314457,0.606328260943137,0.4589135946118409,0.651081486354751,57.074657993703724,11.618733935544377
0.5533429335930833,0.6350934251760912,0.6172281949252875,0.650308907275439,57.871735734473205,11.628428232141712
0.613839842690818,0.4695621217671115,0.6077853049458026,0.6507999876715629,57.59821415632187,11.66396737138747
0.7357633069117676,0.428080925567513,0.580624797873688,0.6430121810743753,57.939313409903306,11.650286728443517
0.8605054984651131,0.447742867892161,0.5696562004248834,0.6472502185306996,58.71901258074077,11.651568353771196
0.961418294880505,0.5091102172183385,0.4541218215710767,0.6521372212886936,58.66711436076233,11.690901122904624
0.9121455550855802,0.5015354453061491,0.5692426403293623,0.6560551875148496,59.21345282967246,11.682415804650022
0.9978791967235712,0.3859541151912297,0.6980837983280087,0.6600854236267051,59.108176398838815,11.674999546368683
1.0861100399687842,0.46773701757757635,0.6528167145810156,0.655588339409969,58.88375429450325,11.723099951210834
1.2085539131304979,0.4898755031292989,0.6397747162014837,0.6519786912374328,59.09086406412636,11.713873235290336
1.2464268519956263,0.38191524898681795,0.5483053583641683,0.6489621744173707,58.60975073179344,11.72005851933359
1.3101664815540843,0.360496146292633,0.5244722810586919,0.6460298062259697,58.233414241138256,11.733558167828232
1.1910822903869915,0.5355222744643975,0.5716455417560806,0.6486008226085184,58.4517353842779,11.718586632571668
1.1272724783595804,0.4537643058960151,0.6121510720767461,0.6483556941453579,59.26062624385427,11.739446924476434
1.0777469511917566,0.6593323918109283,0.6424677300142517,0.6590086789082731,59.39928315090644,11.760071652036656
0.960922975867863,0.7095783921808081,0.7271655092264591,0.6557904266117281,59.364436654271934,11.766106726099506
0.863119942443797,0.707790990789608,0.7000863788479234,0.6619728283284807,59.06155530760336,11.805448567656333
0.8248968420414988,0.7500803450489206,0.6386401935567537,0.6614100744053364,58.98814219828681,11.79434811705454
0.9595766316259107,0.8199522533203382,0.7437073212793323,0.660202648832892,59.09083814918775,11.817098078452728
0.9153444135966626,0.8356976920600141,0.7315734133374872,0.658510924038303,59.14905138357285,11.810187907091516
1.0314536635180174,0.8798847277385636,0.8870682316286098,0.6562272507356771,59.096358552863876,11.841125769674925
1.0359133669677627,0.9288658211022266,0.7928089443097147,0.662900405405827,58.620294146941504,11.837950555131464
0.9360182348218229,1.0290284359373694,0.835721768480996,0.6656247100910067,59.329552933712606,11.84026840970777
0.8617839701873292,1.0187214505470172,0.7138184500758503,0.6695692759655263,59.12799712799705,11.84973433822082
0.7441607558679473,1.003121697583038,0.7262778064791806,0.6696817021655251,58.845356252607814,11.84091122747418
0.7054484386485375,0.9609876906485197,0.7937076543171792,0.6668024041911347,58.498958375457065,11.880138314402728
0.7039281227995602,0.8786350436222516,0.7894735866769247,0.6648408159170284,57.8187340337974,11.879195905309274
0.6135549184004223,0.8877616804158022,0.686568013271398,0.6555665050220434,58.15504172279198,11.879960160796376
0.5815920605014414,0.9482935244284552,0.6223260253218639,0.6570665442622202,58.14806550551775,11.92212923541624
0.5015460108401217,0.9984298494322402,0.6542337234510605,0.6604277176206738,58.03335943871291,11.884995679482104
0.4669823697280265,1.0118443497934484,0.5384386523415555,0.6635683741342879,58.817419604502064,11.91155008209135
0.4868159191131888,1.017827554412403,0.5720161382377309,0.6642543666227982,58.96479667077368,11.95055437497559
0.44557925816299837,0.9297812809976158,0.45133593663828303,0.6597906047276509,59.196113089875176,11.946310458818404
0.4823515451874164,0.8736070026135412,0.44353734402926615,0.6600922621705033,59.34755152071544,11.949042821446946
0.5667322922339109,0.7706349629641018,0.3146921017126898,0.6544043019289754,59.52144679357768,11.965020070863003
0.5999885675775651,0.7319280459312325,0.22666932465779702,0.6620034780247541,59.84068519829922,11.973588283420977
0.6613286259214034,0.7784720105545162,0.28079047033312116,0.6558926928645797,59.5712759926824,11.949666749074282
0.7854299095639437,0.6665177009958967,0.35166303799193754,0.6582072056996167,59.92713703493955,11.983014762293042
0.7834112234217242,0.5546566290899073,0.2407176132495979,0.6568467897286567,59.3965638734431,12.032330433090277
0.693055628331291,0.5667560786312651,0.157484108769759,0.6575458711745247,59.17478900693516,11.996813517304457
0.6539694694658489,0.5382158288673085,0.0011395137879067012,0.6612966668547475,58.57985699475297,12.013633979717913
0.7603741973818865,0.4181258888183065,0.08130313088358654,0.6574560480404906,59.07162016637379,12.019167584733818
0.8130134040097479,0.3326569946685485,0.001173510203561129,0.6533644140301195,58.69166054752626,12.038259695533638
0.7687192254535906,0.3552864281870141,0.13526420719690674,0.6534650662307987,58.77247506957332,12.038337543373515
0.7834588070232276,0.39158339171648926,-0.027255434060662866,0.6464016478180841,58.307934102622326,12.069734830043162
0.7622602149285908,0.2920259577577661,-0.030982248628985076,0.6532015979776888,58.77191066271445,12.073946268245804
0.6653421426704378,0.37745303284845255,-0.15121083235128027,0.6561581100138875,58.95987927404775,12.09547095230214
0.8019529988560258,0.4449448506696038,-0.0804563444052596,0.6645423634616244,58.46896632548849,12.06898117667622
0.7352058580622229,0.41622088052881967,0.005491748268476549,0.6651175298508043,58.60866598301135,12.093193190342342
0.7679766692013972,0.3827735167883658,-0.04086581924768211,0.6635473028196379,58.37085429367767,12.105485547367756
0.7628394844035572,0.3754119461830162,0.009016311163853674,0.6615226486648244,57.94613639206053,12.129112938201771
0.7923114028267119,0.37275658070757095,-0.018247262942611815,0.6634826879730192,57.57837742975613,12.11413557605586
0.8579284018717532,0.3608465931018497,0.08141092041850609,0.6653797114139751,57.27958617811241,12.158313076085168
0.8990065648904793,0.5071799212634315,0.05138923401909048,0.6651262723950899,56.98155944585534,12.173728311810352
0.8670287199076793,0.501378083089219,0.13159553367783097,0.663714031861931,56.11278781270753,12.140222553047288
0.8540687265810712,0.4954855133223709,0.18277622190415715,0.6570844471651488,55.356549791815134,12.16018254210213
0.8018204634979096,0.4589174227582373,0.07508008361199944,0.6605335266962696,55.433636969846,12.169361369834158
0.8415856946709461,0.5568754982673333,0.05300052498028569,0.6569499882699799,54.997207482407205,12.24264772409355
0.7766593448701344,0.6865002975871107,0.2050294327740892,0.6601471174355914,55.73960281116979,12.191401997895843
0.814335453720808,0.6955393966840273,0.1357628735183769,0.6583073654843955,56.43195062918701,12.243552508843123
0.8406242188988579,0.7320706845482243,0.04262729147895129,0.6594293502462028,56.80973193948589,12.194667360097869
0.8348640686026727,0.862648811789365,0.058532655568241,0.6591168858362922,56.53794725644273,12.210206980676713
0.8238714784255613,0.9149260580994485,0.09330081880910682,0.6609447050554557,56.94841082076219,12.226267909363036
0.8160656551617553,0.88166976750001,0.04811797687113893,0.6627117117660755,56.83782221402346,12.23308621377107
0.854070609434108,0.9826473362596275,0.1446371376862517,0.6690932766459861,56.69866587821156,12.25464202531683
0.8805803515132901,1.1283926397679802,0.1634987564075962,0.666310320533428,56.5289479166326,12.25582443594557
0.9996193672260796,1.0619589658936468,0.2681967522765202,0.6650384890899073,56.586792875939,12.26361316814531
1.0233814764293596,0.9748124024861958,0.27699423204539386,0.6579501494456005,56.811203937135176,12.313169439929467
1.0584148452315916,0.957636917202706,0.31933126314742893,0.6576943135273645,56.818515475960375,12.324475872450265
1.0252847524254922,1.0382522775137737,0.31915546119214067,0.6576031821383729,56.99641354324213,12.328985929967509
1.0575058095694487,1.0587633045191573,0.31120482879687766,0.6599242519940601,56.9249135505068,12.330479979111686
1.1424598538880022,1.075226640979222,0.1596742934867656,0.6570139092185944,57.48605453458138,12.331854861315591
1.117738405687176,1.130856627256393,0.12351601766738537,0.6606502787986559,57.945684548603595,12.33005938618668
1.1380219386087522,1.1515885974586806,0.20066478060998527,0.657649291296053,57.61403898302906,12.330936849904898
1.2562963068078272,1.198400903987304,0.2509111940145325,0.6586057786297059,58.34434360813316,12.367259914068653
1.2153819828942964,1.2419384922314476,0.2053845291504915,0.6666486147440389,58.27915771767516,12.346527392149063
1.2863132857996074,1.168020113850756,0.23051154174957925,0.6690719222050044,58.14236954486006,12.360121581416491
1.2611904568504244,1.1156971872672057,0.20082922496379227,0.672012558143302,58.22091709766452,12.413058265124096
1.3023287870355849,1.171509014789072,0.10292773782138402,0.6705658994858701,57.570999973342296,12.438012980834442
1.277373529802175,1.1217257226771253,0.21276318178114056,0.6721017995898807,56.978408681278985,12.41786590276333
1.2173154363411969,1.0757245318761501,0.2249183771308795,0.6678032879623261,57.67030588037439,12.442129143045891
1.1466024412170381,0.9731689672127695,0.20107867642434626,0.6668214197053633,57.32544841634437,12.42508303365112
1.1241177431906826,0.8987710125741225,0.2819899711783145,0.669297533545733,57.75558117057309,12.413246516278246
1.0701265611223003,0.9031591497028634,0.27750423125880663,0.6672460417796452,58.02138054284254,12.462243432372372
1.0703549572193656,0.8150370832935498,0.35195447891292114,0.6616048010276143,58.42542767412567,12.471385786465405
1.039921192030917,0.7104354057341139,0.5060346063164541,0.6662184303962999,58.554710337630205,12.471433371077604
1.0041313280637683,0.7339403605144657,0.421247959203822,0.6690893033796479,59.23755165647731,12.475152490837898
0.8165251919570787,0.8036007046002076,0.40116428691471195,0.6701498281752571,59.1052424925677,12.50924421157162
0.8616585891012527,0.743955955362271,0.3215076552788233,0.670903289506355,58.721706758623085,12.48028533933145
0.9725399824437121,0.7973327488074278,0.4017389643400877,0.6728664953366577,58.72782057406211,12.494524388422189
0.8779820990157614,0.8135795769786947,0.482667630558376,0.6770032911940322,59.03100371052862,12.499837869864791
0.7684142569084833,0.8501150096142007,0.6347210786876838,0.6752388365078421,58.57943814956862,12.531699459252716
0.8706962312136938,0.7327972502192225,0.6245627518979082,0.6761020651327151,58.49567839908665,12.518242139757817
0.7289731362899894,0.7225181909872564,0.5874030792864275,0.6812761986349345,59.220374381245676,12.536315156389696
0.7294315112111119,0.658961553430687,0.6350229485764207,0.6799901250459922,59.0333515389847,12.545884888755456
0.7787766700478731,0.6569802364605856,0.668887798091283,0.6764793316474613,59.409948421515494,12.56478783335332
0.7157917195837482,0.7177702356530866,0.7184595698723074,0.6731769547507513,59.40708463685409,12.55025251107192
0.6322982308274955,0.7261082811814328,0.7414106466419759,0.6729613550088839,59.70336265987196,12.591744099840746
0.6798857597860153,0.5774350704399823,0.7690251126346019,0.6745177004344763,59.66310835755603,12.624946073013293
0.6945798436448132,0.5441557101222182,0.7450519887129271,0.6778928631780816,60.27312041892422,12.612709827446334
0.7513164852476232,0.616970654492289,0.7786581897406188,0.6828878142446245,60.29583969810638,12.650826422896028
0.7567354384113575,0.6027295357371796,0.7799592537302248,0.6825130505041395,60.579896382862145,12.65667996371754
0.7983821531495211,0.6809433392357026,0.6841100751520055,0.6758485325033255,59.973860143055596,12.655554700944958
0.7896082379254442,0.6523963813455229,0.6735784739974641,0.6764931004899776,60.1293913630138,12.651493716852736
0.7830575577281071,0.7139023339348052,0.6483672568975832,0.6807443362449641,60.38722516707323,12.66045000776491
0.7770756334908591,0.7231263561817595,0.5228541464844915,0.6770904164881391,60.073815108792054,12.685275995447263
0.7293246370548927,0.7505322733947029,0.4689670610215093,0.6756167796481154,59.31684235102549,12.67216658780992
0.8696388744086555,0.7372717984141179,0.5023583952219166,0.6795889776551701,59.24180170616812,12.65234958497065
0.9083751651107054,0.7483928535264328,0.5682189614615394,0.6846251712507645,59.63132038331632,12.70984008108206
0.8978704193586774,0.7021018227250281,0.5242773796924223,0.6854452499727117,59.99384186615413,12.6873786274013
0.9436563595366806,0.6901561684917736,0.42474195676237814,0.6803933079335723,59.65547263277826,12.700757175436191
0.9098479048426211,0.6122568834273813,0.4081120089363293,0.6820560537930914,59.98026365060796,12.730004478959916
0.9098341365009748,0.5952927139426252,0.4371569873702438,0.6793342803571192,59.645013324213565,12.73809750244893
0.9781168294005897,0.455007005032113,0.4328533197981521,0.6800703734508767,59.00407455112978,12.721758487873688
1.0111694833408484,0.5276580394433108,0.3419450879460215,0.6813267166963595,59.111124931360756,12.763309831282662
1.0105992211253243,0.40547736285983005,0.2194978548245743,0.6821139741388201,59.008073742265594,12.78932279321722
1.0561670660208056,0.4022244428686664,0.15233854659745408,0.6836419225865258,59.09455532825903,12.757433168594686
1.0442144929766253,0.3619613080917621,0.14926558768619946,0.6870409930894432,58.470247432964904,12.815449666616976
1.0236899888727125,0.4552700141713618,0.14381102509524654,0.6921750204187741,58.730601141536155,12.768796583497402
1.0129810237661239,0.4854930683371463,0.09529504759539745,0.6917953873037583,58.265081794255785,12.85234648288742
1.0221634542612947,0.43973110513357005,0.227131715889917,0.6894198201422828,57.60665000764949,12.81177479139033
1.1167470460380513,0.5243138775856423,0.1159810362589151,0.6915249766433843,57.50235669639403,12.832912339936538
1.0696943280939093,0.5184783014613394,0.23148164246259148,0.6906254815885968,57.55745715136963,12.802159328550289
1.074533201544329,0.603214826669938,0.25226710580445555,0.6926844299541113,57.1032231249125,12.848757278670613
0.9889990322396585,0.5848413325534786,0.28613733219854426,0.6924289614257912,56.46760582618583,12.864569643554365
1.0603087769415844,0.5702607291579962,0.27562259087400437,0.6930192315898424,57.12764532995298,12.86827675791801
1.0426317400454386,0.5810570032998166,0.3924193890706639,0.6922002184800176,57.10811389989018,12.868738378458954
0.8738973479203518,0.5809707333446441,0.3207094004254093,0.6910701552900268,57.42165869559487,12.871068709629444
0.8394755684002456,0.5655470048637454,0.23753546339302473,0.6863969401845001,57.57925035759704,12.922610532390747
0.9343834345095857,0.5248134898522465,0.34415449767865164,0.6881396214788884,58.30200514645603,12.91061614269996
0.9894103234492793,0.5103978493306346,0.41571710334853307,0.6882691022065003,58.335512906279725,12.950815047530336
1.0478700809396608,0.5311869399466324,0.43439765412534487,0.6948692068111266,58.56891739874599,12.9194703529041
0.9920214601511393,0.598879509505317,0.5187898336621724,0.6965139530094704,58.73599076964839,12.931304106132556
0.9807059280926463,0.7691509702069526,0.4618924468463289,0.6893758557115163,58.83314110889577,12.966311884891924
0.9114080715260092,0.8063286412520568,0.5101802229275998,0.6896557010088137,58.52248180141809,12.92754050075993
0.8779432486299171,0.8195296571750367,0.5814157262832356,0.6882189583213363,58.4315865389681,12.945730732796942
0.8824252047920703,0.8464377837447211,0.5945820035576046,0.6840817453307388,58.5036181503606,13.001949699427064
0.9146807145950554,0.9266286975520515,0.6138343055217643,0.6854759235440303,58.54896837341596,12.966561321415536
0.8753139429568482,0.9125838218410495,0.5074975593522442,0.6824771460193305,58.746070675443356,12.96361897969395
0.9332543485357606,0.9828069551012885,0.5038230890833046,0.6828265909471122,58.778037702243445,13.047370543761462
0.8898157231496203,1.1004647037301287,0.4878003981768629,0.6831761270950099,59.0730342208077,12.992123647042517
0.8049081456183081,1.1156284828475107,0.6280493832802202,0.679772085346955,59.01088860507237,13.033682387966564
0.8717479071052852,1.1119128482018386,0.559716427665257,0.6846667687266426,58.88116186422417,13.041381703854489
0.8941009519766816,1.1489313110733845,0.5834459472763365,0.6850513027595027,59.163917840573916,12.99378743366764
0.988035074783362,1.1332841602642503,0.5261119765188654,0.6822307959016685,59.249118781303494,13.054653659536644
0.962894354888584,1.2118297556153008,0.5903084697488576,0.6749734767410015,58.71537552735905,13.078968264989582
1.073072259771916,1.1569914468567126,0.5236704621994055,0.6763273264633702,58.665938287897596,13.087086187630378
1.205166497346597,1.2051105121240853,0.5549880631753181,0.677077034032356,58.474634073877155,13.108070413676067
1.1852010154658508,1.2155950722822575,0.6675779897828418,0.6785864641712627,57.70161254279626,13.09225017370189
1.102154150837285,1.3049893192263209,0.5580415993185228,0.6779966625764782,57.16132835610424,13.124250088841842
1.1726828701482046,1.3325197268211686,0.6420124889790042,0.6806805359551759,57.30796324311859,13.1062134186384
1.159363643026275,1.2698510943276056,0.5547688929521547,0.6762637689196229,57.493498416308455,13.101790651671744
1.1565046023741252,1.2721123976751973,0.5748708019470845,0.6783184005989139,57.944732530811144,13.114045432486376
1.0965720696992336,1.0961145702275046,0.6081921829957373,0.6778531420534819,57.7650781431568,13.120757790896093
0.9980773586791358,1.073873471711862,0.5666400988640399,0.6795789215794171,57.680176302320874,13.180191719357824
0.9980446469538944,1.1843178425593295,0.5019917262695671,0.6829174145497624,58.60886374694053,13.13970852981883
0.9549142174253943,1.124168382287872,0.4862178563244307,0.6854474242657237,59.06406603569908,13.185480776812986
0.9301955582493809,1.0644709381353281,0.4309709796454017,0.6778345296503451,59.4319600419597,13.18468151611855
0.967147373459448,1.1434102208148296,0.4759571535906047,0.674354777235218,59.266749389766666,13.197947028530988
0.9447446899835178,1.064145701368882,0.508390855583712,0.6715108645907933,59.10243501785212,13.237272145903995
0.950682535198393,0.9111586367574611,0.4890841898282298,0.6731238633554122,59.11206241600744,13.211231452655696
1.0135096716474048,0.9346281666016896,0.45551219611055116,0.6751855195745272,59.05646205664398,13.242232031230994
0.9906226964924498,1.0208639333725904,0.4743854057884981,0.6743966503843246,58.64732256195291,13.240751267027624
0.9374875635473675,0.9693661302871925,0.40781066156210494,0.6709060733622401,58.252190601863916,13.246959621887346
0.8898265322710325,1.013266727429213,0.37884248050532104,0.6764736635286938,58.55562440975861,13.305999382487729
0.8837929006002213,1.079717208067957,0.40130696027301715,0.682978654511875,58.369503172316875,13.241173165085693
0.7697281814496463,1.060735545253172,0.3749219355660927,0.6832412512245469,58.574735147388694,13.30578263670875
0.7767045025885182,0.9588714225696202,0.44649764170374484,0.683463590619475,58.53586005300882,13.3031281313098
0.8552081884260196,1.0619084185509045,0.3774004726941279,0.6864977921708665,58.87487909537034,13.290409500107366
0.8759727623339304,1.0701125832788716,0.41674084188512805,0.6829465255021838,58.760486737434235,13.342586370348831
0.7965050376196137,1.0738352571270184,0.3926770388133095,0.684784240955568,59.001139525463294,13.283037797752227
0.8438656254275776,1.10038168521846,0.5331521285389409,0.6848065164463738,58.71502736917466,13.31956466685402
0.8514961635785735,1.1819241131803087,0.44648679211087616,0.6815595987778307,58.67471824492435,13.31583035591462
0.9009484729232389,1.260948730698739,0.44606581677392765,0.6917522337313112,59.12351828272091,13.35824166929743
0.9242488191830198,1.213488277825062,0.4557621298806107,0.6879946397272334,59.764409877282546,13.337738717976256
0.925101366359406,1.1869154324265412,0.5675179129928936,0.6856870386765853,59.016467284695445,13.378661278934828
0.9368829318233681,1.29481308827133,0.6351802313467955,0.6858478255504877,58.47847501741237,13.376271271683567
0.9554671043744738,1.3319063393276096,0.687739448989377,0.6921291162551461,58.16822529197715,13.38041292114688
0.9613781034651712,1.2555135796846382,0.749423479300738,0.6983599031620761,58.00378479886031,13.407772944920666
0.9357605630380649,1.3045371784300879,0.8385644123452586,0.7043315229784878,58.409836836003294,13.40462756752124
0.9618472067113961,1.3602301282415385,0.8100977103763822,0.7056508054592086,58.63389346334934,13.39822730313882
0.9977692345424625,1.3146257708707814,0.8156575837481196,0.7068360605055584,59.06041319338222,13.4860274597927
1.042738016857082,1.090590244485974,0.7246856079650901,0.7082067886141485,59.127101630650046,13.430256656339417
1.0679812430353395,1.0761469249665394,0.6482824687074448,0.7057009077812617,59.735424843273584,13.40564781839696
0.9879667522642391,1.0382117069684083,0.7120963577906194,0.7081369700404426,59.27766996332351,13.443158026205571
1.0426019218953428,0.9141590440373359,0.6177762934505397,0.7094197660564833,59.79211406606034,13.444654466232546
1.0354575203996865,0.9711712585812806,0.6291546095844947,0.7087809606143136,59.72413526347657,13.496522912320811
0.9949376100883013,0.9857848263268154,0.5588781053324767,0.7125190758401456,60.17558181464883,13.496433053191833
0.8606092134512077,1.0125867226113008,0.5683683769582044,0.7069999729690412,60.04520617113129,13.507974256035808
0.7102868952704003,1.0075588319630655,0.6250003908242538,0.7100324166277178,60.13185471553512,13.502599550683255
0.7487469715102095,0.9566963475248873,0.5761450743672359,0.7064550323212522,59.71088885492948,13.51441299505886
0.7128832189659036,0.9937170166481026,0.4755616871583242,0.7076684436802612,59.55333919537511,13.522581377927848
0.6773391223525213,0.8912384198091582,0.5309680252617726,0.7080535175438459,59.09122250799577,13.538376136317291
0.565356102584237,0.8957758279182227,0.5398810223320691,0.6983169058278442,58.539647109283905,13.566706668707296
0.5694288096317193,0.9228558032046493,0.5693612770833248,0.7012879047406276,58.20878614119878,13.566721508250108
0.6048572905093123,0.868396645062236,0.5289502635036085,0.7049372387508454,58.78242119906739,13.580002256592415
0.5510353492807265,0.7347296943060686,0.4522511330267786,0.7080882350907324,59.56370421210986,13.589991178164984
0.5523973304339694,0.7237382936999184,0.4566054497278856,0.7077878272249765,59.920418438309845,13.607688848747635
0.5443179352058858,0.735043334919361,0.42665996514544186,0.701093990433274,60.313981899250415,13.605763000830803
0.5738450054613288,0.6722349574569034,0.36909072844176616,0.6969964907531996,60.13796104798754,13.617176961453575
0.5586919116777782,0.7153988325893075,0.33695035830456943,0.692518301989225,59.94483296644465,13.643776124823864
0.4512209471774426,0.6564848074315631,0.2299071244573403,0.6950227645155886,59.62636747447177,13.616699081639938
0.4642866117716604,0.7961929102446248,0.2845713696739539,0.6961575551215801,60.13083263529537,13.62288514840097
0.5313198278258665,0.852612320855185,0.4561561980141276,0.7022036230002686,60.00156397111239,13.626281568016264
0.658365453878527,0.8394374329006077,0.4222260057319935,0.6999761744843207,60.32372665754192,13.663658291272403
0.5657008566459627,0.920297019715087,0.41500544531183925,0.7006757349833649,60.08697171436868,13.632925355175615
0.6125954752902176,0.875731208656578,0.4904208024944029,0.7027313825878845,60.17145827909267,13.689243081921193
0.580308405966566,0.8767032775609268,0.4430030290636692,0.6970586689757504,60.209573742772434,13.687816138109987
0.6308815505564221,0.7792083581275827,0.3692404527528993,0.699626574247595,60.28332574966974,13.722692793996424
0.8072807927255996,0.6638002915662755,0.30517728238645925,0.6974202524136105,59.98479625217188,13.6965616537907
0.7123273954518518,0.678823698892842,0.27702043955260314,0.6971346246141888,60.83618926879187,13.71593363429165
0.5944063638259417,0.6095065065544368,0.2664116859599785,0.6947445556442243,61.301465997482254,13.752444066665868
0.6975051965200174,0.5892180345041986,0.20849184935860926,0.6925966348118461,61.89543237947727,13.767662712935564
0.8173059235527289,0.5981290706701438,0.24428108360978823,0.6914735673234009,62.34725951555801,13.736396952684965
0.8118793053154165,0.5761406708704159,0.2178472194893118,0.6897572280275185,62.41102497741298,13.763635624651744
0.8449991356981524,0.6025517390477039,0.2574242065747933,0.6877614755592523,62.21720970246006,13.77588837955368
0.8893787334330749,0.6565661328280212,0.380943333916966,0.6846070332169304,61.94769524209338,13.787473068112424
0.9722260194045234,0.6499744845637585,0.35994837747133257,0.6828514102607486,61.44265352993169,13.784748486813688
1.0076026017131958,0.6627956960857415,0.3735817751679115,0.6903588642923231,60.84177084723295,13.825627667962474
0.9549572526089156,0.6710950597527752,0.32448715341114276,0.69312511692024,61.11825617593206,13.77220593032757
1.0575584411345427,0.5667390824716355,0.295958853223811,0.6989382060873748,60.931461001128426,13.811577395303978
1.0766409383115128,0.5467875853441944,0.358888857882972,0.6981915329360566,60.8562159294263,13.83895861465546
1.054631928111813,0.5103410144089964,0.35694702162783665,0.7011745378444796,60.501054414152335,13.849144496238988
1.0782378320665456,0.45229958491399563,0.3355872862895319,0.6977824010840805,60.235078525445296,13.877055180612295
1.1454049197950413,0.41605224686575576,0.4682672777282547,0.6935952336077428,60.03624909963902,13.883964507864023
1.270858673868103,0.3290812050726518,0.4451416741817198,0.6851612959112074,60.585544205625965,13.864289167493856
1.2953377901640262,0.3326684829197684,0.3753489817471794,0.6875868227671909,60.601690685210805,13.905997424870613
1.3026218286311215,0.3521349801233193,0.4081488905960928,0.6940761226196309,60.38775018326809,13.875719165124451
1.3349825350573077,0.39275126198556204,0.5054363920852549,0.6928431040395419,60.80842535779756,13.918617747655835
1.2162261388456443,0.40278086368360533,0.5270028868007985,0.6936839100352002,61.0690451650967,13.94621044956842
1.3862053546516024,0.39154151775867024,0.6157737722021708,0.6928023738993454,60.834663799802776,13.9442988821371
1.4744249873826356,0.4232093542859395,0.5431238828046029,0.6948383024115264,60.819202210463786,13.932115407670482
1.3833151897254092,0.4467669201507534,0.43290371023128343,0.700243406968352,60.331344023374484,13.933364424564555
1.4037301851593074,0.4191611001361437,0.3838919174099663,0.7009227827630963,60.25791732492136,13.919428174074817
1.3705423038988775,0.4611983154494202,0.43957875300707216,0.7037596959671332,60.377073810691016,13.966210792758284
1.2706811638866005,0.384551700172701,0.3463046959340102,0.7027275271646368,60.00181546643597,13.947695655440585
1.3616974325537243,0.3702302635695318,0.10561009216508085,0.7065244150147341,59.61762288887702,13.96413730672772
1.238267029210867,0.3618853916512632,0.15167040369544918,0.7077756536843527,60.212362521034535,13.966185083985266
