mv_avg_vib_x,mv_avg_vib_y,mv_avg_vib_z,mv_avg_ar,mv_avg_sl,tool_wear
0.4967141530112327,-1.0469109826819396,0.1838345163225043,0.5121828611851357,49.058987806135896,-0.0167672376000161
0.17958232406155367,-0.254843196564103,1.4386127892222653,0.478907700050888,49.27410075096879,-0.0142531426524662
0.2557843128893429,0.8620362091348128,1.5219529414864965,0.44832073869690875,49.21706689184484,0.0356388507090383
1.0871461879620072,0.9537583252301505,-0.32623379078322723,0.4514753151326395,51.908972492660595,0.0286917953280921
0.6469400278330524,0.8595019278280078,-0.5485085284701877,0.4790201473441231,53.49770827469652,0.0397299351081404
-0.23092858256249127,0.12219956523719144,-0.9342469986408787,0.4877488176870267,51.63052457739981,0.0278653402454109
0.6764693088359319,-1.086157774010191,-0.926457351603193,0.49747999198117804,47.41339333718096,0.0540061300813422
1.1779699481700359,0.04347843327873002,-0.4545048152288169,0.4419151665697553,45.92263309763527,0.0547306939338177
0.15434114373192329,0.5936156842550315,0.043847595341173995,0.40828523122378424,51.3538332640445,0.0876691002970843
0.0426185972315106,-0.28189581292378807,0.18596288468531552,0.4516425080302296,52.401672017717786,0.0701781772933677
0.04636174007581484,0.5441130144482561,-0.329757812850859,0.4667982469557241,51.81097575367329,0.1265958873041015
-0.45706836221923663,0.9482163644025572,-0.37240919811376355,0.4816413612728588,56.140161784513154,0.0764883910075181
-0.10366358374692913,0.5126350165452795,0.5557568338520551,0.5081389319861771,57.094996246392945,0.1038696033508687
-0.8267240330076404,1.317593021321939,0.7132717696368307,0.47524966591354106,52.91876055265381,0.1635440101993219
-1.8094492887641145,0.7684618571175111,0.7604820135912955,0.45658381758102756,49.05192041697305,0.1312972250407593
-1.1332381347726426,0.1504525857340353,1.3285366758509143,0.5171686067094334,42.442298545414545,0.1237024267119117
-0.7764799824002786,0.5012901003990965,0.6536489159205361,0.5625904649718254,43.30595712755232,0.1643814312507533
-0.337497755199096,0.17223801281655385,0.43129700666169235,0.5367308643708079,48.88194784098054,0.1604921551557091
-0.2843794365094303,0.9085375006007249,0.38751969024365474,0.4985691028221837,50.2859735959817,0.1632825948876339
-1.1469401571916538,1.0287310763403559,-0.7603257749463804,0.4656596415420733,50.7233897309177,0.1680825837840256
0.04061106131278813,0.5342167396853539,-1.0963087229883548,0.3978922305820466,48.95365955916787,0.2553674721125188
0.6345895580202254,0.8171243672218905,0.29046395041814066,0.46425111904726013,44.89707326316713,0.2049689619963172
-0.06375592781353034,0.36607179995207884,0.4058144538979958,0.5240539760704959,43.35526430171454,0.1814886527933424
-0.6625270743939314,-0.589214865345878,-0.7190020569544228,0.5325403931775259,49.00253719281458,0.2598741951801107
-0.9677677427174254,-0.9285712605585046,-0.7203982923645751,0.4984872875510957,55.649373806352074,0.2522214181022114
-0.19921755847270473,-1.4915728845505547,0.8346067873064877,0.4821649830509658,54.22108070781721,0.2346706713796042
-0.5018081886382055,0.05950711445657053,1.4846122685041117,0.5633634605454176,50.75798727675138,0.2413376182262771
-0.3687056780372433,0.49165306331017733,0.6019149038348799,0.5610015065227425,53.39014409132804,0.2834694559231646
-0.092813438002435,-0.6465054764264223,0.4545510827380932,0.5213385574055343,50.5505295297227,0.2750616334502109
-0.42579452578885,-0.2327361064835936,0.30265697537861286,0.5112027784738231,49.09351720838489,0.2514804436310979
-0.4256136906610867,0.032165891240290206,-1.0246460584222603,0.4651591636625109,49.276674745885714,0.3357447992920933
0.64708707277308,0.5790129844808464,-1.303268144161482,0.4989775442912727,50.52884869673022,0.3013201907556808
0.9419065628018707,0.8561182167826161,0.33046943164750614,0.5231210989809058,52.765729545270545,0.3499114347296485
-0.512373197647489,0.15728272825494594,0.6560632829391608,0.5019868162543344,51.35694594682721,0.3555686991593143
-0.09363733294386811,-0.35594303579168496,-0.24671569286091735,0.47832535884179156,49.029089796232,0.3199798091103437
-0.1744888971683698,0.07745749576338157,-0.25928085194217587,0.43636974507613346,50.05768912313596,0.370663797287263
-0.4806147594345273,0.03724462659126121,0.8148368306733663,0.5114657469775826,57.23311588259057,0.3469711490027263
-0.8493132001058445,0.7001992763835552,1.7780927846333678,0.5324126406229429,52.95290370782368,0.3326659882639211
-1.6171232257743782,1.0706041523209018,1.935772004712461,0.5330103018000625,46.89887184845793,0.3715080366795572
-0.5381427496168694,0.6349420943622617,1.0436273399729334,0.5398800518041574,50.00481773527926,0.3979527500355256
0.4958983611131104,0.7214670899032899,0.08240686576394365,0.45764367983575927,52.827378747218205,0.3907452670400733
0.4838666800565932,0.941336962647491,-0.5960344056048966,0.48204409556212713,50.8566423114049,0.403859033181498
0.05752404514782711,0.7009789446920857,-0.0050220387777772935,0.5134871911987953,41.8151990188891,0.4428713208985722
-0.17799714695874314,-0.5336021210020526,0.16976685844018047,0.5087956808000401,46.61918643035342,0.4321298796058018
-0.8587192046652773,-0.4236970874511379,-0.45995517459611257,0.5243162196890443,55.610175417501225,0.423134033774301
-1.067374664784928,-0.10038772334268167,-0.42435926463703744,0.4684140029091583,47.86198081870509,0.4640406064733465
-0.5577182587980486,-0.5639682030674333,-0.8268230617461703,0.47203405961153233,44.448941503126434,0.4639535113390849
0.3314797547918229,0.05546409023247523,-0.6964456153130688,0.565660553120536,52.73391436599201,0.4195679039707591
0.7343230813390067,0.9394858038506189,-0.7055924341401001,0.5740208047057451,57.87947535441616,0.4885670582754289
-0.6750433131687589,0.6575114198675506,-0.5561651720482095,0.5178202415834003,56.3127673001258,0.497836574154322
-0.6840956769725328,0.1933582274766621,-0.5260045410313094,0.5325221244260732,52.26014313191207,0.5004024225916172
0.005598056783735289,1.0344017484526977,0.16058116457486304,0.5393697391378994,50.12815958507658,0.5278340116213915
-0.49419013178358223,1.0009336689239474,-0.11735843635232879,0.5178674691021588,50.248274119991514,0.50655212831347
0.004903949128069296,1.4512395907229734,-0.42339728059401927,0.4854530874247152,52.86855299396292,0.536729995776418
0.8595795068120835,1.6141896608209088,0.7383710902315497,0.48620389156949717,51.01340945337106,0.508660812576653
1.0200962182328082,-0.5664614388207501,0.37185959260944795,0.5395235655405103,46.18545882081905,0.5581418076679767
0.08570249165657268,-0.47197361405780847,-0.5957220307756026,0.5129187703498815,50.90789926697746,0.5990611939107979
-0.5338289595440745,0.5995587949879367,-0.4540287629675003,0.5227880397272434,52.81864272823966,0.5501028729506492
0.05212631405208609,0.8683361985034908,0.49515068472818535,0.5415399021827279,53.746272612614725,0.5648039573602445
0.6952198618219323,1.0149195187235285,0.7078242109365191,0.48387622811970243,52.185543696772854,0.5757996911421689
0.2907158234805647,0.3013869867167164,-0.14728814240610544,0.5112526399029486,48.60957737012187,0.6025999645160319
-0.28917143212946417,-0.6467809700364983,-0.0020462341472347045,0.5264199810545672,47.989473388293945,0.5887392745429256
-0.6020370039267741,-0.6814927696611766,-0.2872277636201173,0.5206100105753257,48.15197395553052,0.6284249475738196
-1.1065960313521415,-0.49403204159469627,-0.18812893585113355,0.5206288599189308,46.76878703797399,0.6469367989093833
-0.14645083686896904,-0.6792103008275976,0.5676781910594915,0.5002882934001424,45.53844474485827,0.6506869442690757
1.1304872857398371,0.0409109655138048,0.0734515984101051,0.520064223571575,45.65132538786556,0.6146316914872386
0.6889341100356305,1.1666967796183167,-0.5497875565228646,0.5289752628561846,48.612364986061706,0.6799033533031722
0.5132953409792905,1.07031517934595,-0.8388663839536215,0.4668909224931458,54.00162096061173,0.6887473482850737
0.7308332105763338,-0.36200676682089794,-0.1518074184155212,0.4317303618076477,47.94830401425331,0.6966032274469262
-0.09277831938918113,-0.3364693605958707,0.906380692112268,0.5049968651953234,49.49869299143621,0.6974568449731166
-0.09218373287573187,0.8603597507709946,0.32067554856644515,0.5298675032317564,60.0750355965273,0.7044037862841027
1.0001092239428744,0.33373880152768065,-0.06426395276081398,0.4936819302993123,56.862485162447314,0.7306477879625279
0.8022131979167508,-0.33101368810515636,-0.7887661904059211,0.463163953897026,49.02330965866666,0.7584702697520691
0.8162315388738286,-0.01820630155441925,-1.3099110093687334,0.44940678769102715,55.97626813216402,0.710939190732703
-0.4750131973330084,-0.343075037732633,-0.28156956836162045,0.43296913133002723,54.28878049979995,0.7615625079158954
-0.8456689767693403,-0.025707081148854505,-0.44374501338240785,0.457573480650997,47.285368152295675,0.748275658039851
0.5084419056776768,0.3068398381148222,-0.8961113362002253,0.4933004663921313,51.038993042462344,0.757406538959428
-0.051298225459809554,0.193037680172854,-0.7748020078022219,0.4718107463416486,54.35874388925123,0.7392693861923593
-0.04822657502808465,-0.18966249739785784,-0.16009505810270755,0.48521155948358785,54.81618360831898,0.7743042118096921
-0.8917925608125379,-0.6175860324866295,0.08048760907007789,0.5186184817861511,50.21387778054741,0.7700547008406318
-1.0467940967159857,0.18792257235475376,-1.1843669736140652,0.5727944749772105,46.94371737959115,0.7907229114098812
0.12626144262339314,0.2208069834970229,-2.150695142586881,0.5260410829734234,47.34289553127753,0.7880362723244371
0.9757592051959665,0.7236700672262872,-1.3346547167114533,0.5028386200072997,47.21068601771515,0.8110218322537399
0.5387826065863289,0.7108403874913171,-0.04510394922561439,0.5651062037783687,48.19195183062279,0.821877792859532
-0.6036964209479636,-0.03972733822299504,-1.1150663835181143,0.51678731846805,49.305927746165025,0.841935098368776
-0.5947250373203489,0.6269580075472985,-1.593417366479176,0.49768363756393585,45.45841792630954,0.8177050027541733
0.26793761926034143,-0.19399538476871286,-0.4824314752337396,0.5058630840715248,50.01392080972861,0.8310896370450935
0.6839064921655111,-1.5401233696691983,0.4619599000878294,0.5055673589739544,52.511981947210984,0.8772382854146106
-0.03795987228598596,-1.5931968234612823,0.5329303206316378,0.5548794247991204,46.21092342666603,0.864051237658598
0.05501308572390917,-0.08092852873085588,0.030613322039407642,0.5655203253610467,47.041604861850374,0.9114905958045988
0.36914675856450807,0.4065423926344156,0.2941101960811007,0.5406502186133808,50.390023752038395,0.904505394440301
0.5975503335573339,1.0549218207813982,-0.962310138051434,0.5148952890553438,46.45165273714026,0.9221352430041282
0.19869980822769684,1.0492989314253747,-0.6484777016377673,0.46522162235801123,47.116990952866104,0.948213846408418
-0.4487389640545725,-0.13695322278378552,0.5248611891355065,0.47091060934997897,48.872411807918624,0.9238057837638686
-0.29305169739891573,0.9167973898552941,0.3952492987984624,0.5383201891012972,52.32801262591178,0.9285102658916744
-0.8602633018830316,1.8281400193627846,2.2510272974300114,0.505495657206678,56.26295579065987,0.9674340517119764
-0.5154342905016054,2.088408668423493,0.9551939059849519,0.44909617838727456,50.9927817552402,0.9701902712785936
0.34756561593745783,1.6901171766669503,-0.14521922421112743,0.4905750274644794,47.827109012085586,0.966253393803574
0.20277700200945956,1.17196848828093,0.7534708839795188,0.49247885130432706,48.571587681280405,1.0078291593391189
-0.0443294044849992,0.8646206846113978,0.03514440944199876,0.46965203097720687,51.9736319238626,0.9857551138032014
-0.7538567075483773,0.7423417968154329,0.15646944463308515,0.48382139531179585,52.179463834139256,1.0006554727511157
-0.8461710059604239,0.17105730107702216,-0.19895577612591156,0.4696370056415343,50.111737925169486,1.0104244530166853
-0.30912809691554244,-0.6266508416910028,-0.46075871945314023,0.45601688328594137,50.32854693650782,1.0013081221020306
-0.49922927386061305,-0.35217337520576475,-0.08352878682608428,0.5078859755669897,49.36894458908816,1.0315517077897278
-0.40780007514717354,-0.0275944077306279,-0.5568417729010148,0.49969773642323667,48.372152007766424,1.06793520354797
0.19607878415396443,-0.25194936666234197,-0.34594915878510685,0.4423081943977949,44.674466201426895,1.0588993663075237
1.2205293868752933,0.18190850535492736,0.20489788524963543,0.4593847737218335,47.973944558496,1.0606212685279788
1.106507661167003,0.8867469713302678,-0.7350689698898966,0.5177734239035625,53.942568069393516,1.0667646543766869
0.29290470220617937,0.5833285277742812,-0.7516207983036468,0.5287439624485994,49.58176084500961,1.0866173405681272
0.16910763419023564,0.8450128010431044,0.4423458777893481,0.4989735071895748,53.58875181042389,1.104995332569784
-0.9183383725376077,0.23053663785687573,0.40004216142067306,0.505148481583999,55.74708058431902,1.1121847766177952
-0.8936575560960733,-0.6044862952841668,-0.04894823976427359,0.47326328197200995,48.417032163823535,1.1033627027635604
0.0965579528070198,-0.3914810614923694,-0.14640143597236902,0.48466491263510747,50.3484824793493,1.1264956318822024
1.3421507430573307,-1.2273478033625929,0.053690078026160326,0.5380364334983019,53.941109913391045,1.1395987948229658
1.2165699519793156,-0.9097051489560927,0.7622794834205286,0.5155790395581449,52.79286428625604,1.1198561002494605
0.136437363186538,-0.0367387575847569,1.3079803732484543,0.531284235824576,50.74050269618451,1.153364610823674
0.2159767570075369,0.7618982939841057,0.8778019292452742,0.5134725044597549,50.887440004749635,1.1167739222739528
-0.518421136685976,1.1387497274795837,0.28818231311755144,0.5166650757527956,51.304581253656465,1.1796506741964237
0.07106095170721527,-0.12949671927963685,0.4253554537781611,0.5488577791231147,51.57534353615658,1.1932068610912536
1.0320812831434276,0.482715558636516,0.7393213404722447,0.5123891988014331,47.47452608951331,1.204950922515729
0.8569006456905002,1.6058976555902422,0.3312287750399369,0.5081729755339558,45.007136765781325,1.1920990629566086
0.026955198232803013,0.9704720611839035,0.056152938688599885,0.5140481303922484,54.08203360815901,1.2161809367004806
0.33355117646238847,0.24728500102275863,0.31857788257615394,0.5451950029435111,53.25619658993682,1.2484790769108234
0.0880341687466768,-0.5229116320468417,-0.0856614642752058,0.5211026031586211,47.44836106451396,1.2582753929658252
-0.3192196435381783,-0.5952011336310048,0.057920824148851094,0.4716755090261251,48.25327431972036,1.2394165460154687
1.4776484970460106,0.42946463160927567,0.2164925090579683,0.5246430187713242,46.733002686562315,1.2527863926145912
0.6896665838635906,1.558433009638554,0.11285914341433244,0.5289605856270047,42.33935205494721,1.2822182228946886
-0.6879952975597251,1.786252300949003,0.0944529349277866,0.5257092995150943,44.80704936119038,1.2399839596947566
-0.142186656167501,0.6001062741150089,0.9419838834113876,0.5832265317265204,50.67454782479575,1.2735384851464595
-0.11006082214115531,-0.7307523696391438,1.3277095327752633,0.5508112883763016,51.126899112588745,1.3167114091107353
-0.9345034239349829,-0.41531269826395734,0.9735851983841488,0.5255024062220783,50.432202110345486,1.3195040108336953
-0.6477693131908103,-0.7391518273744301,0.253447990706134,0.5068479341187346,50.678214921648674,1.3173852755529982
-0.40287465823773716,-0.6474392567111937,-0.6253923215149467,0.5088251676626591,53.604662968225895,1.2898833518933877
-0.1996451340401007,0.16355096994734522,0.0803851187573949,0.5427960336024366,53.028093289107474,1.3290017953391768
-0.12749059801089047,-0.23047930105271913,0.9633863272779839,0.5358966174613586,49.042931130342986,1.3282016920750015
0.4113951854633478,-0.9534577045103351,1.222428784176128,0.5149146752674164,48.823380845776406,1.3566207780563444
0.48019545269519015,-0.4630675632649083,0.48277247306814586,0.4617045920808436,51.71410215071711,1.3438130663041026
-0.45508771163335804,0.06850538756398122,-0.36797979434598915,0.49056815475707793,55.95413102212605,1.349485532100508
0.3440123395026547,-0.7726812465495736,-0.8853741644825618,0.4806531205908827,52.94255273764176,1.3387026944463274
-0.10967426432842581,-1.9418900963329953,-0.966477991691295,0.46028101592269366,49.66696797168643,1.4144360936995342
-0.4019881094281367,-1.3701172939767219,0.3519067430026753,0.535538600651791,52.090368887279865,1.392004589771139
0.8677302222131145,0.9527114480254224,0.3152520045605425,0.5484127656112923,49.36873736571619,1.4131429156740507
-0.049026566086504686,1.7976703448511229,0.13756404501276034,0.5737347443271503,48.58103464173918,1.4199552376705162
-0.6095662176785075,0.6835682552495624,0.2759175797694834,0.5947079890014806,47.4054429780366,1.40865132134079
0.3248315930093775,-0.44759554517881533,0.11806359442138145,0.5297949224302076,42.9389222634864,1.414818701771036
0.6241408959149399,0.015911548178279944,-0.3601731493460169,0.5049929873685611,47.527120889402866,1.4298936974800551
-0.1235610603652535,-0.1816033042085281,-0.479239540498317,0.5202991387697016,50.997207758255,1.445536631223412
-1.1739860065129877,-0.2645226453098595,-1.4006044328993152,0.48020484444637423,50.593190720408,1.477332124940276
-0.29382507198243846,0.6182820505030788,-1.5362998386557285,0.45802209835448815,51.51528809404468,1.4640856467295875
0.5156103674593521,1.0814245495619472,-0.8556110769214073,0.4837004540202567,48.57573491616273,1.5249298126318924
0.38060080610690084,0.6488792091560731,-0.15880834142547728,0.45644787361757894,48.51448456660336,1.520543020717863
0.406047370521855,-0.06585244084811614,1.045489354955878,0.4717971922549784,47.879879388556304,1.526167190993314
-0.058496619157269364,-0.45419485895997286,0.6761849858070402,0.5166188679666627,51.47759400130124,1.517606821950537
-0.11487907904219608,-0.7652263238649726,1.0483418211460043,0.4737521429841941,51.17756936451907,1.5602856147144095
0.3723843146794492,-0.4389026394110079,0.3409054678920748,0.49022721998906527,47.21782325492471,1.5356398873775776
-0.10020344663117711,0.15879212804345866,0.45444135141169356,0.5500893453957405,48.00921810978709,1.549374771716915
0.68686236857492,0.7293957241372941,1.3953527920958342,0.5458028449920413,49.93188218344113,1.5633994907949855
1.281669334327057,0.14469533241548016,0.4037509476701118,0.519947281251155,51.716130688186084,1.584036460810867
-0.2461548735635864,0.4348191408050638,0.5058226372729212,0.529200432329941,49.00055891856166,1.5927381615800598
-0.15407973341950598,0.7014186526503993,0.0713109228181068,0.5544506049786944,51.96928917222489,1.580497494431108
-0.045054023648783026,-0.055037441977132194,-0.9083988333956724,0.5474925996845021,53.346680413302394,1.589340125611481
0.020926270188587448,-0.2925096440033121,-0.6591895406681758,0.5100147436683277,52.51243562834402,1.6227980591430418
1.0882796910890096,-1.4933742899391174,-0.511063915794817,0.5093876328197268,49.99269227068707,1.6343047316778248
0.2851110263249876,-0.6771739151582333,-0.7346904774135636,0.5600329146078447,45.19618675885898,1.622132977503543
0.18821609772650588,0.9039400005509016,0.14169730830763627,0.5383451282613837,47.924669468083565,1.608256238606431
0.8056625166536695,0.3218253608377176,0.5409063276443765,0.5610495547256693,50.6467439019961,1.6458536780798352
0.7357193283118129,-0.012529392069615647,0.10597467641668336,0.5629674670979399,51.95195864086122,1.6724705159765174
1.4784401524535968,0.3866758323679882,-0.04941640846371145,0.5114721182097444,52.55645136077227,1.7061083369283956
0.9454308107379759,-0.4275206176612716,-1.13561314477488,0.5079437109158325,51.51020099055458,1.6560408407531868
-0.37911896648468324,-0.9494447281600212,-0.7150513842307991,0.5128582657369475,47.65866376018843,1.6814685749433884
-0.7004673270129503,0.22953237712061106,-0.7605198235248993,0.4862578225778359,51.8742157239681,1.6922119287694923
-0.7307895910338653,-0.1325141587644187,-0.929508127621815,0.46716796596602317,55.52921504907172,1.73711610678863
-0.32386843464509646,-0.3822956954655702,-0.6571807611868021,0.4835634375298027,52.55923808871467,1.7193011699908274
0.2553274915290039,-0.43287004916620064,0.37113165961286576,0.5007409004541399,50.88676183857628,1.7118534688125546
0.43293854218412486,-0.3458621870063046,1.5113279382581615,0.5530480741071886,49.91996713110222,1.7511739056584363
0.6766689755768742,0.31517981118310356,0.5709242324200274,0.565957729344357,48.76023236067002,1.741907229599181
0.5455393181338775,-0.7250292509599668,0.7474536083015305,0.48194802019177385,49.127525163606435,1.735512254532841
0.8594295284775834,-0.1242669955561918,0.2717761220744521,0.5169925660937189,51.50184982428431,1.752144533854477
0.7213149622027112,0.3165749610239857,-0.08798012927630605,0.5838090078873248,50.45180445130464,1.8146808390884523
1.3553473032019216,-0.670349097685343,0.43544047445744827,0.5134877473084147,53.093822700425065,1.7976841844329894
1.801224189986462,-0.20219687364439956,0.2960682239307665,0.5101769060242785,49.946643625366036,1.802155201109051
0.01327562476657057,0.7778198566035961,0.8326971552663233,0.5341370893557826,46.49762718633939,1.8050021252837591
-0.8342895018634293,0.17019618552537363,1.0672905641309192,0.5136806327138318,50.7294366299376,1.825842976842376
-0.16375971975063613,-0.37271072723855075,0.5758330436315765,0.5143667630914283,57.693367605667056,1.83560471892005
0.2606699329000539,0.3501802694423817,-0.6174993277309431,0.5159941330813216,56.211999029127035,1.8458433765641469
0.3771487686075666,0.6664649851764154,-1.241526908641657,0.5010801258371309,52.45143360040059,1.852296901805555
0.7262137698403237,0.5408493496761889,-0.4750802591838412,0.4992529138903734,52.536358725238685,1.8773759667661112
0.33351386274890066,0.011354463529403197,0.0519864737357459,0.4736881407207445,55.92128038015019,1.8704620869200148
-0.3257870122890149,-0.4900895874071218,-0.45140352366182424,0.4946339901266181,51.82780285021386,1.8604412232889471
-1.0460813720204514,-0.26293188931582584,0.7081060251305904,0.5452262175396297,47.215889437827094,1.8777515421819828
-0.8452271927367002,-0.384634447957822,2.0317623132358684,0.5545953549427662,47.52723148416567,1.860419626130206
0.34111061305102763,-1.8878097942018655,1.1273405337844293,0.5606039596023505,41.03139790898108,1.950536342320848
0.6721297574326994,-1.1328885491037806,0.40551933494104475,0.5559833342074249,45.84606108851136,1.9372550918390536
-0.3782242328019715,0.7803259502130682,-0.0012869120642431398,0.5223100246927332,52.4683824680524,1.9133985900974153
-0.3979658456584231,-0.6188483326102375,-0.5129071745757037,0.5353360753097531,51.01978295373294,1.934363103012058
0.41827702984504866,-1.5751092684818566,-0.3677050322241669,0.5148592335257391,50.4127012010955,1.9372624705158712
-0.10952735489804943,-0.08349408318189094,0.23748786599985588,0.47149381160875936,58.87769009345975,1.9908509442274824
-0.22460869550664458,1.4506908410553745,-0.42177528285885785,0.48146970757583846,58.504885436311135,1.941602456714581
0.24713917809998115,1.152082401416927,-0.3832059461662548,0.5311308528737451,52.041595717088775,1.9822895211763756
-0.40049372750503504,-0.24009496702704197,0.16040221530371265,0.57894852676944,51.07076947596325,1.9878294431487031
-0.249989610270834,-0.3413682043907185,-0.9602323741159018,0.564272715473694,50.54068797327017,2.0165367726141823
0.6026025981116541,0.7106433128243885,-1.3124379569517488,0.5676442085070988,51.57566379749642,2.0079198154455065
0.9659493358082103,0.47968128084098843,-0.5649795465823457,0.5336224672772862,49.81843411590118,1.9848358224668912
1.213172894924604,-0.6067810950317832,0.8094141856190299,0.5156820579001276,54.96841259687163,2.0249776433071514
-0.016472614358520654,-0.5245989295340843,1.2948509127382608,0.53467772600746,58.94481917448739,2.0205567556411337
-1.0115713640504744,-0.6010953933118663,-0.3163763023402503,0.5472778598646703,54.746587425315255,2.051591590931131
-0.06450425018453959,-0.2978166371970049,-0.3512773217567812,0.5476695740170563,46.05024314032508,2.0886835407304067
0.6620160415121855,0.991758733193579,-0.4568311335344886,0.5170169084662932,44.81300142652617,2.0352114951153544
0.6627370473439389,1.0925350487806431,-0.15814635315824066,0.5335631865007349,57.33824814022938,2.063995545292002
2.332924613498254,0.1545909055091667,0.38030071354353245,0.5652339471473795,57.671264994592136,2.0789461409243297
2.361560821974873,-0.15228252848017237,-0.20750550962806005,0.5351455635687965,53.67888797654417,2.092367378091736
1.0036926930208714,-0.8071293447389096,0.691312538193504,0.5118574018618183,57.86754611085553,2.1248025132821047
1.1959631157039485,-0.21909698468111072,0.09490624641249401,0.5022479751485588,55.66405993319192,2.1165291116487723
0.9545907175496073,0.5241516581872642,-1.2661937717735672,0.4414663007516566,49.96179781147063,2.1383160545144086
0.3206700097658927,-0.0070713501551806016,-0.9140542525129148,0.47308176663465307,43.333255155204064,2.1274845391253647
0.3751737906426867,1.6289728693000982,0.30405166369476877,0.5508988852349542,47.15536521922742,2.1545984869083585
0.14711060197713294,1.8691611173047016,-0.16346431272912032,0.552582023933391,51.21390400445637,2.1755559526175543
-0.3500685153564458,-0.10271635463887344,-2.0983741391525337,0.4887633063397778,49.951020075483804,2.1553540090052583
-0.20562288571915224,-0.4646997698980407,-1.563923132477082,0.4735833596173098,48.870507196399856,2.1956271623961303
-0.04556171637292725,0.4859904467743763,0.12838246467519238,0.4670066678165038,47.77418517833571,2.191047455374551
1.3551641371614382,0.7563762871724776,0.9544501668906361,0.510163390516382,50.99018162739235,2.220909204809645
0.38130926745546223,-0.5364137195581357,0.44735648403400613,0.5386136792213189,52.3319073940092,2.2059716019984603
-0.4321751244109761,-0.13286262051296882,-0.3581302962518801,0.5358992010230734,49.46770225120612,2.227624893103242
-0.30418566742686853,0.252776162902665,0.45075815006022274,0.5868402659247411,51.79564363332935,2.2291878753664296
-0.8825668992257827,0.7303824207502836,-0.2780419980879567,0.5330833761314541,53.097610102711045,2.2380757547591887
0.46898113113578543,1.6050503334035522,-1.0488953546658053,0.4812599705142686,45.926307042505144,2.255178608564514
0.7378018698612929,0.4453123344918515,-0.018455161714036522,0.5126769439939405,47.15313341725701,2.2707361493844984
-0.34483102130398385,0.5463683195285312,0.40077198466151487,0.5200314261026692,51.43239330378687,2.24500870176152
-0.73390808919864,0.8045288596480558,0.051014091245074444,0.5139772460035779,52.11357339945552,2.3086726721763577
0.14547797051641026,0.5909793533680565,-0.15601736540299235,0.5231576164195935,55.44011409893266,2.252806739189004
0.13866130557088535,0.7999898437780397,-1.144920297372516,0.47620949926060935,54.454666386994205,2.2863037578052223
-0.09219347782240583,-0.049003484252059304,-1.4909076112508313,0.43266144780928273,50.75743427969017,2.308114618584702
0.29649055427112875,-0.6125729720315802,-0.019632180125573273,0.4830004736399004,48.59774338127768,2.328247119381719
-0.13682411803970784,0.32615760128088467,-0.18129759294445918,0.524866189716358,50.95532416224995,2.3615234505548277
0.9130768029541074,0.48111668841279276,-0.37820244028536454,0.5055147973377516,54.18120573835853,2.3028341702354975
1.556551284199081,-0.2351161149723388,0.3367382253848539,0.5370932962299738,51.086900625733975,2.339846117432206
-0.5272772575093261,-0.5447179015672974,0.13632891230270242,0.5803995578252501,45.871589194705656,2.3174633302440144
-0.7502948150005586,-0.13052230012312105,-0.0015180544588314637,0.5563323030704721,50.53983696340937,2.370632439478205
-0.06790195777288974,1.3788732861995754,-0.3112523385307254,0.5186242377385263,52.239471748763485,2.3854336716900004
0.26580234852356777,0.633879133302156,-0.49943246573550454,0.5380843908570305,47.157394200532096,2.421815914843425
0.20115000797447075,-0.3847017609565901,0.2873992998429425,0.5128189285438995,51.12960335219283,2.402412695217869
-0.2817200838740314,0.8557468109047084,0.4695488183167125,0.5060371383413568,49.62355151690597,2.4308805025888476
0.3677487211156068,0.8043882239719192,-0.12846750311833682,0.5539006361360119,45.0010637564137,2.431676741630781
0.8587093352171762,0.325035681415519,-0.09448838331562776,0.565470524234372,42.68973758403435,2.4212950360598966
0.0067822884821189255,-0.1657685500086158,0.5564395449261788,0.5033975166328684,48.233152374761886,2.411820785064159
-0.5926311302403565,-0.17722906250321097,-0.5802818983664271,0.46750083893381594,52.187203682528335,2.4555000459658363
-0.22924078600988718,0.26096740609440194,-0.35769236306525765,0.49410603443240275,57.710034494278176,2.430157959657093
-0.3879399880932096,0.5402506923569564,0.4995083050244751,0.5157800492944685,56.59426040484739,2.495904141453393
0.7329745839108762,1.228087687668054,0.133073637308171,0.5498982043658667,46.97960557792236,2.4767587579592636
1.2628448519612694,2.030576347863877,0.9001818666128507,0.5849617499483977,48.05915877911663,2.5139035482302283
-0.2496094490637425,1.7272717457147366,0.001957449519032206,0.5607119577016082,50.977770938365744,2.490395711317352
0.007545465266227125,0.5959599200229604,-0.9510291153758255,0.5109978443143401,51.222892979946565,2.51537701572802
1.699780337223126,0.40390732123128803,-0.4091092165569152,0.5522567410521225,52.15303483993722,2.5241869771466936
1.7577967902543705,0.06499785356130815,-0.44590807776382635,0.5722534362297224,50.88922017475945,2.529099117639782
-0.06225149494589355,0.13761946152993315,0.5661919562339599,0.575345882794065,45.91155830642481,2.531346809732068
-0.8198863653715334,0.16707373989221003,0.5300400680243074,0.575292618662665,43.86964039570427,2.5578491203694105
0.5739689884818441,0.0826341433226191,-0.6148442114960004,0.5148163746717458,41.77183223485082,2.541476734730336
0.46296608838863873,0.8897054532225612,-0.08390625063958612,0.47441292498366655,44.979344497516536,2.545811293420819
0.05213502415150084,0.30277551947438097,-0.40685022579266766,0.464695993481637,49.79297709920707,2.6048565378665365
0.794001579958619,0.2144878692613712,-0.7065276993307583,0.5147184574766559,49.51670504201735,2.604543359777842
0.1093414263795226,1.376888522597572,0.05363109247390346,0.5833641435369161,53.3848182787989,2.601317832172045
-0.3070234820829866,0.7484868155639572,0.08539864430230945,0.6131898604592257,58.04063433435779,2.6433028476508755
-1.463477120045422,-0.9704263305838253,-0.1196640176312226,0.6046955324467433,54.10226033560922,2.614644689625503
-1.9451934663986075,-1.2147312236090546,-0.21754247352262276,0.5876754026070703,46.55452999143957,2.6564540643997794
-0.45012907577759204,0.4952653362022447,-0.9277268005215024,0.5522403202392592,45.98192265274379,2.6435114816985164
-0.5611120498098127,0.7883141356264673,-0.501906740486168,0.4944019196388999,48.97431991376164,2.629504984998472
0.3820924741356444,-0.35926241677509513,1.1331523480693657,0.5302972705222927,48.75539324103472,2.696960803835417
0.2916281724208122,-0.5996440092133153,0.9819139559329951,0.569792644003486,48.51779742891235,2.6898142169324815
-0.7438849266104379,0.32088895721286415,0.21743687687467894,0.5513697293081814,48.53412555812607,2.6775795793798087
0.0372708472959834,0.84721503895411,0.5549548371829193,0.550754956774633,49.31921674095788,2.704543425190679
0.9786445314605923,0.30801081314343365,-0.19198507157267536,0.5562914437341777,49.3711691960616,2.691925931320042
0.19605796351088622,-0.14819633983815228,0.3132682780752274,0.5788455374713039,50.865477470200574,2.726582980701191
0.057717991338367636,-0.2240375277487686,1.0494553227015075,0.6032834992868845,53.36239996983221,2.672178428694321
0.7814803937209402,-0.5012585770642286,1.0144838413227888,0.584936545855666,50.57212894314259,2.709603973326108
-0.2901410115974557,0.5028801792188505,0.5471603434909229,0.5738499373059271,52.85601843122862,2.7595851948857395
-0.06349100869255453,0.8034968738888794,0.6406202533668106,0.5732389515646498,52.6896233574139,2.7450068892356216
0.5275079609012152,0.6049601265933543,1.3950718962877264,0.540707595706323,45.47460647068857,2.7641508458977753
-0.002937418526758079,1.5273502241866974,0.7629183760765228,0.5469131080251439,48.883855366533325,2.7430642867576913
-0.06685142753542433,1.4184982498743768,0.4927102543772349,0.5237229338611397,50.89198452786641,2.816957339914042
0.04131500889615225,0.4426019045805743,0.0922833005553607,0.5312990650523202,50.750415989177846,2.8138105928743538
0.06388743530982616,0.14588333770134632,0.5758943007572526,0.5364413275362626,46.791912785292965,2.7959862956324937
0.5883243672842889,0.35016752789135985,0.7706959428600304,0.5173820801553457,49.47697192493776,2.8019060828627333
1.3252888990144,-0.30297661061556147,-0.8127473400289522,0.5262592639454545,57.17402491062068,2.840592087228394
0.37603060862351156,-0.12812732953285438,-1.4411631076649472,0.5330918656090587,49.9488416468361,2.8696494090033786
0.6502536841620282,-0.26522445772124414,-0.5501937338262151,0.5535155431781269,44.57831327994998,2.859075205116227
0.2938323300972612,0.1670074326751837,0.16375638675159332,0.49995487890379475,52.517317375931896,2.893436053347932
-0.8478621084656044,0.5247905166323359,0.22874241653954866,0.5114634595840664,54.37795838963331,2.8415529734187617
0.4230551908209941,0.03210248736442112,0.6835857179951323,0.5370272983739437,48.118979470388524,2.8536122633900245
0.6401584684893613,0.40662690881313623,-0.2633135714327024,0.5486814348754279,44.3044469565908,2.856221177638933
0.035364901619835604,0.1771664310511254,-0.8006475999354242,0.5633055557712177,45.52011152724907,2.8988352129929895
-0.20847736114325893,0.3294412330421391,-0.7337288824681594,0.5513053716421963,50.62309068836348,2.9035120709960873
-0.14291327227931913,0.22201372860936303,-0.4253093048371256,0.5274759648050676,53.29591690712168,2.9069609775305603
-0.33281972928972803,0.3648873136267952,0.4368083487769799,0.5030000936412945,50.374667836580464,2.9361851725624657
0.33919658283326015,-0.07007886115886941,0.26711458518848435,0.5156163108707595,44.79236607688582,2.9546465721042936
0.813101500570949,-0.44196588308783813,-0.1172401397438676,0.5519101379191194,49.42461669711879,2.909486751814263
0.04256045071316869,1.201060293591126,0.31304473821447854,0.6054534902733955,55.74930681861858,2.9380605594419777
0.3145674417303297,0.6382766785415801,1.2662059486803168,0.5640495937303716,50.70116731671327,2.976402871882461
0.8153867960820208,-0.6694884692235405,0.9186030324989148,0.5491793294082883,50.895275317225554,2.9606452263228284
0.7727327140679349,0.08820295493515184,0.3333394751792985,0.5152096470153295,54.92415876156791,2.964035878472837
0.9346121708744957,0.517438168193824,0.33185336446245045,0.45857666762819205,54.95703485633577,3.010370748553008
0.11439840227703879,0.43637113002759365,0.04352310204202603,0.4889921009232771,54.69477731165526,2.9742099986055206
-0.4797917425001928,0.5917456411580739,0.18172968704634568,0.48517707797117815,45.666717133079366,3.003968403844178
0.30906736180553357,0.7343631628286267,1.3602738163435104,0.46969978888776986,45.4694975439139,3.0265728805160963
0.8950578109038101,1.045191355759354,1.468158664964277,0.5139804381838449,54.432699847142544,3.018523601721798
0.5116750076431644,0.9333117869691727,0.27897438104014144,0.5483614147419497,52.585401218053946,3.0556631131202634
0.2658683628638823,0.25840487570823745,-0.07526484217137061,0.5476645361352444,48.97227721193773,3.038622460496053
0.9158664040232282,0.39035423487179427,-0.3566769810054601,0.5704210049880905,50.77345646360016,3.0881723898689186
0.5621318142339815,1.4614958666551208,-0.250833085912644,0.567719254133888,44.501732149028186,3.0674850740500847
0.19756285320784742,1.0594639798889158,0.621396790539479,0.5670444756412214,49.12758280932992,3.0934254027341073
0.39296701769187464,-0.3771698028675653,-0.5993491366729113,0.5588087029124631,54.130076272088786,3.1049204790596563
0.01129252177630485,0.24325924199365534,-1.405185366918833,0.5128327480576721,51.22319387750768,3.0874491999451186
0.6624920702699063,0.6709051493786244,-0.6114892473831047,0.5411593689908606,53.267028199710694,3.068930269026882
1.1847556426605907,-0.9683981212454327,-0.1806698008558063,0.5562493596355879,55.153885222257685,3.1272151150932768
1.0428368309503742,-0.4839248636669753,-0.6434814220517957,0.5065570569026192,56.392926331529,3.1314457669424973
1.2835828563165832,0.33531765338952896,-0.2982047856637611,0.5169798725836492,52.66871597465876,3.151116520551503
0.8880447554157027,-0.13308798931131482,0.43262788465742724,0.5176924663269089,49.42693590012095,3.1454694505523433
0.5769966337690794,0.3011381059766013,0.14136135213360543,0.5118476129288949,52.01602129520933,3.151391446023986
0.4120761309390313,0.4422264240446624,-0.3619138042743024,0.5434121932070064,49.57335372945158,3.210169460219634
0.23389761781882973,0.6315340043561223,0.2599317230647686,0.5626994554945073,49.20060098951656,3.1505529187697845
0.3246742652147747,0.31911281620811494,1.4658884278296274,0.5317953150513917,51.143740333346514,3.204679009567285
0.21180386774997206,0.221511643753084,0.7001115208396068,0.5110370965031317,52.66687140037898,3.1885079628363324
0.5751687039353305,0.3100533272724945,-0.43331809614042155,0.5604841325396405,55.82488009875349,3.2032844276451917
0.11827517610529453,0.42347750565465214,0.05442387663037476,0.5852297290633195,54.311628326317745,3.213657943348521
0.8676050975126273,0.8615064234795848,0.1818500434758217,0.6103909891843888,54.1204994670534,3.2139313145165747
0.7744215446625718,0.02495366903998314,-0.13309499142026385,0.6276271498411903,48.13639527240623,3.251424484204725
-0.8781516032909651,0.2608328221474201,0.4161036724570946,0.6045008098280871,45.78674829218669,3.277812871918999
0.20462732049197924,0.4611422876391412,-0.4685183728234051,0.5404438509797657,51.855812336898225,3.2694002732249334
1.2082677701503726,0.32275196571864506,-0.1788363881178765,0.5310759923132147,54.43142275161677,3.272067639924242
0.9419870382094756,0.7749491820027868,0.8125393159419703,0.5645879952887988,55.71007213368309,3.2602711900180155
0.8610432421432068,1.290583958286223,-0.052001020623924796,0.5318599006661189,56.308766960707004,3.3003365053164893
0.5435747434767312,0.9957791474260742,-0.13260096175779024,0.5375309134784667,50.94668543351676,3.3431269926345863
-0.21851040061526517,-0.0973992520041384,0.05471768617508885,0.5750787061888218,47.95548664445285,3.3023861075240983
-0.17376993881188538,0.005195773264368805,-0.7659084902951196,0.5835420717072258,50.63668281034818,3.312480328412963
-0.06300881254196608,0.028836116932777253,0.0007033440627685072,0.5380928975649991,46.8488809524801,3.31877821738038
0.38736357135310573,0.439088707874116,0.8873242100620701,0.5442765398863212,50.78234015306006,3.3302117153101114
0.6531305326411515,-0.21690486790059277,0.36171355970066943,0.5504416556245855,57.67896512183481,3.295094008926553
-0.24646313618092053,-1.1431451914183473,0.8171830269939112,0.5374402200154891,56.570094863230125,3.3681007077171143
-0.3329125699732885,-0.8683195109632025,0.08545813113160317,0.5459391161370717,51.52136613309389,3.3530889564729076
0.28701655184383873,0.1342473316232099,-0.1532234064962743,0.5351933411261857,51.57234050419045,3.347794737624164
0.16656199255140736,1.5240273157302164,0.22389467497600873,0.5620761264457386,61.10974559661334,3.405063798994651
-0.4502991360865612,0.9972207475011404,0.4109015112081711,0.5416858990003437,54.70328477011249,3.3783596442991612
-0.04587845765555834,0.05807503664161985,-0.5185342553766503,0.5713026607378661,51.06018994263313,3.403226618922325
0.4884298219650781,0.14589756449339378,-0.991109394964002,0.551923311257513,54.372308655625254,3.4493288478237716
0.1138294248166164,0.8118194144189419,-0.22854861453870537,0.4884947015758302,48.589867510575814,3.40181568403951
-0.24345821726384703,0.31368860279351163,0.03748740904053657,0.543420109813348,49.826450541317854,3.4093480353080445
0.12675313538359528,-0.14749422011674362,0.5742772287581481,0.5731126153122139,55.778691136862435,3.455386123791247
-0.3610550862728459,0.8043529988962057,0.0046902041715869425,0.5614883843059897,53.05081278839123,3.4829897472802074
-1.1800971458568825,0.9362874295251833,-0.5860614234590062,0.5455887218266802,53.88874403976651,3.438513165645361
-0.8145622894513791,0.5440512599597875,-0.28722376218512824,0.5585073262307751,51.23179986729623,3.4881537947367436
-0.2168391818359658,0.794599058299883,-0.3791005456131809,0.5543083161259836,44.58726616336465,3.501619990799234
0.2985515078723138,-0.6512360594726598,0.09758138453307691,0.5790170546977778,49.10281613214012,3.4588167903261535
1.1436679884860728,-0.8122496089643292,0.3616562961084876,0.6059204787466217,52.910317656025505,3.5259700267581446
1.4177588135711394,0.21290053299802497,-1.5124722631368668,0.5930545153300018,50.784538408823956,3.5375321175968435
0.6008262363977093,-1.0407817381692097,-1.5149222930825172,0.548059828646563,52.75220926665359,3.52376428853488
0.1632031171284145,-0.4575707598165601,-0.5803426957021529,0.5243974685178915,55.878026736084315,3.56504692724596
-0.257377503925717,1.1451467982195946,-1.2082121769801928,0.5411826971407462,56.00653628632023,3.572729111486497
-0.25641117168750827,0.8213930781697059,-1.3072961875279634,0.518170332615264,54.378607375230274,3.562062358514344
0.10123898745438631,0.6115729162161438,-0.43659664573947604,0.5348290451885376,53.746858330671685,3.5609710921935016
0.27256963190268535,1.48700813955076,0.8467944856374554,0.5466708948928907,52.94772162430796,3.560543442148341
0.003998275869652401,1.6685999297677618,0.9490398847949901,0.5541948452971144,56.58296564240919,3.589248729812676
0.10302704910425314,1.6830149024855827,-0.018174825295465602,0.5410241594258632,55.6728749375098,3.611395178394084
1.2837267736647628,1.3971932582559528,0.0535424334989254,0.5677580382572648,55.80871974876969,3.603516462779187
0.9703882385988072,0.6154996500475002,0.12760637063882901,0.5722474701214335,57.934452004628774,3.5760499798947594
0.4055894394300484,-0.5559751644105827,-0.44728851338656495,0.5348969724870106,49.23957916989173,3.6553742778915312
0.8057563057970928,-0.716151390899906,-0.7945672942520315,0.5772447309681257,52.5797056412203,3.643804464436898
0.40500500508776327,-0.33621994558297,-1.322824114904789,0.5576391210397239,56.34038429896015,3.6424075100664632
0.17269404642047465,0.8728544942573585,-0.94024723592649,0.5592973136224578,55.05514413151984,3.677143167768466
0.3803152790373495,1.2071067227257335,0.015051310550965147,0.5429766936890621,57.80717841971952,3.700492771929655
0.3178218836896164,0.183809604395517,0.16205872696477255,0.5581108793394142,56.53140502196208,3.6239617686102426
-0.07426441234595493,0.5480670356583666,-0.12459408382744296,0.5893371601651805,51.99831107640415,3.6986852729984414
-0.11013257820784014,0.5088376924787981,-0.548797881026859,0.5382668917430063,53.5998535980453,3.671467015783793
0.5260862556256772,1.0811923617003882,-0.036333923069165774,0.5305765750647884,55.08949244154442,3.7199822101359783
1.2401177686767861,0.7486382946733829,-0.221669454552538,0.5658528012554402,54.37200150672294,3.722558544047492
1.471468832379724,-0.0010116608969248375,-0.13742119533175495,0.5588639225264769,48.99293426643839,3.742714530528811
1.8232030535210408,-0.06035043585227551,0.020393653319704774,0.5200499578127014,48.40289197527257,3.7300150477101073
0.9606086553174719,-0.8170935820548022,-0.7434805241370207,0.5292658844259808,52.19790180971924,3.712535197763617
0.32089254120509203,-0.7511709976319734,-0.9754072118399673,0.5187187330989129,55.22086957297152,3.7509926361748662
0.796952121801352,-0.10910630351937906,-0.8495332684647383,0.5699137049936636,58.38220046838744,3.778136952702796
1.4564080663329082,-0.017301033298918855,0.37187295422361927,0.5853208522891566,54.85571870289495,3.8003078465735047
0.961302717069216,-0.3444212876851934,0.8807454700299455,0.5607406335017332,54.52092327937835,3.7665633739905497
-0.5527448743469487,-0.8323570702360329,0.8826576949465033,0.5802802096299075,51.43232474539391,3.8205412085374606
-0.4475772581083247,-0.5271275295870048,0.8862723218330226,0.53501939796996,54.281839451169084,3.79704255420707
-1.0889494028897808,-0.5757571477401415,-0.1544162503046499,0.5297767374050593,61.76351559223373,3.827248997631891
-1.051415794725091,-0.15360454255454536,-0.5805247372938668,0.5741331174064891,58.69480560511474,3.819802120942688
-0.3683194670639771,0.6405473579546548,-0.4184319894458839,0.5697184110162615,57.699536443337166,3.843643412554242
-0.029530266702433444,-0.4676845365961643,0.4126074728789446,0.5800891244363804,55.30153013311588,3.8678375526914057
0.5216288482460545,-0.6629371145619002,0.20467011236604993,0.6104765018896965,49.33988525894993,3.835459718454229
1.385232170898953,-0.309667730598279,-0.01341109681738517,0.6037645088664909,50.87221559028416,3.856401882065064
1.6902808983864577,0.005095900162690348,1.0318175595916848,0.5668781639967313,53.95950006459695,3.8836992517468416
0.46445844723037255,1.0519711629960018,1.5001362138967027,0.5170521906923478,52.87936945249743,3.9380316732206073
-0.4592460112537722,-0.04463049001001318,0.8491733806690991,0.5133468791217146,53.14358529532949,3.8827362057566632
0.07588019861374151,-0.6567708364214295,0.29088175774266617,0.5453919230895317,54.901673666451416,3.9508026777199383
-0.13431427293934128,0.20132083764456996,1.6369083704683658,0.5745192403185222,51.06863421513316,3.960088466073503
0.5361703205176421,0.48004967332254167,0.9722838503529663,0.5154668909394549,51.60679101640953,3.928053776985968
1.786721780671666,0.667286222251154,-0.9357047935411053,0.5017623523174641,56.26852652377156,3.934036949476002
0.637119367975196,-0.043796644817041014,-1.5665315738866092,0.5601468273261668,55.40736523694883,3.9361586960267063
-0.8084531606478269,-0.3093500897427472,-0.4422980375482341,0.5535540102151837,56.13731285162986,3.9586359493933463
0.10378564877029117,-0.3308065152486347,-0.4435107264821145,0.5820265848141128,52.67227803674209,3.941865611348809
0.9037977869724803,0.367295858910421,-0.9856688692402119,0.5996526523348853,50.96768179674808,3.978475219653588
0.8464845521595641,0.776536448674584,0.17492022645009012,0.6002685633181226,51.09263747732912,4.0199376054770175
0.10725544167174883,1.189700059278236,0.45402491947553814,0.5844680077097069,47.14470598924736,3.9877782987504657
-0.8106254295088091,1.149285665061402,0.4484481561896736,0.5752931065769695,48.50022863372541,4.005185513920218
-0.01007495396947461,-0.15494122424388557,0.46736271381667327,0.6217117387055251,48.937429533203115,3.985977190514656
0.3138176506728422,-0.8808961766165413,0.8944305865228135,0.6312100968812804,49.15191503352534,4.037481241762621
0.08687786135718815,-1.4276907942628347,0.30748486639451766,0.563172856438986,50.97883767851357,4.045289633699028
0.37552732693162577,-1.462329732432719,-0.6700882113499151,0.5241815775252219,54.448861404025465,4.0512740471953155
0.06746464426300969,-0.4266247317725572,-0.5799023454743989,0.5429989589813071,54.18848754686978,4.055663458995558
-0.3144352681383271,0.6203775883716022,0.17404852782770153,0.5617151835533867,48.138685026947925,4.064144841624551
0.28023755869197886,-0.30320925112375885,1.010934942802175,0.5876460993216068,51.79890020278068,4.090038004674014
0.6093615145150595,-0.10948076867422063,0.8218090946716536,0.5545853783506671,53.677387098497654,4.089423667968227
0.9057359339866142,0.44015589352657386,0.9637140320606155,0.539265461579839,50.687564377328776,4.106299437431106
0.08691026732136442,0.06660507950773835,0.14943833685470065,0.5098825543831909,53.90377894154875,4.1142996563490914
-1.0352394608078321,1.1148177565036177,0.3916609573268348,0.5443781759369266,54.55675401814787,4.142468545741916
0.16663479234341627,1.4904127454700564,1.742658100012684,0.5822099624805245,56.18300958243037,4.143539881947501
1.1005636799840826,0.5506089444158756,1.2772144410015187,0.5477008950882014,56.88863935773591,4.143857236863004
0.0881967970396105,-0.34283498919808664,1.406851982672449,0.5529119675120291,52.007064502520045,4.180368440613044
0.6983305750941353,-1.2839055288833754,0.21108677835221834,0.580309017647864,56.263110041847895,4.168405370581131
1.1311259568019008,-1.1973142387704943,-0.9416793460231078,0.5172555587192429,58.90936561226684,4.196099253775809
0.9459133573556121,-0.2263998204932417,-0.48066207438366726,0.4883325700423717,53.10175757356451,4.192138852167733
0.9225500771972965,-0.35984108742117615,0.14265905376785992,0.5567677213964757,55.032885435688456,4.153161618421369
1.363990243889436,-0.3193326145270338,-0.014402187550707102,0.5459850295214431,56.03201132989798,4.226096695266387
2.208616220689043,0.21325492755438968,0.003963123380893607,0.5919291213563882,54.62741621743797,4.212703524826853
1.0544749802915723,0.16702725722295025,1.2146589633218527,0.5812297538313979,60.2413968119451,4.2189609045819845
0.663304830830207,-0.19582813764171625,1.1838702368366394,0.5575119538780104,58.56267072178977,4.235626966949792
1.111189676145377,0.0014990262721343295,0.6408350748105629,0.5887444693236688,51.54495645307515,4.233100336760859
1.3104347757174328,0.5480424784950162,-0.20034564754028164,0.6011305054627769,52.53135426657452,4.254540577207779
0.5059998669178661,-0.08091255918332318,-0.7652892442921848,0.575687417882299,56.0116943034012,4.248162478673138
0.16542461443397083,0.4041551429315548,0.3538142769480528,0.5259681733474291,51.96106091072463,4.295485445174688
1.1778133844318766,0.9006324525372944,1.1672716601049309,0.5701926074104136,44.37552930591137,4.27772823772758
-0.04386729249584098,0.20516291116303065,0.5233098459093551,0.5992928218533722,46.681224167667594,4.282348323145551
-1.1639939959704633,0.6091360259598875,-0.07496203078472666,0.53341059975613,47.51745446154123,4.281501483685615
-1.3035255453558972,0.716891117145662,-1.0679988095101134,0.5094379009429074,47.93031223210809,4.315375515782973
-0.8458849099622292,0.8399240595004536,-1.394112847827858,0.5578638602126398,53.27851683291013,4.323742142002502
0.5332171030988616,0.8674499134960623,0.574858030439222,0.5924335503694982,52.12087100567416,4.33776849227355
1.4198138426522142,0.08523474624566821,0.47041385242173783,0.5659361769500846,47.304703286228175,4.319454962249897
1.0988049012471799,0.12299626327425436,-0.39019838239605387,0.4722786309226082,49.71206631222779,4.317976376023769
1.162648944267871,-0.14207631603941012,0.7541087878443082,0.5024829361524699,55.44263942854967,4.372511826050132
0.4362656212335969,-0.26797638872775187,0.03226494137415126,0.5449742779059058,51.03901089080036,4.39969283723753
-1.229018574946567,0.287843556636796,-0.3787444096913767,0.48160318756603154,50.94038113785798,4.359472927552202
-0.5660268990043713,0.13007711213871198,0.7180320912066268,0.4414460159466393,57.22822820632592,4.421788825671234
0.47841184142591897,0.0829951887679245,0.6322839129112401,0.512371966661255,57.57000792878313,4.405678221174728
0.4905531131102411,-0.7532990683181776,1.5978850701308265,0.5865385103025945,58.58009091944713,4.409858741908984
-0.7344858650962915,-0.9628209294427454,0.7576931778796333,0.5606905385364566,61.70706093853519,4.412049026069084
-0.7619837145225798,0.025097880903078768,-0.14678668687028185,0.5923436706070133,57.77777824263893,4.4023096396115
-0.37978261847200884,0.3799603677987071,0.6014694720121133,0.6140611564570082,52.55382034401512,4.459754570318492
0.0003284719824639959,-0.1797278162083818,0.45842268263004105,0.619886007707599,52.4101023452733,4.434487872771248
0.8365771415663741,0.3737697452517159,0.7658345253194259,0.5692774630844591,52.14826346979878,4.444403866485248
0.032515770270736544,0.455091728633892,0.013653747487619605,0.528149155674174,57.028690904840204,4.4898385261977385
-0.407002015162975,0.30753824549135744,-0.09214423399080354,0.5226926673612604,53.6683605459546,4.442340331066566
-0.46595408666071386,0.9547946875608977,-0.6541594629934191,0.5179648339203347,47.690700939280475,4.459528043786637
-0.23964538034589375,0.14752426940207533,-0.4666765107958627,0.55231023120648,54.50333745319915,4.4996373151298386
0.7682473371322605,0.8221543717974363,0.6117108460400733,0.5738530896910554,59.2132008636989,4.515865688580097
0.3074386588841339,0.5490214478675453,0.6297745782174573,0.5813505423203816,54.8695673682254,4.529694692959379
0.0826055526754963,0.12151492539423758,1.0101119059072992,0.5814133391024146,54.46262906660256,4.523964030132075
0.31105456294010714,1.2191963373204144,0.8749491398321332,0.5980032046589514,56.23064575270593,4.590607393372834
-0.33669031466692784,0.42488098300353855,0.4202920853292258,0.636434202393144,57.85247523523719,4.545442148824683
-0.12436188917492705,0.621394311040661,-0.2036946049647461,0.6111087419391303,57.19285757640464,4.5553842769579465
-0.2448318379703827,0.8322529953059545,-0.63349229854688,0.5338529167445041,56.013399301414225,4.554060266623723
-0.46742651438363547,0.2809389969401662,0.40076657801396126,0.5480303827661792,62.439303055909434,4.582478136330422
-0.5480295031853133,0.5366950106517004,1.4754020608330056,0.5516419088609621,61.37761862167724,4.6022992246409355
0.7118725122295317,0.32576566230294546,0.7633369307298428,0.5826817969455771,54.90305722276338,4.62407156109067
1.3291580307928796,0.6015807165236736,0.0685279996450203,0.5958013059070467,55.22107476102776,4.5802143147111956
-0.0023524933785485924,1.0660512845615016,-0.26436657155430604,0.5447558367558955,54.19170016386154,4.615080093232886
0.08772048228575743,-0.2130470016110324,0.299367875594309,0.5401963539573602,58.362649927451514,4.638934072216183
0.38213400771969463,0.04295059657838474,1.084740873078611,0.5724391579976128,59.73317763003177,4.65174115069189
0.1653740488690315,0.08654242620608543,1.4693285668182927,0.5804213357022154,53.08807302848675,4.650130973156091
0.5293362200192183,-0.04878275603571469,0.6978160145240636,0.5465621888687768,50.5558208845273,4.670848479390642
1.0192896710925416,1.3463876434223616,-0.46143925507538974,0.5922826206467641,53.98835262693777,4.653820722141484
0.4476705435486247,0.2852031631703813,0.0938026429187955,0.5870630043900917,58.2526916343878,4.711158108646367
-0.2182776355143085,-0.4829847121942553,0.6064087594323191,0.5464613175569402,54.273403189667064,4.709852562059589
-0.08983811400180744,-0.4897819943031766,0.3832093775372465,0.5843161766203515,53.55371098323437,4.673101444258696
-0.9521747797642007,-0.3912635284438044,-0.3761585384109594,0.5427866062657117,51.03285495406806,4.688497939037664
-1.5715296660045956,0.0081435007327403,0.17273644296617197,0.5386284242672159,50.06130099177548,4.699061564997861
0.2635828463685186,0.5060061190382253,0.9701420676073427,0.5531770693972434,54.971729755329946,4.743559399417931
1.8443770305014962,1.3157494712173476,0.07165865100522428,0.5618830856395571,58.78477580437571,4.714305444671651
1.0371366732841039,1.624332947504103,0.389169768426711,0.5643374614852059,55.73298588019284,4.743379513315839
0.5036460943444045,0.6886663981815955,1.432763571448405,0.5612300770171892,48.27592774711957,4.769094087928336
0.7845039876774211,-0.11321460705919904,0.8225478176610833,0.6130851382291433,47.97155281445929,4.7686766813090715
2.036380706660216,-0.6732778528540756,0.27760479239232916,0.6174447848303538,47.833161098508384,4.785177750314254
2.441257881388796,-0.9710301122034586,0.487842827467916,0.5962248336355505,53.42052235804904,4.768683945773025
0.8385734777038529,0.3536866374821927,0.01754975929329844,0.5690493561780996,60.64068980922703,4.811897087467945
-0.19826940203058901,1.5649849195308505,-0.24410598854108445,0.5484989098203878,58.10673582253224,4.797735762150481
-0.9368189701359326,0.465956504068608,-0.8890888275760159,0.5912002599206698,57.295522912015606,4.813507606512042
-0.3566021356190489,-0.6374952002555074,-0.46551934626505953,0.5882663280814617,56.837025381424716,4.83475463455812
0.06916044815064507,-0.03295180576856249,-0.16971678703986937,0.525706768228396,53.55315686079052,4.842061564430617
-0.7429834282987442,0.40393274024413545,0.14412270256469195,0.5599713313650198,52.392814824536124,4.850479600380313
-0.6873797014947965,0.012905695789223404,0.7601666649439262,0.5661375223812191,51.861764428174716,4.844987463560465
-0.5163120522200977,0.08542747563791236,-0.09701934209463205,0.5258946708253571,48.832002547867134,4.864009011776016
0.6512600037205074,0.2538813990897248,-0.24546885001213004,0.5098509436073871,50.27576489815999,4.880043671816741
1.6335686802854896,0.035196578444987844,-0.2832973978660501,0.5216727443141392,54.05158197622805,4.862498295336658
0.7867263383739577,0.5458302130087431,0.7401926258917507,0.555837934527583,55.26149484023499,4.890749340673732
1.0865933256273048,0.556839320379799,-0.35933486727322117,0.5741309329622253,55.60328631969722,4.917753597580657
1.129978596392482,0.06607608814111243,-0.429760448661616,0.6001244239237364,53.34027321841039,4.894451267923093
-0.03992077743360353,0.008631888299175591,0.9835130182983075,0.6073625380804757,50.935629865125385,4.953131633031885
0.6836719036604751,0.18321519098623965,-0.25812310053286447,0.578951035740771,51.52992017393311,4.965392265251997
1.3844838224499956,0.0535864150345387,-0.9644336394668078,0.5609666549962451,55.560643788823185,4.9250969884807985
0.10501350293499817,-0.03105829966989735,0.47763109620743116,0.5786353564645661,52.52906118188973,4.987152392661002
-0.25889606166607587,0.9538426375499723,0.5428912509022141,0.6155474617038852,50.90930045188176,4.967128368225757
-0.17736731491216695,1.3642722298805903,-0.8716231198583375,0.6060943392246974,54.357403271245715,4.988370291183141
-0.7728830450694715,0.4177803226400993,0.17014498943692236,0.5626947730528348,52.3507048908288,4.980066978957435
0.1287296516717873,0.4863696379512952,0.9164540810193889,0.534858227295228,50.30560471256568,5.018460896544536
1.7755526336720797,0.46777188911431783,-0.12080858028964542,0.5105993262967945,52.68444175635747,5.018121880376973
0.6138948692797477,0.7064288426787182,-0.1814151325887634,0.552220677381633,51.32767793572651,5.003716934868049
-0.05861403632697271,1.0587315206822177,-0.224971287999173,0.6029432313395395,51.63310806476505,5.006695960000695
0.3160632623047437,0.4190899669132299,0.2174843216513499,0.6008635369227298,52.23542263917919,5.010793951295816
-0.20826925163983045,0.4586991707457692,1.261403544049585,0.5833405469295514,54.02489554646935,5.053758835528655
-0.1784301329152922,-0.2725159962599185,0.9773533423907835,0.6042227867057903,62.11499880691869,5.071449428235595
-0.36614802958979287,-1.0591863565935125,0.6278557887192547,0.5954792697565832,57.3131205329117,5.083019313575589
-0.044975457214885495,-0.870138946732343,1.2428041498834999,0.5843305912960814,52.81121878820822,5.077640378107852
-0.027740334297437053,-0.2347118278691396,1.0621741810956338,0.5956079405425753,53.15340399308832,5.066860070886713
0.08394206090312817,1.2290800120993814,-0.40899954590692406,0.5566603997520235,54.427417734476705,5.0863585040395245
0.4750128606671379,2.2738303748402915,-0.18374835504335357,0.5725851890663181,53.08827443679931,5.133046972779239
0.22102522062707294,1.7271702628445718,1.4505696305771334,0.5981778204070132,51.69450386120471,5.110307428707999
-0.20692275938609822,0.8625142642469317,0.7188103257095836,0.5924318409623541,52.68232542952496,5.132868352613629
-0.3751196049540004,-0.35646831652336897,-0.5045871842644365,0.5843658578032711,50.97054502354035,5.118486990328502
0.45707263526273595,-0.8776556168361608,0.21137297952074563,0.5746371710352891,50.582602215726055,5.156731660909181
0.9966316906421521,-0.37044678868746334,0.36550933650639855,0.6324574695622569,53.163087828541954,5.150846308766418
0.13087325161305785,-0.408961850919563,-0.3335080745914554,0.663154171991694,53.65534809314185,5.190934254275515
-0.06920439320146032,-0.09857004723139091,0.25473067616817935,0.6216585038011826,52.98653052706263,5.195471154124136
0.795981587166769,-0.023619699927949156,1.906260225506996,0.5949900258829748,54.22588430533635,5.180085881068503
-0.08767240982547042,-0.9286258587970008,1.4437544250452439,0.6022412427798656,52.56694069034022,5.197466719453047
-0.19097107903833815,-0.31805360486322287,-0.16794268268985635,0.6125390924911791,53.80372349232697,5.198977675199187
0.3131344783324837,0.1357966244812152,-1.0401312765870179,0.5881582405522251,52.192490705507595,5.1916113360691
0.32746851272215527,-0.11796323449552931,-0.45875174296689764,0.5677622222674028,52.356166683690084,5.2128511514090565
0.2778656102068795,1.456021450275808,0.8680245893594984,0.5652271292630966,58.093712736553826,5.243964346554416
-0.9091599781389004,0.877277559453469,0.9769778701381284,0.4936985532544049,55.62970595095042,5.256505189964591
-1.340586822526164,-1.424335699768235,0.4241946761621023,0.501129466935025,54.7405428610796,5.262970958071852
-0.41338850258015414,-1.1070736778886312,-0.1076676248387119,0.5683211675858293,60.438171872211434,5.263965338920828
0.5309587635052274,0.7091217380102665,-0.6521901225968001,0.6030158558170722,55.475407004287305,5.29866133211442
0.055472773905391515,1.8318694130870663,0.0601787646018237,0.6158543188467369,48.09967437067206,5.291270838091219
0.24562254871639688,0.6671866353880199,1.063503789795191,0.5464564426579026,50.902112056502176,5.314065076561919
-0.1322643735828194,-0.06306564307756868,-0.126379368571087,0.5448687962910177,53.178377725141964,5.27452449735595
-0.48388570601210534,0.31962576278506055,0.21201170796799174,0.5485828139094411,57.102131485450656,5.241551994967633
-0.25791897847579437,0.0188738110411793,1.2722696099018886,0.5618079624120675,58.56481710644801,5.335675760556762
-0.5500823367701564,1.574272549966171,1.1775048415259732,0.595377632903729,51.894958501283156,5.31150468692557
0.0798398950523383,0.8763333999471096,0.21976275497794462,0.6076313975452361,48.947188835334885,5.345750965945739
-0.023733937405499006,-0.3183966057876737,-1.1625892471611419,0.5807286279009967,53.6845977159805,5.353958059179508
-0.2389962488955593,0.6675069813190669,-0.5656526296607032,0.5577757987856055,55.1316845211299,5.401748012048311
0.6950716346366965,1.0841021500679013,0.36900905963614306,0.5435652579489156,52.523642084884486,5.387999931058872
0.5996182682730942,0.8998189779470798,1.342031524124803,0.5603953843479417,56.34825684570676,5.393317180535973
0.515032715981504,0.5115229222559049,1.4440361657263014,0.6076356680012224,55.0351869300592,5.416739823092674
0.23934001969732865,0.2672788988360092,0.4248725139983326,0.6026363832354057,52.53800595825819,5.417369951736781
0.0871108489054585,0.24838893673295914,-0.44099414860064956,0.5898480387649381,53.71437877635956,5.410846460140231
1.373463382846277,0.27318891972159687,0.2957041743064717,0.5879651947655804,55.544660089830785,5.4514295186050905
-0.12654615989194984,0.449983231053516,0.32689346340559,0.6281761559459836,57.07008991599349,5.417804997442235
-1.245063301673079,0.4373460378068518,0.5264848525737056,0.6108224365068254,54.818642271896785,5.456464943750672
0.2800098082638951,0.3156821268563671,0.8670026387873381,0.5743230476484744,53.508052049692864,5.429048604117273
0.5776495392606965,0.48642772506214227,0.848416795851632,0.5544402058516014,53.13603681185181,5.47407887715032
0.4754012086391402,0.8614744905235806,1.3304321638260554,0.5294105114755029,49.29003110364249,5.483859792835459
0.2756461045857856,0.8509808725982742,0.4670007809374308,0.5591519605389828,50.87062873877713,5.523529099238293
0.13408285791964045,-0.5979886498648032,-0.13180565186374205,0.6085997825031005,59.30228712098901,5.468700522131164
0.3589516298645703,0.059240799312883285,-0.23340444767402316,0.5998903888260905,56.45613508859661,5.497982256482923
0.9002625632410833,0.49346272001146196,0.2408094825681886,0.5665370961823515,49.80022937533778,5.5364536485314835
1.1060263988707888,-0.46380936264349626,0.45019906749161653,0.5629149449326434,49.839855760786676,5.536706345127946
0.6916514953615457,-0.3082020222074854,-0.060507584588825186,0.5555869006509502,53.591057444431826,5.54360610102675
0.35921738693276484,0.7064720307287806,-0.18154413971497,0.5732762774128919,56.89623847186287,5.530877285940829
-0.05267225985802365,-0.06296259221237366,0.15500747732048714,0.5493567123111458,54.695562756844524,5.548183633038172
-0.0622980744235411,0.8192644650586619,-0.8261864665865731,0.5741488745917054,51.286449430086606,5.594900820164465
0.3794459050849134,2.415701813607483,-0.636033525910269,0.5950877175245468,51.92088360305815,5.578969816124921
0.3859475548676517,0.9590188408685136,-0.06116969291973667,0.5812547745004439,50.31152390164665,5.5975071939228895
0.33432370840976905,0.4041152730537919,-0.8665625537754289,0.5662833262754455,50.44629630252116,5.597696233424471
1.5832311444256795,0.43584469044448804,-1.220016716830851,0.5650997016597592,56.543810548911104,5.586338289695005
1.8746208639763786,0.7244247419687478,-1.539939366020394,0.6137912410465804,53.064394253013766,5.6386762085215
0.6746234948527977,0.9048273345413953,-1.3736335458796538,0.6068182488396843,47.061435558550365,5.64006464769065
0.8403829005019832,0.922640190379898,-0.8308403776194242,0.5653018798559389,54.145176092202306,5.686112736747344
0.8000717763581875,0.6453945750589413,0.8238703408415342,0.5620784920523553,56.4542206483456,5.6296883724069895
-0.8188826560296524,0.2694949689300014,0.9157983798507072,0.5575057597356021,55.35264349679859,5.67645145842401
-1.1181733286945195,0.14963982350206861,0.028401262362968444,0.5450909328748574,56.504196395396065,5.64376912067926
-1.033792225335461,0.1514267305058386,0.49193919170526434,0.6005456242737122,53.26658770101378,5.683146931353461
-0.7047910156143541,0.7945202577925742,0.4689541298207027,0.6269252130844973,54.754761575580574,5.709530131781264
0.24052893077640886,1.1893245961357932,0.2303491043460712,0.6017124183807369,52.956799438898386,5.658557297678071
1.2552191252177638,-0.8471829326034317,-0.43247297241994576,0.5575676650625091,52.19915851172648,5.705901350515168
1.4101884187881286,-0.8154390684525347,0.3320699302241866,0.573470743559965,53.46258007936294,5.708735805319147
0.46313429452911453,0.7526951832654403,1.8336725319842813,0.5984683981570986,49.837251574941845,5.715960854034098
0.7150881945218371,0.4159622538040585,0.2672368089248621,0.524463774653595,51.64182826164867,5.747704253045187
-0.280214399294614,0.1249067669266756,-1.1480184101957407,0.5436879486256692,54.29194031579705,5.772413714128452
-0.5763951145490163,0.6968893421690786,-0.44623683618137117,0.6012329769912994,53.06282102069987,5.757334425695417
0.915319933181469,1.365483636801398,-0.41613404005174737,0.611871471789575,50.70283614218987,5.774109728551201
0.05893432752032468,0.417560279923034,-0.022888693993782017,0.5852384889218591,55.08104709553923,5.782286175061185
0.24609354846336517,0.14789502945032007,0.0956015003995368,0.4759025716489941,60.30538288287052,5.790036070127129
1.1553496713835523,0.04907733311792911,0.9255041557164351,0.5104043903353057,58.74441963672405,5.778213147245758
0.3765434891127464,-0.8436860558123562,1.8852719522330692,0.597254036838867,55.79617037748514,5.832168892034458
0.5244010147017409,-0.6706444638102484,0.9093883317874051,0.5481531089466879,49.06997140612724,5.825903907363177
1.8681061968373989,0.4509331918020439,0.827964564417003,0.5165444876395853,54.72302458128581,5.837897629800052
1.6433631875965635,1.2414261638115174,1.2749851594210795,0.627834681179356,58.90038599786029,5.823869807419488
0.6328418481275929,1.0673439746952318,0.47987568187362145,0.644799863728788,52.15324101441696,5.840815592040216
0.3129430671112826,0.9539011824576343,-0.4808257544344857,0.5943363538018076,53.35513668347001,5.856477316045785
-0.235374614488222,0.9560194529929145,-0.1594230807790107,0.585853082728055,58.15208610635898,5.839317506131023
0.4101885398370822,0.2733025989838873,0.6798610018824732,0.5154644951039326,57.059603742768125,5.846239313496047
0.4077836078981038,0.23174656478982594,0.710677067865888,0.5276174938748563,57.34538765543891,5.8779850413872285
0.029113614518736508,0.9532639620415906,-0.5082818373370527,0.5733779115956446,60.11766185477535,5.910450415328848
0.21904160037367115,1.115020191637855,-0.9788668604976529,0.5677803710554448,54.23741892925236,5.896937252201401
0.42346319092023016,1.3098439517877827,-0.22699765305781394,0.5716974234315495,49.85259178164209,5.899623896048186
0.8298377632293219,1.2874220475079747,0.13693916489622177,0.5884440454460115,54.944535621177245,5.913706286935247
1.1098326187681349,0.8692613025678924,1.1605540832298447,0.587700101808938,49.85462743863043,5.930893151537094
0.6887081629803465,1.0507563351520217,0.5057503123347904,0.5496362000757249,47.09429326034914,5.942922820743598
0.03571551948777074,0.8623434387831477,-0.2273687570006468,0.5656867029027304,50.305894628644154,6.003310429044131
-0.1979433426929501,-0.11309716896247754,1.2105391665045266,0.5486955224749658,49.4952973208034,5.9910924125697465
-0.2844377088012609,-0.18079818428338199,2.093826816439517,0.4854249255104241,52.33247306512267,6.000495482245635
0.39430919189537816,-0.11174034404630015,1.1474289488249214,0.5527816910176357,52.6353945867683,6.0133716072854675
0.9956649265391693,-0.3672241625351615,0.25777620061515283,0.6168590935097367,52.00893964189038,5.980023582613319
0.34664681421098986,-0.06646033846324845,0.7452124889479865,0.5970876562719584,50.16883942541771,5.985552707700255
0.4036702622242033,-0.12450932444959084,0.5975960265060618,0.5496688961063094,57.28641868557654,5.99786259416932
1.5432866499985507,-0.2056589168849046,0.26365064542861494,0.5335489659729203,64.70508078288255,6.056690122666757
1.3159159378406304,-0.7556844528353693,0.38425487254352214,0.5620094691562464,56.07728602802571,6.02905616422235
1.5772097110002474,-0.4944849973029324,-0.8320881713051377,0.5399528527153573,55.371070858711846,6.024972876355214
0.9843124561196697,0.45349691088152,-0.7086837228823153,0.528188764213551,57.284719646001015,6.0513800759956045
-0.5756980055320126,-0.06112242131259715,0.6208856697000404,0.5845373311389326,53.65954441390197,6.0652278893657074
-1.077448734149306,0.2684695122489408,0.1689708744211218,0.6388386409533557,54.507171203172405,6.085368265473892
0.29361556953405343,1.1463707336227626,1.1296704185914468,0.6121874729390868,52.54197887953881,6.095019020414241
1.510873318446281,0.013539804248520526,0.9037982557268329,0.5955600069463709,55.16694260112706,6.0834363887225305
0.7357736235295211,-0.8360358168214184,-0.32081343852393157,0.5583373332547598,57.13817849353421,6.123713127850275
0.5492899047954617,-0.4162552225041328,1.0127876201152413,0.5560543646813094,53.494317039301336,6.107216129324997
0.015052512884560332,-0.5042725467490106,0.798652360364358,0.5839501153344209,49.9252750661891,6.126874473265899
1.0986589858161226,0.2956078861369601,-0.47182453406474884,0.5752904339808917,48.88981405277,6.1537354814100675
1.726728896735984,0.6692182043314381,-0.12894919521371587,0.589338293149698,48.054985336096536,6.137163571921113
0.5592651005130767,0.122795199736706,0.5668330854608579,0.6148079622332064,50.326679704262844,6.148612971528378
0.8582526177578682,-0.7816510760538214,0.7446044489944692,0.5992838407373131,51.445613975387694,6.1818333609938625
1.0447746326068377,-0.3311128032674553,-0.32171806750490706,0.5821066071883748,50.75830178588401,6.1628453364679
0.7945481290801167,0.05176101853563253,-0.6913462046036288,0.5971227710710714,57.182368363451516,6.182304159527919
0.1595210817721635,-0.23540984440936916,-0.3483533494920735,0.5776179359383958,60.85166653988243,6.211114843560858
0.28402804448365493,0.5234796590229105,-0.12052219239847194,0.5801522344484409,57.35286763343055,6.251081848828719
1.6209923167268872,1.1744144788355193,0.396434251664078,0.5631110030429414,54.1440548485993,6.232108090095255
2.058682957519437,0.381887647323315,0.6445050503611165,0.5674978354808667,58.93158142023896,6.2394527952598
1.9149788188846784,-1.8076258914799757,-0.4560652578364697,0.5872164167967859,60.45833149932421,6.250616031673455
0.9873757538746563,-1.0607190825171249,-0.13284024385849802,0.5937428564112328,54.94627693891098,6.228536194518659
-0.3033051732912732,1.349864423175162,0.8818074543055446,0.5975646498632117,50.08648930804366,6.262311934773598
-0.10987599884244542,1.8779846642944809,1.0424603824635994,0.6116264666499613,51.89783646597742,6.269404670233272
0.4135036637142516,1.0831306182028144,1.1386325212521533,0.6327445126654359,57.5433391530663,6.286431690807455
1.0242076792826094,0.21841118594351944,0.9973853744646108,0.5866720251360467,54.98667525920092,6.2923301610495175
0.1508277045639116,0.5177146136513091,1.008916264685868,0.5854465815062436,53.648520678419445,6.307593993548342
0.36922190134180344,0.27733144364154594,1.1317250620608907,0.5821967131308041,54.32586421524657,6.303770656102016
1.1371650631927779,0.1125208670274479,1.1599351224862462,0.5753167570760902,53.14492429223458,6.321172178347436
0.1596641647718203,0.8526008834894432,0.43822201930494975,0.6206115966280201,47.84145034844691,6.30544342867886
-0.26666927728570944,1.1450987895872209,1.313671459661031,0.558275236389626,47.754225799984674,6.333601854439942
-0.8799422819618247,2.272765566485894,1.807505042163959,0.5452492071919014,56.40435216274123,6.377816670963534
0.03840999393227562,1.939440433352285,0.9585172905842542,0.581462685906068,55.387447245945765,6.366376166792565
0.9032121097424215,0.3057004380694441,-0.12379608068333026,0.5603120325510602,53.10248787329452,6.369581579252339
-0.15263883582600335,0.09727713541051079,-1.054464701775776,0.6059387029091552,52.798265458311704,6.417922465525087
-0.836122409168954,-0.5322071671538514,-0.26959735429415166,0.6087088150982158,53.575201691335934,6.362783300433979
-0.3583195126604318,-0.8662047395759358,0.44767445146326723,0.5549210428594014,54.9309184270559,6.377810888891076
1.124445432299132,-0.18573616916148125,-0.005387173970287873,0.573298354132076,51.688858347449546,6.4442542282255255
1.163256902545453,-0.09985196555780095,-0.007299024906848611,0.6107404802740996,55.56869297328339,6.420919218720979
-0.4221105403752372,0.18153852654205946,1.0944331197606372,0.6054498513803309,60.24627482164954,6.4251483392742035
-0.41447160045334763,0.03294459634470287,1.3720004053712862,0.6176123306212137,55.40977720549688,6.416015913498088
0.2014528875149295,0.5178543310165251,0.007540084614648779,0.634570896077181,54.33906590804138,6.458953925327901
-1.0234041056298249,0.9297396666931713,-0.3955581680904428,0.5510993086987758,57.20201078774336,6.470889197390549
-0.9134749577318364,0.36514600948807585,-0.22717975549882452,0.5247312023186101,57.57044106455746,6.448110112783302
0.3202158949176699,0.20166695579896582,-0.36491790199010354,0.5652833920847153,51.998419280349395,6.477194488288992
0.6961813068663444,0.28448429532421005,-0.16888509623711476,0.590647049264738,52.91633050823362,6.483289683359339
1.7368414157264154,0.8615526229409338,-0.21350053119330709,0.5392156345957895,55.73487080373758,6.505119542928376
1.9527355443766443,0.3509640101824416,-0.6339029862236535,0.5910998127346089,52.33093258038343,6.487614995155587
0.8945279479096158,-0.39007152966255665,-0.45855013753921636,0.6701388507729287,60.35703233117885,6.545038949090263
-0.2213027249520389,-0.10779759916899134,-0.11092887183464425,0.6102784874095398,62.013433579415135,6.548316475631952
1.200536318233366,-0.451102979341523,-1.5114684779351535,0.6266849872042751,54.46007097297729,6.532736488825344
1.7841232858945044,-0.7082970577874921,-0.20432124911913752,0.6816973776832603,48.19929955211559,6.545671625767232
0.5051228265091068,-0.2729001957967667,1.8051453211318622,0.6740698101441036,52.64666403843002,6.557271556994448
0.46416586222992035,0.5744951614467934,0.5908663445600625,0.6393417454921904,54.80402375612887,6.55443382893987
0.556958392940434,0.9444580997465328,0.056248440463555344,0.6209832892457017,48.82816412534481,6.5711314116352995
0.4975555268165238,0.6046303021003887,-0.3410709725911979,0.5938677772563494,51.369955517477294,6.584594592646508
0.11239693927553754,0.8993704557098599,0.4977383395854652,0.5788485998012292,57.426730218307384,6.632257367414143
-0.08813752909962795,0.7344614428528369,2.032567258772332,0.5618769030991512,60.19535889552199,6.628932366166609
0.1830316355155503,0.504816723759743,1.263410082131691,0.5567393959633982,56.2668836045012,6.638693094146732
0.1854635168519232,0.5224635785196405,0.8268884549793372,0.543771255904299,55.11166175976445,6.637398512260088
-0.15386794309560045,0.4604841652814574,0.8365423784645665,0.5591927813862727,54.01243926501793,6.617653459821376
0.17177435260028978,0.221287549968362,-0.34322826492454156,0.5509829503207995,53.59799129266485,6.649170177908453
0.4014234315115036,-1.1302303668432192,-0.6364259407318025,0.5577956089481297,55.289445349618546,6.679409769192268
1.100919608239959,-0.9054187821041328,0.098258160233671,0.5991469924343427,57.36938382773914,6.644834707412654
-0.09636189096306003,1.0259357021104991,0.0772533834853072,0.598190421047029,59.61113523472177,6.692731064137465
-0.3018901630101142,1.556754821350895,-0.0976798404766597,0.5861883562541996,58.431301913863095,6.736452184505255
1.6473521337182657,1.3286513326229576,0.0842516382820348,0.6595794423056568,55.114635676731055,6.721236332919795
0.06561838783601937,1.4841808294317178,0.1534964262083518,0.7067785883172764,55.74139592002285,6.73828058271124
-0.7280532091699102,1.0463827196432987,0.2256828483531803,0.5988864758172575,56.42449161121109,6.724366775008843
0.123636270319328,0.5275470494694351,-0.2638230377708598,0.5708482397550341,51.87229791628353,6.7493586389753
-0.40806098371634886,0.17496414329798876,-0.6481029594420398,0.5869046079403308,51.101147564844396,6.725642935712919
-0.6105340982308314,-0.0811583013918865,-0.7597351609521944,0.5558638718435849,54.024398908918634,6.7659172762468245
-0.46135137732177584,0.5361250582373068,0.08803808659640355,0.5377051828955315,57.315305810688436,6.773087762681215
0.8044069844685325,1.2966755418616873,-0.32213585333224437,0.57401555258881,56.65231588366534,6.775798223480754
1.8282489000582367,0.9196386661620641,-0.23389105837535218,0.590625807746781,51.36092760923505,6.80632014839437
1.588606022126564,0.09317365217839775,1.5124645093177613,0.6041590003350416,51.96875021070058,6.779224303243052
1.4823176538575102,0.16373260647364363,0.7849364423095178,0.6461810208316537,55.28253505177156,6.796258849670527
0.28272901703487574,0.6900024503903542,-1.2094494020940236,0.6564761891179218,55.612422878617,6.811909240827166
-0.33965235184356923,-0.031617100078267846,-1.2386569914448284,0.6104649238594201,57.63560953119229,6.799407780578212
0.4702756106620637,-1.479739114084997,0.031176869965940802,0.588144163753046,59.72547152199074,6.834538638876005
0.12218663563903709,-1.0325082937375702,-0.293109560873341,0.6254081475775679,55.94741351398109,6.805621391740923
0.23471336639433127,-0.4942021930995829,-0.518269278991523,0.6018125121892803,51.86689473146457,6.870939090688565
0.7263293680442957,-0.4724320301509991,0.752484828546139,0.5668498170950129,50.75907309786065,6.8609327473313195
0.18313454546636246,0.06460586042379185,1.3429150047426603,0.6190852473736232,54.053618881514794,6.8595821419219245
0.6594920249302351,0.09262359176238805,0.11589274626346446,0.6442099024583583,60.283313892578356,6.863312527754098
1.069748880731113,0.893319355432944,-1.0150130215435924,0.6200140388383644,57.75571785993545,6.885308419407616
0.5345006100028866,1.2838877792720582,-0.7158822250178982,0.5939177009059766,53.53723914010928,6.913765194215449
0.8927486522250503,0.7084630288685471,-0.023453631753871603,0.5476793547317402,57.999048314959616,6.9209547795747515
0.5334148676177008,0.8567660556155354,0.3885120188742017,0.5541379699217475,59.873667322640216,6.905889241054431
0.26243256569076795,0.13768415394618416,0.22793945040712102,0.5816625061566643,57.304448155226005,6.913079206547447
1.100229654757968,0.34670831266106494,0.23594704254792323,0.5694362096051451,53.07041022008477,6.953137974126394
0.6382034279119001,0.8788145653101671,1.4715398170033969,0.5724335833302474,53.68378909411126,6.9355530519077
0.5054341063318265,0.6950708172470865,1.6238979386861272,0.5569694130555805,54.34538747060178,6.9611981954815905
0.03536533407922954,0.19759618102118615,0.632634063132156,0.5293573069667051,49.82066479539643,6.972475092850486
0.3350271288446804,-0.9139516735810047,0.133665714524907,0.5884856771319513,51.28372466758464,6.986241242634535
0.8688476450988967,0.03149360897803488,-0.0202692007581126,0.6317245849572574,52.661441286630904,7.007165408603638
0.14618742151898576,0.9971495920612727,0.6619838891361368,0.6052978438722757,52.98151895541567,6.974740741262654
0.7638578989419843,0.13775082289645058,0.5270211313919507,0.5649019323950164,50.8506946405557,6.97177681349479
0.6737623602131837,-0.48471364376320747,-0.040330572192600805,0.5491567219981497,53.808882605518065,7.0086510543754335
-0.5542581046039814,0.52960136264938,0.29928249986512295,0.5654120828331525,60.23770039095203,7.066030568156644
-0.9796860498114943,0.3702987938795107,0.026136447100895355,0.607353093169047,52.979451402261404,7.080443482001748
0.02826437032616458,0.6294897153265552,-0.685337879640168,0.6400339008577998,52.61352814296731,7.086623542711318
0.16707907712303427,0.7744571314627322,-0.27260113328403823,0.6116506044362301,55.462710716595865,7.056140372644787
0.7421859887254562,0.27288845466538936,0.38348705287185,0.5597501107596143,55.16615300771705,7.034357698360304
0.34215075731479594,0.5594614211412788,0.4724774339228304,0.5790024543499337,57.02850631343567,7.033139217966963
0.3136966467506921,0.5424310109047065,0.23653666477246843,0.587394349990519,54.96515434401179,7.077719236769012
1.4608848805769217,0.43525508474855,0.597184477602237,0.5678849023289423,54.680674414955384,7.096038527397013
0.5650149367797657,0.05283675319767871,0.4259551383574278,0.6217481381121264,57.646206478167194,7.136012508021119
0.1877614560570409,0.34592517897908304,0.67192202910138,0.6555252990544125,55.017128533238264,7.137356109190849
0.43640086545133183,-0.07320025884905873,0.2368480629347013,0.6264857138563847,53.51355433232266,7.134548101579832
0.6907578539264418,0.27732416318959097,-0.4014296486542699,0.5741528123710344,59.372997738689705,7.122203104581177
1.0435555340417264,0.5223829448709822,0.7104613456647022,0.5756313280081264,59.651395056033806,7.130784408835103
1.1202015058682298,0.038242651517357555,0.0956551775573452,0.6341386945622445,62.71696489244906,7.165082553741429
0.6444162418739672,-0.20175341552465847,0.07049420336606943,0.6196058979879515,59.61089574711688,7.183941019576794
0.40621110771907876,-1.3680484502258567,1.1083894703581196,0.6269602772245431,56.199558480622755,7.187837625244911
0.3033022114106656,-0.9658158071952376,-0.21185952010788922,0.6688127103632485,57.26384676191155,7.169308040807867
0.6397239982466825,1.5222305700353227,-0.5998890531010317,0.6767711381737793,57.96124785913999,7.2130133525758415
-0.18617258993803731,2.0106184323108667,-0.7377576454475085,0.65222654335572,58.21439992102071,7.2185182193420285
-1.0134513891538641,0.7952523686636589,-1.4716050528129903,0.6254609743038952,54.168343238313454,7.198586671876196
0.21397965046886552,0.2720766471369605,0.5899709379440509,0.6533275376055006,57.45989420012654,7.214313580593996
0.9742198768687523,0.29351162043662843,0.7822697211511576,0.6499705527936864,57.207826770065985,7.253769919491232
0.5113109579641146,0.6990884296548148,-0.6188960453622716,0.6022279771472657,50.417979825966114,7.245309849297082
0.43581000171589956,0.09802091262081669,-0.4266164950170559,0.5799725170639567,50.36191542840946,7.291782946032729
0.702307318856134,0.38219403939409513,1.1946340544107361,0.5986102028596674,55.44846015496278,7.280022585521292
0.423925308451816,1.330862941795587,0.3781191934415936,0.5777026974808203,60.22782220469567,7.270267376236215
-0.1383031106471165,1.1333667943415657,-1.1811315333183252,0.5683003100089838,58.96521123929622,7.289795887992182
0.23021415333946432,0.9954858430522548,0.48378283001603084,0.6281209827700075,58.78775499124414,7.301267667852755
0.13089492351616394,0.64677314607173,1.9386463557460991,0.5770640686315921,55.12164221213948,7.2954321937351665
0.23781347010761839,0.7645377316767237,1.1385723001526735,0.5881554024773106,50.725138844840245,7.301748236036448
-0.12357714692072641,1.0512083067268652,-0.40944782473798436,0.6711390634806335,53.406286318479566,7.34402779787619
0.18758909016791891,0.5383291702993909,0.6905469364532668,0.6214258547966205,54.23519437467361,7.356905465940842
1.2758944297764199,-0.0438069459933011,2.107651881732716,0.6070942292824486,55.174016101014956,7.36207562939106
0.8900462745535952,0.18471339413465163,1.3995610228507829,0.6188099971074806,57.19484002600733,7.390306361886476
1.14580782160289,1.2465961933571432,0.196496050649004,0.6361179448782643,55.879734922786206,7.359164535279768
1.8512449729602998,0.5766863449256469,-0.16713471550960113,0.6607492895314665,54.50717720951913,7.413485415321422
1.8677993097796672,-0.9310145266717194,0.15924381657822312,0.5951407214975362,55.513535041965824,7.371981577628918
0.11533976816561575,-0.22850873120006304,0.34954153744656,0.5853981625215039,52.858386527685724,7.379746288732631
-1.0309189514282409,0.5312695896306134,1.1555796951761732,0.6154021935166097,52.694174993622866,7.374800822357015
-0.42217632832719837,0.5361318382240066,1.4302199615786155,0.6029344066995697,54.65689889143854,7.411084093723463
0.23137247642912862,0.6332364232766952,0.16638860216209805,0.5900137647730174,54.5355121644651,7.41992555326341
0.8033260717945889,0.43553630080053596,0.41528570474469506,0.6317893364946976,54.981207593492115,7.450518745605093
0.4281234363954985,1.0590632581737744,1.1108972113851814,0.6761381387731192,55.59024082036379,7.45487781883241
0.26339210468253543,0.3707842332793668,0.7665392824464003,0.6140833922023861,54.437252193972434,7.436140532579617
0.24928734136566633,-0.7878241613853499,1.343601040220654,0.5548595407886776,57.43700314019772,7.462145475231483
-0.1491401460857876,-0.03842771519516844,0.4446354156759498,0.5638549633701675,55.6011874777891,7.472570759578247
-0.4740644320501782,-0.4452017713556816,-0.3061904051750536,0.6082257539518179,50.62412333451679,7.454480355060762
-0.6292073573265968,-0.4809297564707461,-0.015770157956355793,0.6240156750815316,60.50488193091381,7.480381065459732
-0.6010043154275932,1.1719715689967942,-0.7814296831443226,0.6446243888050669,59.71947677744607,7.494583727387718
-0.626609522577748,1.270913852387258,-0.34199002052072547,0.6585101950175444,49.392328992943376,7.548672500396419
0.5767684748173979,0.5561010594090382,1.6980753660957437,0.6515640592987728,53.83064720575009,7.5338290143191475
0.590720453173152,-0.08385273029878532,0.6050389031819372,0.6401304105161244,52.0293822209204,7.55324337507895
1.380805383570987,-0.5068120501514184,-0.66652227999348,0.5813016758736388,49.61215354631685,7.520027290057016
2.1028785747104624,-0.06375602070064926,0.5741454579383127,0.5683807868363171,60.176663456273346,7.58388428966028
0.8798204004222633,0.0861389719674199,0.6521822624326682,0.6297584578459204,56.909656388651534,7.596022041260482
0.2046973561742712,0.9151308966577202,0.27570416677894083,0.6335058071680887,46.59733082444413,7.540033100657108
0.46314903031438925,1.353405812424847,-0.43508571763053216,0.6197237821425776,46.71886558776397,7.575893665521683
0.6052238035691685,0.15742677348089407,-0.2617709217610505,0.6131861067311523,53.92682368580881,7.609915311460311
0.3167885674704128,0.0024054693607817312,0.009812669595428147,0.5750065105586244,60.493866453498185,7.622887769070764
1.8853645460067563,0.8078171591041378,-1.2011841562224006,0.5800345760952368,56.97364350301504,7.606430105390256
1.7770444851048102,1.255211126175216,-0.22514865931604244,0.613649017641211,55.87688067588378,7.6238900107389265
1.07235367539631,1.7969424322374574,1.349362501235785,0.6004833855124396,60.64113894994061,7.628052378779098
0.7695102089787507,0.7198926540893374,0.7782542775459893,0.5870073775718185,63.4086219388431,7.652208360938923
0.17809409687049113,-0.47523460777357085,0.413956109869349,0.5800559487653169,59.324293379944095,7.683943570629238
1.4157974235342492,-0.5959046042904972,0.9256420259431195,0.6140728120824478,49.10939601252516,7.654579156857176
1.1205229361719058,-0.30691394121237137,0.9236319083708392,0.6303409584490084,47.68018487228116,7.700016409955368
1.1420616936356744,0.5556260124945516,0.8388390775352453,0.6388216833946725,52.374001641948574,7.6743665585530625
1.810135986540355,1.1668750373690406,0.5782855468508087,0.6845447328545079,53.78599991935741,7.683047455750063
0.6233931158778162,0.8962921753510594,0.7826260368986544,0.6463426543649216,54.39050986700435,7.726371892366864
0.5864358139608984,0.243272992455534,1.0921173984434511,0.583055699044327,57.84224131610759,7.738438727560152
1.3546612230044563,0.357699337427613,0.5335088991009445,0.533077360475649,61.505108848178935,7.747028198735253
1.3500771308683535,0.10062348526647094,-0.26155711007988386,0.5216306112202749,58.2858361813709,7.713684051835638
0.07940234239281962,1.070085687015935,-0.21474775659043682,0.5395751467977536,57.853125267612086,7.740680980438559
-0.5943564303451536,0.6843984612983646,0.004662727159883251,0.6109807735665729,59.18361078183236,7.776459771840067
0.06771140810738156,-0.26742877307471247,-0.45759916511368853,0.648365218126325,56.60581148668984,7.770830836811278
0.39477807775285206,1.5487766871255841,-0.4489521223829938,0.623786549798699,57.98516642571762,7.758526143076051
0.8295882405870028,1.460378156984168,-0.6625708269268296,0.5655233691512589,58.011679576986566,7.799166358782509
0.9563702518867121,0.3541273668950487,0.8078600868812413,0.5259770545751395,60.89699508978666,7.78570385482017
-0.020923179960618155,0.17257657023628364,2.007004481966585,0.6038075334662867,57.12748501503606,7.8458904969678445
0.08104004135879578,0.1779720838822744,1.9051599296717645,0.6410690062628948,50.7021777873922,7.850896829248366
1.0547198896388172,1.0436908696522005,0.6284002870413108,0.6153548391412096,53.98905642482431,7.842081948527111
1.145230984384415,0.02852759189509868,-0.2957991909338439,0.6224495045532599,56.38276336152993,7.867220134095395
1.381043270802874,0.10939204223144383,-0.33074809561658014,0.667167540930407,59.87610978450313,7.851295827002468
1.5188239203948652,0.5039162586975721,-0.7138650110290288,0.6476633796335896,58.72362960309835,7.875308749887501
1.208738393514832,-0.39555491954135064,-0.5258172919937386,0.6086456388032578,52.00530222440571,7.899554405906041
0.7574092567941156,0.1023732835608384,0.44217954796710374,0.6191295826165786,54.1797313464642,7.884909973635886
-0.3019464532950391,0.5305479200898531,0.7034855987660409,0.6773410376885884,59.629850348415225,7.884896256569715
-0.05133969171636332,-0.05332020867624232,0.618240660533798,0.6201851673664421,52.676066921659796,7.865907560836458
0.8836994149062474,-0.1159386734941833,1.1187733425204667,0.5776059611109243,50.786307634958476,7.90833732948557
0.8053945202207005,1.6958501511175643,1.7367604498673823,0.6273627707590352,51.67274766953684,7.936468463691246
0.06389118501204955,0.7837486528066351,0.6953352916447911,0.6245944478005314,50.02777822278927,7.948912668551353
-0.6117117075067091,-0.13298123800514583,0.1734899336273259,0.6111731494262518,51.75325844491361,7.950087301314369
0.5539538033529567,0.21818651241940232,1.4867898785390814,0.595922689756798,55.44519589710433,7.939174018100755
1.0754192929118198,0.3368488687371698,0.37084123777369427,0.6302852273499152,58.00144161277238,7.920463568621048
0.8903080112147396,0.6779856833697978,0.3015448689514397,0.7094750674040844,52.77145032810793,7.960095698039905
0.9249595724913571,0.14487046277757265,0.9566641676196012,0.7120336669091106,54.68668776290142,7.973913102578922
0.5998020898359766,0.37980455353168113,0.33971676754784724,0.6131522311888637,54.32329866780105,7.9837414206562
1.055499601041804,1.6032938999736548,-0.2399660593097373,0.5825002936598562,52.95556619941564,8.01237112713956
0.783313963468304,1.2644776987009159,-0.4854252569160966,0.5925095401576346,54.51220204883839,8.049713528220297
0.3629472452338562,0.7227544519080829,0.9518059326043958,0.5583554121490636,52.77987282916533,8.022470584036821
0.3905467612730812,0.1721417058625978,1.3120594659492597,0.5615814693227359,56.08272433532076,8.02566536421687
0.12595305536949108,-0.6653836165940501,0.678575816963556,0.6249362349406418,58.30768850212648,8.034815563739919
0.20321943427075195,0.21802783830816802,0.2831421147925678,0.6014756460128696,60.39658227875101,8.052487695338154
0.5322492300868256,1.4388758780116022,-0.4974919609424515,0.6095099445002027,58.894472494754154,8.043434124793032
0.4481757772724659,1.3810512504906909,0.43930753265782574,0.653703077260843,56.3253249311032,8.072403971174921
0.9657017505254292,0.4830360579875788,0.15480329813440874,0.609278137191914,55.44376383710161,8.089016246726636
0.7584872065304753,0.3054469233328733,-0.5934385923016684,0.5936884849879712,55.13975934908085,8.09419372127149
0.037888117946094646,-0.1626560913639608,0.0987206171517433,0.6521453224848849,57.33996573794354,8.109150838680096
0.26604103620181846,0.14052770612849297,0.36237120016593494,0.6741652180125897,56.6463643755812,8.11867495218697
1.0836805967424237,1.207469941301504,0.25616825026327045,0.6345697234506293,51.045421008159266,8.084562066355073
1.4025383104183577,0.6797389487337278,0.39874923803273543,0.6104319044455699,52.12702083045304,8.142737403167908
1.1956864342588682,0.0041231807187199,0.835081156591249,0.6122704990910195,57.554948696903516,8.126579703086751
0.3553436557676542,0.36367929898773177,1.0048474369144822,0.6055614523230984,55.03298572803699,8.12808321673992
-0.026338684748974495,0.38091234187363215,0.1658750528131927,0.5511704471754435,50.91776240729766,8.1379109634429
1.1619716958642894,0.2154787567611442,-0.34316387073934124,0.6151619431439812,56.31504193725804,8.17867083220945
1.0703033538504312,1.4842713563911472,0.7474768626745706,0.6718067650235535,60.76177126750592,8.175548501455502
1.1589429398544477,1.3943966503575074,1.337235403567435,0.6308489581448605,56.50651877677233,8.15636062432029
0.8598715164496089,0.16593751679008606,0.05378164502996374,0.6256610986745645,52.4424707544982,8.209560756303844
1.0325198452927824,-0.033748698628047705,-0.21744460043934188,0.5974724562849983,50.9677842235797,8.181207837384024
2.441327928435653,0.5180892001589793,-0.5197701012446853,0.5944149972648136,57.07399038624459,8.222796427170366
1.555949724406093,0.7518198533939549,-0.6716852022490717,0.5729510074846824,59.47983027229866,8.234769978513462
0.18446419817914125,0.055609185509720896,1.2666683289528515,0.6346692412163462,54.85403457566191,8.2577115416339
1.0932905132408806,0.8074451252817261,0.7696119174297031,0.6439342695672559,55.79125076438403,8.285633695729336
2.106542643089682,1.842504983725705,-0.5960757155475466,0.5613509092763557,55.13887092610059,8.232706473481988
1.1191351872372568,0.8822130217462938,0.260242932014906,0.5813501883838674,57.62390338657049,8.268950522878738
0.11997050210703125,-0.7602866191643854,-0.09363890470259617,0.6394941978579682,63.0490481552587,8.274473294099115
0.2412230075364711,0.04425384564987567,-0.7916739122900157,0.6510063622058064,58.13765336438141,8.29867499371922
-0.22019404314967947,0.6357807454766293,0.27830481224721315,0.5880440334403474,53.191124372393034,8.304313375418673
-0.5379129156784657,0.5279085371660001,0.2778968014865607,0.6191827267343264,47.81937451649987,8.302949075145268
-0.3670432472543017,-0.11425662178346829,-0.13795136276827175,0.6685040965613367,45.694246168029196,8.311181956227783
-0.29090126028120744,-0.06269891518875059,0.5516418143754767,0.6507494707294265,48.898052690196096,8.307670982896319
0.19454147568449517,0.31733886605322403,0.8807572478907728,0.6505107703456723,52.94712843437357,8.35975723164813
0.6962624207878791,0.23699409346327904,0.6424309890224862,0.6970519031864342,55.48736657349515,8.359184083631991
1.4895699071713673,0.8502884290483341,0.26245420576071593,0.7339288787896778,51.79319996531918,8.378355363955903
0.8740003168167709,0.008508496843197044,0.3144329633890223,0.657044906956646,51.91302208309178,8.36379207727049
0.5916260659310837,-0.2015743565119628,0.42248516111569295,0.6431576186576339,56.546851633578854,8.366863290626112
0.984523460470784,0.6191264186911575,0.4667148065856373,0.6700476662333006,58.576508077359804,8.368433698667417
0.468345202689335,0.8761636387386124,0.28047253221805624,0.6420708960730774,52.571137468924825,8.407178351674814
0.9134641671684507,0.8257827375229515,-0.03935736179307705,0.5903278797946336,50.93802835575687,8.389204135509436
0.37754980749657713,1.7616276402495246,-0.2855128473685652,0.5737337995130969,52.23600007830564,8.45697326137933
0.23205973078835984,0.6878721811842042,-0.21137476704038294,0.5958629398023778,54.818128485196496,8.40384714837813
0.8773616419590965,0.5088300134372209,-0.12153890443726878,0.6209670135660272,60.243994431339864,8.44547320238425
0.9330971971542052,1.3437006250808006,-0.6607009263736178,0.6682075750911234,55.751752585508626,8.481337094144275
0.9951702112846456,0.08627415046137196,-0.12551252248997163,0.5957869051999947,51.88342150145448,8.471981795185277
1.9773094455190776,-0.630488794143282,0.5382379886613848,0.5686019803464297,52.98246990385044,8.473513474249836
1.5145699277225697,-0.2750851283437872,0.8007016803495066,0.6486536359983057,49.27274738585369,8.460630327060763
0.0221361765492731,0.8514685775143849,0.4791264057746567,0.6446804927971882,51.27298340853149,8.462364616228646
0.03015070174560825,0.882826049740582,0.292073359860278,0.6350035055590029,56.2300034923401,8.515401002178352
0.01862541594944905,1.1781502959284738,0.7833923289261888,0.648592575564128,57.8226687279889,8.540122944815499
0.0122169117916317,0.5169088481179088,0.802110207565138,0.6390504494944964,55.765905011763444,8.511223000190435
0.8851785332085943,-0.2441412539023449,0.11424197816876491,0.6236313976087237,51.799807897549556,8.507218769847672
1.91483901713984,-0.1441782940566775,-0.03310578646990836,0.5848183309631272,50.78666576018874,8.490836611389021
1.0356724009943852,0.04425395820528116,0.5621486011000231,0.5637059109858208,49.830894684908536,8.53038470312675
-0.09004271326959731,1.1144662124869382,0.4914134915599292,0.6119972032072083,50.64940080266637,8.55772686315002
0.43175300808140227,0.7228412113603752,-0.733538087511414,0.6406648725374179,55.65720937134871,8.601982464816736
0.5725340687760903,-1.0221375749753947,-0.6565251108371153,0.6196112128174662,56.87365770247138,8.593462673844659
0.6540069957437029,-0.7117107677101733,1.4933366361885776,0.6086704646280472,54.701310680047385,8.596101708094135
1.0322948245928978,0.809337273496596,1.233429587964876,0.604646508862821,55.50220475510195,8.591997606773978
-0.041328345500414254,0.912582414605645,-0.23651708251987602,0.641559514039695,52.025250341038976,8.59833668565488
0.6316775410220259,1.312676071676415,0.1305342298558441,0.6409510923866251,52.563555755594976,8.64811295195016
2.288203231351462,0.5755736913974892,0.6511192821583203,0.5813946389484943,57.24212521311658,8.634014770815169
1.2087710817272976,0.2983624852380842,1.061169983152358,0.6085099946403111,54.650625752517904,8.59794798616158
0.1176962614946039,1.4307149183280434,0.2764041981061579,0.6370576551328442,55.18279736251796,8.636529207042056
0.5677380983823089,0.20188491062600789,0.04608413982697657,0.6193942166392712,56.08504150301269,8.642835679364568
0.9295320696268727,-0.23397109562704355,0.9705866465486819,0.6648485501524888,52.86194767383273,8.65907471981645
1.1165863068838948,0.4038046178988266,0.5341806499324423,0.6636925988370186,56.320105747882685,8.691258213205701
1.9551749775566165,0.20378920541496248,0.40867067640908517,0.6308756922616108,55.87612313284666,8.687851102364114
1.538144023756236,0.6302891997144139,0.9948300838200664,0.6020595781695272,54.6505004364918,8.698462691859929
0.13460792838689353,0.42800809123490813,1.2620015130149762,0.5894812092893968,55.52951172040088,8.736269463226506
-0.46586327559028606,-0.08311235308861845,0.17612051432046294,0.634335406958682,55.766142551651356,8.706070778204268
-0.43146487700895936,0.1781499747386175,0.1503993158255098,0.6010857591780367,50.60816982264344,8.767283990517747
0.24234604684446504,-0.027047118085530453,0.6899220674876445,0.5910116946323263,45.71769323069428,8.726573848172578
1.5058047948573776,-0.586464054245688,0.3166374212591896,0.6325587740510894,53.216606472450714,8.751783963932251
1.26427742805925,0.2974173936904123,0.38593761741782584,0.6287127923694945,60.390912487424146,8.754375928091944
0.4796072684028646,0.2665047775801245,0.27473647215246777,0.6522649472764424,56.58192617630884,8.772468382670018
0.7309162661676336,0.26054622358292623,0.8343491233466827,0.6597366830145812,53.38604974458897,8.788891839901462
1.2139337233552858,1.0668107246156773,0.8679690359627363,0.6709024672636481,56.40621259850412,8.798676704801778
2.486326180611532,-0.1286770532077794,-0.2873003786408509,0.6378447257591959,58.7564754459093,8.784937653387589
1.627409953710389,-0.698183188776135,-0.4418489285595795,0.6044340017373555,52.95763209730703,8.78754170645105
0.1199388157975263,0.7623467141692969,0.20762889217877228,0.631528368543567,49.01663543854492,8.870063435818114
0.908168437075282,0.6111181117937311,1.0193586104536916,0.601541851275843,53.26152813092794,8.820320313207988
1.494548699430608,-0.21756688385820144,1.2319159926644,0.6234805159249899,57.2416272042946,8.85398424877344
1.8965367200471481,0.504618165364035,0.19239835928388266,0.7084716701717992,64.32629982605363,8.817847173789536
1.848269864180034,1.129087388186474,1.1338033732904413,0.6842821025140317,62.005582978769795,8.854407745601906
0.7459849522015467,0.7728593355647254,1.6918160662944828,0.6389337563311672,52.249211077036676,8.867456012320352
0.7500630711677787,0.08298082060405436,1.087273875096074,0.6416148293452582,53.832043549894806,8.889456301398557
1.4847757031358215,0.9205070315020036,0.8793864009599993,0.6112926446473463,60.65912464183715,8.835550917180163
1.6004041746714082,2.0892837977730614,0.5087280524547463,0.5638036350635247,59.93063771411325,8.903322812261568
1.3004041962166626,1.8680997293411528,1.0046769196440928,0.5641418739904318,54.36867484020634,8.887005170892643
1.424215246695617,1.0418808057513227,1.3474520513100257,0.5750048806683008,56.50077235428823,8.926486914223899
1.7559408226478639,0.14889075656640918,1.4567593498814655,0.6353947289537747,60.43340572625064,8.909273416063236
1.9143977696551095,-0.308418680967938,1.2841178921823562,0.6674589053860989,55.48036672489212,8.922890346081488
1.654819714510154,0.3575430695118513,0.5982477720377191,0.6163513294650536,54.78221468531248,8.944527447792135
0.8808959751160225,0.9825362202609232,-0.12336635083527085,0.6416008766894415,59.847728677779315,8.938953410607937
0.6306126708209219,1.4226503011277067,0.2008381680654119,0.6223480416008355,61.85603770317129,8.960489311065293
1.3181409905165868,1.5392480739778818,0.9536326233555069,0.5810905542876383,59.20389930858106,8.956132484629133
0.8370311080893668,0.0874804636512056,0.6763259159466343,0.610979097846863,55.36112354956612,8.953336590966027
0.41882807555469814,0.2888010632710429,0.7427052607748225,0.6560128828391756,58.60257850587351,9.020359141048589
0.6313413011676952,0.5418827375201929,1.5807313820477453,0.6669961614937917,56.47952382670019,8.98407902614352
0.4620918544817127,-0.17550487029099482,0.5903423377953719,0.6476280245277135,54.514935461630145,9.01642638224784
1.2987019882321018,0.4491973835185063,-0.554068988704328,0.6371818010360062,54.12241811350188,9.045057821629875
1.380593907057704,1.6395886014131116,-0.1657386604787567,0.6411225281178904,55.69655852967897,9.02770111794968
0.7653010461151883,3.0700196133163926,0.40688542365551106,0.6443538666218332,58.483659271892726,9.03349668200509
-0.009461762101663607,2.3761192350189493,0.21514684436618353,0.6087416226208524,58.99882464319299,9.064524761773349
0.3411615431169316,0.7301334846825223,0.737799247846687,0.6049952397900615,60.879618285940296,9.092358676454545
1.3445465004604882,0.6945966163811536,1.2124735836309677,0.6040452894431529,54.6572575844974,9.056613694698273
2.0537618753826674,1.230594475704713,0.5564531664592951,0.6050633317314567,56.99744298663228,9.08699704335965
1.5778454636186887,0.8035796757122893,-0.37317762809266464,0.6200323089238065,63.94075469068702,9.065350108100652
0.6065080620809873,1.2579294777579797,-1.0504516622852582,0.6816327451774692,62.59204955482255,9.102135979926356
0.8858038176959246,1.5338705071587242,-0.19163487706856158,0.6927945433774942,56.81711468899327,9.120684093690762
1.5656700900287517,0.8857082107747077,-0.5996673837906965,0.5943469729079949,53.8535115344323,9.1129075071649
1.3940452782629573,1.1042067942326848,-0.23349590596803416,0.5921327864914765,56.12819720336784,9.130860163323495
0.7455441975494491,1.066700392020663,0.7540823830647535,0.6403657035455752,55.14110405376337,9.121835464633852
1.0978550148842539,1.153780353254686,1.869667561181614,0.6856972667229233,59.01555040423757,9.16154157222763
1.0523636098603228,0.6349322917004439,3.1030600068173593,0.65811994734012,61.14279054471184,9.191113884977662
0.5259133440098485,-0.0631169984809299,1.3911463855377637,0.5768681085923277,50.16070195861603,9.15805712260459
0.5303685751638826,-0.30399568466686827,0.18437715710558056,0.6121683031331822,50.655423274022084,9.177546564668951
1.2911160536520923,0.19547764464270762,0.7732498468718836,0.6173569940928937,56.55054786257779,9.210050924929083
0.6815282037804675,1.1355948499110595,1.6783620512380897,0.5861751420260439,55.52198990322171,9.234241814386456
0.21191196220707878,1.1453025047033367,0.3619141636605958,0.6143925567923723,55.477982943631346,9.190136203755822
0.3758240007260816,1.593652306647496,-1.3825024758342366,0.6236985657541685,57.69006333827477,9.22662430525168
0.9075772743981241,1.362539701183477,-0.8741479517518893,0.6475111485754136,61.41797916195307,9.24566261644639
0.49675902575888264,0.8602361493324122,0.31076597065391587,0.6323040871073684,60.11514398891357,9.247958872187423
-0.37951041605627345,0.31775555770372577,0.8705775668264348,0.608374703632953,56.47479453751532,9.210464158662456
0.5714037701509337,-0.20959328430328358,1.1144519008729574,0.6252517611229897,55.67096658267636,9.280021800186177
1.6343415046869574,0.6845978695757098,0.26652373957803444,0.6359779006217403,56.57539155479641,9.310386727021813
1.4135752329012625,1.30327061321093,-1.4260765212567994,0.638923298069785,54.67980742998784,9.29233323502339
0.35392825122055244,0.8090900976223974,-0.3968632612815429,0.6462264527689916,56.08527797280245,9.279377878934117
1.3280967127604009,0.3493112533482393,0.3474679318618079,0.665019720398949,59.2486068449463,9.299737455072714
0.8824043221819373,-0.2620703091336268,-1.090425699842054,0.6640783881662704,61.65953628579049,9.355398261353113
-1.1568623945653396,-0.40421344658145064,-0.6034382922382164,0.6544649977695693,63.6549528896911,9.348199250817212
-0.21213342304749205,0.8004868455452947,0.8027508822069708,0.605236524966245,58.09681045910469,9.352800532367686
0.6369572393693027,1.26717579102833,0.669547841308171,0.5952955386142685,57.01632990748651,9.357128251670687
-0.09295159793966075,1.0728889069854892,0.044393202249117455,0.6469817657395825,56.36028170655625,9.34677725775618
0.5129685341693808,0.8107450795491338,0.026098050378332446,0.6640925623813136,56.05651398546655,9.365988576386886
1.1462000959033962,0.5645156351990643,0.0700882604107153,0.6349390635820404,57.14950990913306,9.37844154528643
0.5106973531684146,0.21004005889830826,-0.5238967813448852,0.6003825111021749,52.85869456117256,9.40099148632129
-0.2506404067695726,0.5564945267119349,-0.69558834049818,0.6034817228325416,54.85749137764694,9.43017837788534
0.4683423690219232,1.0977134056698008,0.2394325661203404,0.6335110114586533,50.73635457853114,9.432366762735862
1.4343099536197603,0.9948804565913805,0.757969573445336,0.6738535139704602,45.66595024860516,9.39161231288408
0.9492081538730557,0.5219484000893428,0.5817169220633686,0.6503996230474984,51.91578632238539,9.43447989937802
1.5481408592006174,-0.8001606468162314,-0.07633919141004153,0.6473946137716814,56.50647763781616,9.454735266903358
1.063401204210292,0.012004967420853996,-0.25076327731975556,0.6608110709396982,56.034058384686986,9.462377206602891
-0.6219650829928509,0.8498295363787216,-0.8413641614729634,0.635147827926573,51.886511184136474,9.447415324732251
-0.4321619384873375,-0.1295628644932391,-0.6610168503209053,0.6269191862086207,50.77222646701628,9.528282184315367
0.3085224350803424,0.4571671564944072,1.1423019249488353,0.6488345740093474,55.70598849473435,9.454458308753376
0.7768609909653698,0.6931205555828501,0.3163549251266172,0.6624015844310852,59.21232048948211,9.46833623106668
0.679750766498013,0.8769211286756117,-0.6906803672975145,0.7007748952638341,58.20088734022937,9.504671901625231
0.7348235363768747,1.3820022604499727,0.2112964862201328,0.6714727930258361,59.64566532908153,9.552336061099275
0.2303866494928769,1.1943905670533481,1.1310390382342819,0.6276726591420064,60.68686364455006,9.503276102985916
0.7769560495554177,0.2034815736911797,0.7427307388706722,0.6358912092282636,55.93328801989266,9.52468343268706
1.3623649687374146,0.46824074181058883,-0.22945834483448815,0.60134945125941,54.24568829054612,9.561545873460314
1.1998453787779082,1.2824157000542313,-0.9894502097509255,0.6144507573354354,52.61430999525261,9.549642756902246
1.4129984374461038,0.4923769747643769,-0.5912485823223944,0.6397597032519393,53.052365615633704,9.553307922909395
1.0834419275119913,0.4340177798450219,1.414608407099049,0.7131286798109278,59.34693051953728,9.581312658037737
1.1976776907223006,-0.2688894299545891,1.5019259715688635,0.7052341816902836,61.337651170123834,9.585450359804591
1.1938701574371253,-0.13568542085893176,0.47010586004666427,0.6041683338332762,62.06957089969889,9.610608775712736
1.2310626935378548,0.23831827852563991,0.49282518258934876,0.6157402064193276,59.60628054125458,9.625829377781306
1.6724994748784723,-0.6417714331100153,0.498776068348434,0.5922716329743973,59.473654675573016,9.616140061200106
1.4501134760784948,-0.8876934351014775,-0.06841487502359395,0.583290404728543,59.754755181781164,9.625834654507567
1.1407538860895945,0.3455577323416999,0.34912848293108945,0.6356999969811931,60.07561636475084,9.634282219645725
0.9983402503783054,0.7926774656306985,0.8688738287585612,0.658006885376542,60.51138302509605,9.649782611132986
1.364611775591845,1.0037689701204329,0.46639789502806683,0.6820897688114709,58.607646716012596,9.65110341275743
1.0719982679888829,1.0510717724671257,-0.13380848202540566,0.6497784780217595,62.35721745822314,9.659987830353554
1.2531246730026135,-0.5688992242611498,0.5094962561166749,0.6218155306769269,60.11271791509003,9.693932542416544
1.571956644993136,-0.858688875682883,1.3298880405638847,0.6153947096409649,56.97805743600642,9.7103223236071
-0.04318632623823654,0.6134677501435073,0.40203105405438366,0.5911014553931327,60.69093303330578,9.659848941107333
0.04165965282238915,1.0943527181759507,0.5709495063703269,0.6181448048995273,59.81960061745078,9.700200423034811
0.4172361714270322,0.20287509695362818,0.5989819040029041,0.6146496893114165,53.30235931100022,9.696226111331097
0.7742205347490588,0.3614051358748033,-0.2925748709520534,0.5966796065692159,58.99953282011825,9.71378057067028
0.7891491701183632,0.8870119892303238,-0.42328361235806367,0.6037828555432618,61.1345003283714,9.738050324194706
0.14645047529967056,1.3662741212816079,-0.9174587445050612,0.6280335669714268,56.18102078208358,9.753388767430849
-0.4712931042388402,1.840204205170746,-0.3014785974142852,0.6980916277071818,60.25259657938483,9.747757471127771
-0.4736397509729293,1.10219231135142,-0.331159361897885,0.6519528077364538,58.34161965554357,9.721733193305544
-0.7400942525315828,-0.2845093096096149,-1.1807950695983394,0.5607345524389642,52.939081161691014,9.750699088388476
-1.3051777083668468,-0.31078573025026257,-1.3026592368269014,0.5902950391319077,55.10180712578669,9.797929993404004
0.28768407930283957,0.4829502031086471,-0.731114769447937,0.6371559053599027,53.14593387689163,9.735191471559302
1.4732503666541765,0.20837515759142725,0.23187640309692334,0.6458875194191989,51.79897340561534,9.82374854303364
1.3064866157575694,-0.3997687161210898,0.11192054104071755,0.6344800208960081,56.90140902401542,9.820424599812892
0.43081326115060636,0.2545765247856058,-0.3338506780171049,0.6241405150130517,56.95344243695291,9.8463235216306
0.19494359847019344,0.7093976434743492,-0.7562620500007132,0.6446292474140372,52.48936638103062,9.82602861626238
0.6773451967725751,0.5544740374316471,-0.002430872750608326,0.6757989614574058,57.15683897643416,9.79877189151954
0.12273332653035296,0.20012438289328544,0.30876743625499753,0.6178779411925457,61.28145968210205,9.85860725283013
0.8769485432422717,0.06909736511105595,0.23511906339131244,0.58278664215725,60.88104304882697,9.885493062480766
1.895526829409438,-0.013199702646614048,0.06812808432497469,0.6371510405203455,59.97925500133351,9.88849443611027
1.0340603878940902,0.5476716970451105,0.00083769308397319,0.6235680831374755,54.20849271553284,9.86674617033024
0.6095369583865793,1.5279847735675864,1.095458452945646,0.6616450633397433,55.538683604452444,9.891735221509254
0.8249252455582468,0.16036347391259353,1.2983673798980262,0.6688521782059051,57.2063937056894,9.889343274624402
-0.20867031186810459,-0.8214447865190403,0.4408788502732838,0.6246835794931525,53.5961857229037,9.893614670716213
-0.43573561081911993,-0.6460436459185854,0.2767528333963854,0.6546123381765401,57.81726214852358,9.939107771423595
0.24485449567718534,-0.505728345999382,0.3629845533810487,0.6410054948882866,59.213138199097585,9.906049353774696
-0.13165202172691454,0.20138913367692446,0.23868255869197874,0.5810835755287307,50.94515955297051,9.922123671388368
0.06950475211206661,-0.19784967194244404,0.19656701802436316,0.5852922913324765,55.828398207929425,9.927919487330554
1.469872816767345,-0.6164887565834727,0.11081672087583315,0.657335590682375,59.175467093217385,9.93019504953402
1.9315591901268867,-0.3930729957485094,0.3800263216287022,0.6597725349422717,54.34264018961559,9.972928285836852
0.7478412280937863,0.17206241254006666,-0.03412802707804785,0.6130186227642331,51.197064224402794,10.00323006096964
0.71442598442142,0.7092851041253886,-0.6477567189685949,0.6447257654280414,57.07612563526493,9.986302464875097
1.7004079938888788,0.2453544997837374,-0.8449912479516954,0.6577602098205515,58.27304109764624,9.969885043988716
1.8771482409502431,0.2996646043617587,-1.1368299885670314,0.6220073434983397,54.07395904574848,10.02679889079484
1.2080005039003885,0.3877651757632,-1.050842659620136,0.6341560773971107,59.5863592829544,10.0537140350807
0.4229300698742765,0.1640990215569218,-0.17061845582468682,0.6663218122354477,60.50167587652861,10.017075153517068
0.7429413380040439,1.2747369460262705,-0.008013469318859545,0.7222712075437905,58.07813725302762,10.030428914665649
1.2638672158507651,2.081366864110919,0.1694199075361536,0.7238263142513682,52.77682823763193,10.060313212601669
1.3630669653408953,0.5954220375242989,0.6335279377999062,0.6934224343743751,50.9087998910248,10.092437474955702
1.4846249697540648,0.3406295575951594,-0.607174002893139,0.660235335964855,55.639613344680235,10.059603317085497
1.5625195136829255,1.3966902903312017,-0.29668568701704545,0.6057355934125213,55.70313822196155,10.053351004380035
0.978030803344716,0.4082642740417529,1.0933231406393662,0.6200859913843076,55.749183989682756,10.102628372125448
1.1126662747852707,0.4125266556998345,0.2692614092526242,0.6485549011716464,59.42862564951869,10.115981361462843
1.4797984791948138,1.7561960963088676,0.0743152560457947,0.6201767581536652,61.33363217685262,10.110122629008703
1.859446678973343,0.7861067083356779,0.14335487290015156,0.6132581062811868,56.57097322311365,10.108837334806852
1.4167677638654186,-0.44103882435128294,-0.017548312031646945,0.650346824114892,59.66347910889137,10.14988757461984
1.2478340254184697,0.6296361492191228,-0.22119099866300068,0.6638819814945561,64.654773827639,10.15056072009096
1.6920981224776368,1.2247070521655261,-1.1662220151629272,0.6666491970427966,59.16602126884955,10.13463128966193
0.4991220153708474,0.9921862933899839,-0.725024008350399,0.6650564396773924,59.978312327986416,10.160981894626111
0.15893850289542205,1.0273050832038557,0.1100221429210011,0.6399169861176461,65.9032651049896,10.142965849359507
0.32518864688854543,0.9474867430746137,0.1029482890617131,0.6199383114546009,59.58977135748642,10.193717809128758
0.7799293333997237,0.11452790774527133,-0.42684511877061887,0.6027827022431171,53.1202432840887,10.184755328612342
1.202235527797693,0.4434106376183707,-0.4275974048873557,0.6603925531455775,50.77811234987814,10.191285783352306
0.7040173489105047,1.6920135350142465,0.29942264865582063,0.6908455564675187,51.83004575055718,10.209342510296953
0.4311371050453227,1.054231146695956,0.47728306280165034,0.6407478133496318,58.69675846788395,10.220806153986606
1.7898370826036034,0.4482695126015854,0.4342435999524197,0.6173347114544498,58.12437231048759,10.247898601231311
2.6665007600675095,-0.2020170296158143,0.12198991292810141,0.6964904446641276,55.581700741009556,10.251821810626504
1.8142422118816532,0.07742066032648176,0.6169557531281042,0.6930200051514784,50.562967701976234,10.246871814424145
0.9701871621984571,1.1295749694878623,0.36428408321936,0.609050318709744,53.14028380083202,10.27527336299438
0.812755787003631,0.841923920005737,0.022562672546169116,0.6464223996790798,61.90980426392174,10.278014745073833
1.1012278305677985,1.1186437161103635,1.20195228544507,0.6722918812194505,59.50557187888933,10.27146800727428
0.5305306808925244,0.9832724461464962,1.198983581417688,0.6859872209493029,56.97428345448947,10.287505636835272
0.095798222098703,0.7039705661844926,0.5071333195468217,0.7163150687565394,54.53861677310352,10.29703554222314
-0.22638273595782965,0.3617488493548526,0.0028881479824141992,0.705163668019277,54.58864757260753,10.320105226863484
0.10263189033954195,0.06824164799738075,0.6225514851794869,0.6337156445824905,57.53270057462661,10.312659547705568
1.2612366934127666,0.4914685254184681,0.1755699440216697,0.61478103432454,54.49077100171863,10.322191816271568
0.8207466972434991,0.6164703989025053,-0.8271786135497505,0.6490205728931657,53.58046560587054,10.37937514618868
1.2848569053202044,0.5194559004636915,-0.314112635523245,0.7072928113154677,54.509629490125896,10.368794709634942
0.9142821012517801,0.34163747863383426,0.7901337715641055,0.664794824298625,57.37376984522815,10.344787986711497
-0.6041839242150872,0.9399963657977142,1.1791538704719438,0.643296545148222,55.08453876015248,10.381418819878846
0.12163961284912894,0.7879223820408867,0.07666151060235182,0.6828825006041017,53.1428151048321,10.382367001313105
1.3780910005431757,-0.42781791702275856,-0.2680187619690184,0.6739068106108199,56.32669162565362,10.397831023505203
2.1085437332751833,0.6659279907255079,-0.09080005662051324,0.6670020427128731,54.5790298560742,10.402746826491304
1.3562672468176953,2.1605154174665384,-0.2901833019032993,0.6251384228355897,59.18152026809021,10.433792852909704
1.054358614087468,0.6401639548374662,0.5067804475647671,0.6466030694931333,59.80252759209709,10.42691240689303
1.2652613070546437,0.2948626551412676,0.17616077719131157,0.6841676201805438,53.64442026665642,10.428758226035717
0.6403220366516456,0.6900784544448528,0.4914638239216382,0.6898401840956154,53.33953705508412,10.46084381153966
1.1021210364283944,0.4775399965142329,1.591807631787232,0.6732897517901208,59.51647751984373,10.454665700821758
1.5153109218885734,0.8767112833230988,1.3332054373634241,0.6341357363202434,63.35165842872927,10.462429571586584
0.285999670936172,0.6283356125258555,0.6879782344000133,0.5956416365857251,56.52112615810547,10.476280452049725
0.6988232028754693,0.08991255225235777,0.0679344377001393,0.6312644781288184,57.91158994658728,10.478127819532672
2.177779754724379,-0.13758223672116343,-0.4168143154080579,0.680974349322126,60.76196466074917,10.490184539859907
1.1274430253897259,-0.203223524642139,-0.603817761260375,0.6364884110536537,58.6466672792086,10.488266108224762
0.636013911317764,-0.27329226557278413,0.359942967965086,0.6125697914167503,57.29087548443586,10.49497665560752
1.1965251514969575,0.15178638416960694,1.2706631005307152,0.6251883461961751,54.78134992709527,10.50002859227035
1.129675063973266,0.21038933075590088,0.4706146664494437,0.6017210364856421,56.494106159443504,10.502160334264058
0.6082221901922457,0.585576345663336,-0.3598124347923577,0.5930909061259116,57.01207601467755,10.52240565277231
0.1427884195943256,1.687651254913123,0.1184737616341366,0.6019627172619251,60.716697803809396,10.54651465931066
0.40587875730437245,1.057170438398239,-0.3963104728279433,0.6122357611364669,58.913336078521205,10.562062351648914
1.32876974718614,0.4338214480244112,-0.024628843690952307,0.6222570418549986,58.2189868995514,10.564574068737048
1.614061656262138,0.974262460887347,0.3116279896755153,0.5920368533871401,61.12106550349526,10.532885930197454
0.843104776872462,1.0911331831057431,-0.08138440865066715,0.6612120058662281,58.03553586924126,10.621491727155249
0.9578688511824776,0.8798400989387675,0.05499346940622824,0.7333436064202394,60.40387537063994,10.621729602457808
-0.28038049680644783,1.015752009685439,-0.2416232097235672,0.6634463243746147,58.08768576090667,10.61891519702434
-0.09113220566150915,1.2194706890941713,-0.0188136183663761,0.639086300271836,58.172560268910274,10.658149813451066
0.4639970115475381,0.22987010577710865,0.2684082433509795,0.6691413723119799,52.986471830799005,10.610452717650327
-0.29089151305702043,0.42389549865786413,0.0863591930934537,0.6922509430215884,49.033024998828154,10.67775250241252
0.01984522530201674,1.4869439654813315,-0.1697094303211768,0.661492149366166,53.49887558175904,10.63069571846499
-0.4455602455738107,0.6712947182238517,0.1763392443511634,0.6591606318530014,52.17223234671508,10.664774758505828
0.6954028917115802,0.247190054340729,1.367736087579007,0.666071084170942,53.95215023270095,10.644523253497317
1.1096078251991468,0.971069439862002,1.2782747667486225,0.6055148137237779,58.05743814691519,10.680293881910886
0.7031611686583044,0.8480154493749676,0.9498826380995742,0.6374588195684255,60.35862320119142,10.697723329959969
0.9142662761577174,1.0434118138788864,0.18518545724480895,0.7032672995323135,60.003588136568794,10.69690619337731
0.9802495451869795,2.330576808004695,-0.23363553242234109,0.75000456914433,56.589852440917255,10.724277548881805
1.0428355764397585,1.4016666048306454,-0.08685133118961347,0.6878854361706259,56.91734960530975,10.721980288989746
0.16353384701697227,-0.4702201070294749,-0.9038371164609192,0.6408036632159902,58.89944546750134,10.71955170543245
0.623971107493474,0.07525404411690145,-0.7244812625633744,0.6606947230050191,60.324192755609054,10.728663733643954
1.0193037242901617,1.1271294352833081,0.6102882665508923,0.6629486578977121,61.96296823864131,10.766218275452314
-0.25640583848022436,0.8603587875849331,1.4553392827567628,0.636574409468381,59.70616681643344,10.74692515940386
-0.22287033109946508,1.2267797037088262,0.9812493747187059,0.585564156569428,55.527840506532094,10.7883080594097
1.3065153098306252,0.6734818277960337,-0.2597514214195526,0.603072484027659,53.826422044980916,10.804454235856635
1.9463985576533873,0.29388264467776953,-0.4790367099991912,0.6367587888184371,54.70222912411957,10.756625722753078
1.0224073914153615,0.6608269711863947,0.4385209725381717,0.6402715869907522,55.55358664173972,10.822658527746022
0.42338246448246,1.1746284498006851,0.6247868111629687,0.6549168037034974,57.60533407263978,10.851208453968894
0.43760580236075763,2.4743883737906387,-0.4476025868867422,0.696759160080016,60.188583845581164,10.825040075224038
1.6513234425834518,1.2319429638217634,-0.9801722275444474,0.6954151992699262,59.397809006898925,10.841981683705896
2.003823490590979,-0.0385214436901384,-0.08995691973690323,0.710355484061612,57.65733296416056,10.860740106487382
1.1811851186891529,0.775172630717884,0.6237048571731574,0.7059046705234735,58.1505434220296,10.844490353696418
1.5060739158723564,0.8569577108038643,-0.44196277316092786,0.6351555210300595,56.827616132278166,10.863645604470756
1.4111624680731376,0.40502999537429163,-0.7908128175179223,0.6589872273887463,54.163017688501355,10.843716009407538
0.7672144644299245,0.6118613675667015,0.3791328761130566,0.6744236985137124,51.07133419088603,10.88277270057061
0.5503597566572379,-0.3246977645395601,0.885358256252622,0.663242707424005,51.654089402631826,10.899962239912892
0.6447949961436168,-0.3437390108314364,1.1606200615733937,0.7178579279846447,57.23269574190867,10.91032326045853
0.7250735987142445,0.2718055172617524,1.0274571248612197,0.7066576250173772,57.22043850483253,10.931308494471953
1.1254037965228258,0.03273481613543244,0.2814154775330639,0.630053258530995,55.4502052409288,10.904503956437289
1.1707026539644556,1.0999865419283736,-0.9635138522914628,0.5958237133566022,58.3807100173891,10.91934786486653
1.1739227170368147,0.718866343015079,-0.7597125793296665,0.6664392546144586,60.284099314841214,10.977910146919829
1.108306280361933,0.4042247716811082,0.6954617999777969,0.6853094508927449,56.42633692872592,10.946993432524726
0.7820186331952481,0.8935685906812796,1.5890728404122427,0.6543731368507826,57.62440954163394,10.964000675746249
-0.17600862273345536,0.3476577500858212,1.443888877098385,0.6777147736525551,63.14876485826835,10.968659799165495
0.2435524157427994,0.8828970003040286,0.9621894228785661,0.6932764660876207,57.838639786918435,10.9635663834739
1.416611792240909,1.1933745688628385,0.7970920940641859,0.6814188102497789,52.967820352257434,11.022470584217835
1.4581678061025538,1.084066956473196,0.3047197074244581,0.6589369886738712,58.777319665999904,10.989445971761588
-0.16248932466022792,1.3987054764816285,0.05022713459619499,0.6442932414775375,60.47692599979513,10.98745428952586
0.38340776908336904,0.948316623306649,1.1631786690312804,0.6711003806469447,51.95690238613062,11.010985194453944
1.7624554403856862,0.15867776281279086,0.757287211053682,0.6928992893235603,48.831980390267745,10.989965879965489
1.2730742926471401,-0.2176714718479993,0.7304992416369719,0.6651622779324438,53.76514915879677,11.026974250700338
0.8236309394450209,-0.3236865325571542,1.0411215654284105,0.6785188067371893,54.363894257747575,11.030637428042954
0.5766412798906069,1.6940077804025548,0.8968056227625536,0.6818684131310013,53.960906856918264,11.072348572618546
0.5706012581496035,2.7296246727868736,0.3547695934013433,0.633667010204425,56.95665197966931,11.056531715208802
-0.046955378446524754,0.5801121140549476,-0.014636962422341693,0.6180615548666978,61.65299587917782,11.097756078711576
1.4374828763567558,-0.7028848176587834,0.3207428724941462,0.6150275475739253,60.85301851723,11.117969679861384
1.6547409526060441,0.21415723333092046,-0.6794854259087424,0.6273345238880286,59.88588446890567,11.115623506725752
0.807156508545572,1.1495904474181364,-0.201475938587929,0.6827891110107894,64.19106762739766,11.105692234222795
1.3382463705546817,1.1836711712440202,1.0112509498136788,0.6696149411567307,65.10263526467655,11.122822289934112
1.478085674234182,0.7831327128046354,0.4798706074529875,0.6436266874803904,62.24976930587914,11.09950030119712
1.1189760577446524,0.4465355021709505,-0.7740158689326678,0.6474797926220797,53.7629202257321,11.137324412549576
1.0543304112745222,0.7385249980539256,-0.39711013366186754,0.6364031318214529,54.210243868608444,11.132791230638665
2.1815435476049307,0.8447704682284883,0.3090375803202722,0.615212294419119,61.74661442057032,11.173886527622988
1.9709684441380846,-0.4282476431985104,0.6294771744065288,0.6163495239786032,60.399032456302706,11.22145504778489
0.8705249711594902,-0.585522124606325,1.148349522618893,0.6494008790397223,62.146640374787566,11.189996432719475
1.4253763639631485,0.09899668166373321,0.8448395163469262,0.66856449262614,64.50604000487536,11.150177197020906
1.8783046033677158,0.3020740434320336,1.2981512862033433,0.6791321092092603,61.57241173539978,11.192775396141714
1.947207354427159,2.220978598890343,1.440333647248766,0.6358080667411785,62.145927572576326,11.21244981850749
1.7145242952458188,2.317685559199687,0.33972613498971427,0.6574739592674947,61.565816720677155,11.221747148505203
0.5502214823834464,0.6688630518382301,-0.5778175186878158,0.6928342976534576,52.62498665700477,11.215383737487825
1.0482869338024614,0.9465948071161512,-0.5355766277009203,0.6708321387384181,50.550862613007254,11.24490583485274
1.0473314899414186,1.345275430833404,0.1023709772864552,0.6654879631548516,59.78295689244587,11.225149983261613
0.3826482526934465,1.094993762097146,0.7142105337268039,0.6477271483014708,59.018973883706636,11.241101825546298
0.5793978204761707,1.157646952126823,1.1140032166073288,0.6535447248864292,55.474520515325246,11.282915952832074
0.39672571084321717,1.9764433263421202,0.044523655791814665,0.6785213312218112,54.8885560436439,11.259686735382402
0.9389596372876957,1.1081456490977744,-0.10023356489456398,0.6295468397010661,59.91419175757127,11.300764232109849
1.1324222145923877,0.3172617421151783,0.8255739799278011,0.604331067125811,66.73716164870457,11.27261072450688
1.1797161828413492,0.4200872318138144,1.5038198645577285,0.641772744405972,60.07483088567892,11.345296517675836
1.8266080059285956,0.4615993536056589,1.6121636605417609,0.6617889897385932,56.246492705937186,11.30451460155192
1.8431295758510027,0.4660184998798284,1.228928706145113,0.698138398403473,56.76207778720948,11.325526668563931
0.9149104199594141,-0.0198493930673906,0.8155771178871949,0.6725835721528083,57.93834234664581,11.346612265221808
1.170901649629662,0.2925207425831509,0.6296671915847105,0.630444710090796,60.92093312199235,11.338693000949975
1.888430008020366,0.9896843460844951,1.2247340427717377,0.6370678369461636,61.41998341627766,11.362868119221426
0.7932973125907504,1.5970283622011026,0.3645467394617177,0.629621652620608,60.98271980527215,11.381507134490404
0.49797689933641864,0.48683315133200333,-0.43456797635830996,0.6338983022655771,66.29911935504074,11.399212264650073
1.4630819743434234,0.05564482188716818,-0.15410625385507581,0.6733495067745017,62.906661786074764,11.40582994871946
1.0163149840215575,0.3242854197622216,0.2105473672579939,0.6558262410248115,51.29878584684291,11.396563790723947
1.3542968158049775,-0.33186225404892256,1.2123002276030377,0.6473945046605467,52.8930177204467,11.407067364519127
1.4287655702517694,-0.08500901486007398,0.7245939230209685,0.6313357955508088,53.2567034054679,11.4669821711605
0.8044151866147902,0.3905738832761309,-1.0853119503976147,0.606749945017543,50.51542119503717,11.448997781364984
0.7936218642721781,1.7130124886875249,-0.9925777814077832,0.6412032275191636,51.93925318627352,11.421563526873594
0.7393379576101999,2.0843056326222302,0.6596686664771687,0.6972511285096822,53.372084560540024,11.451999763275312
0.2784511225875933,0.18271047609879787,1.1349513886058733,0.6987612626529265,53.49597390399038,11.453297137224435
-0.44864904621722834,-0.31558460164057395,0.8926650446439878,0.6020016432504138,57.10414150651357,11.46729331532154
0.897455825125918,0.8844876334776912,0.4842108403733377,0.5590424374543117,58.232362071505975,11.45541009684584
1.1947153885469606,2.2116678590245726,-0.3690402535003139,0.6150672232058634,56.49517622104184,11.48176153531228
-0.09751852151061981,0.9085563922173416,0.028960956390689296,0.6805266765287543,60.00337877283811,11.536231115463876
-0.750018107870254,-1.075055349760696,0.2516928176247998,0.6892052925673804,58.54350686089634,11.52158152601751
-0.5730880107037922,0.6539907310706218,1.086451421644324,0.6781932330742693,55.653708140712794,11.47017677183697
-0.15722305432262465,1.7893318493520436,1.789203328980424,0.6980062858278415,58.49106238072924,11.55433446984996
0.9839801958733703,0.4202747327544168,0.40718820915474996,0.6804702119210004,54.30565558877109,11.561792590458184
2.151148433531496,0.49335402415663004,-0.18340062057529244,0.6739294451406412,47.43613981399294,11.542814293913873
0.9867804771575089,-0.3898016423871782,0.0608088255364186,0.646761812790021,53.16250060036839,11.574345270875664
1.6088046314414055,-0.654856595123368,0.24710788636138745,0.6019083123225105,60.361948036992686,11.552812015783656
2.444477343809124,0.827499697833061,0.8523542755746882,0.5976756088314874,64.66435301496,11.570594885674671
1.1565585456657175,1.288518851329843,1.065670719599116,0.6135711313948061,63.83670246604037,11.619970927213396
-0.5833122589838069,0.6182321257884789,0.14179536052140462,0.6577335950930548,60.73264938488517,11.594565399202606
0.7252895153489345,0.19951247374769102,0.9941650163688025,0.6676002241720745,59.855878549083805,11.5726053667609
1.2809209356869824,0.24431997389061366,1.3849924497247075,0.6704467976825234,58.556745272731874,11.618733935544377
-0.686534927803775,0.3297401080525401,0.8245493432727942,0.644548386363179,63.22071694890124,11.628428232141712
0.5202513178659026,0.34535109692726923,0.496139321931833,0.6383882406872821,57.174814812455026,11.66396737138747
2.5635416907970443,0.014180636536447813,0.2936346959611759,0.6242838664990434,54.047861314840986,11.650286728443517
2.7451076803305425,-0.03548206265070725,0.7536603433966828,0.663263571244292,64.70395814817908,11.651568353771196
1.8079008334701454,0.4947083148676791,-0.3723647183821258,0.6932520453935975,64.38215101510383,11.690901122904624
1.4138563913305884,1.4224134076175736,0.48007523941812624,0.6470921272958108,63.17676456082313,11.682415804650022
1.5593244069776218,0.9801068387534858,2.070579514069006,0.6945492465859747,60.90579660180676,11.674999546368683
1.6421263273214206,0.5705721149316147,0.8647016989072218,0.6758581954799481,56.706393421145954,11.723099951210834
1.356729056199014,-0.03584147038000296,-0.3313980036404498,0.6081379686746587,58.37038351377162,11.713873235290336
1.0300801095646288,-0.20422695483696318,0.04133785947584967,0.6119315831482872,52.91367251361457,11.72005851933359
0.858902629913239,0.495538280985384,0.6361789775525053,0.6385174357132113,49.91656415084819,11.733558167828232
0.43053457978702214,1.9563449875302124,0.6405900430738738,0.6768566938324772,52.72550211361575,11.718586632571668
0.3222084015864557,1.4260356201904505,0.69338728960525,0.6971883243345219,57.708259841153165,11.739446924476434
-0.14657291479483958,0.8482995310781294,0.769030708118128,0.7508403757875681,62.63797826665385,11.760071652036656
-0.05469039347576815,1.9032842677245627,1.3972522578585163,0.676255636986215,61.40005214116946,11.766106726099506
0.2982072563295252,1.3120856876198592,1.4285407639114058,0.6273171030335631,61.28707458192918,11.805448567656333
-0.20370279259792595,1.6935383800109696,0.18041756290206162,0.6697676093308883,60.07375790618901,11.79434811705454
0.3812546328373313,1.7398447510957804,0.5780047848354941,0.6400318001371704,61.0254778007292,11.817098078452728
1.6297652309005757,1.0556859438586255,1.9234972141761382,0.6386087205017411,61.464970401944406,11.810187907091516
1.9996912546080523,0.8436447180728688,2.8186015532174844,0.6306928167103729,58.61194930949303,11.841125769674925
0.5191546059072235,1.2614213984746656,1.4369046529950713,0.6884432000384181,57.93314458258742,11.837950555131464
-0.4341029690960424,1.8367881789153275,-0.017325309544304057,0.7323628342405768,59.506758620942186,11.84026840970777
0.8222477229927134,0.912736930984355,-0.4962702463774689,0.6909725720960368,59.12489112539653,11.84973433822082
0.8265328907917867,-0.2945494461940231,-0.34077927662147217,0.7038334919894761,59.86199133713122,11.84091122747418
0.2445455180822258,-0.08262928411729795,0.4265273240311647,0.6655833276496816,58.09176348970408,11.880138314402728
1.0115300606467157,0.17754686800971,1.1120330413955666,0.5986832648108454,52.91054237271902,11.879195905309274
0.6403892044964697,0.2478467364263085,0.9991831036111914,0.5821902548950619,57.46663007515589,11.879960160796376
0.4187657043402332,1.2671569229936488,-0.8067739146433864,0.5981154789318648,59.99970813834943,11.92212923541624
0.2366399805960079,1.0708402197843787,-0.6547409018438256,0.6567500946609626,57.15356067298095,11.884995679482104
-0.1160167981695196,0.43128129881296917,-0.7975358703272338,0.676949881868965,59.60721350345772,11.91155008209135
0.7116017126439104,0.6895153307870092,-0.1859968745807894,0.6767839257344552,59.23093647145592,11.95055437497559
0.21650346413674193,1.1357142995718865,-0.23043711395885125,0.6390789997661066,56.51243696734694,11.946310458818404
0.27756466232873234,-0.016169897798166355,-0.5914006524793971,0.6555672798115719,61.53580834057065,11.949042821446946
1.0649574259142858,-0.7431636492570096,-0.5974076411378054,0.6969773478008109,65.8913153036788,11.965020070863003
1.1216798304257192,0.4864947009014769,-0.7714279358561762,0.6953677955287222,66.3313889170073,11.973588283420977
1.24417059320445,1.3904561635240036,1.0895244501157186,0.6422010123896078,61.78536657297649,11.949666749074282
1.6507106272658574,1.039434930657612,1.4303546962434668,0.6318048860795145,60.93827627259244,11.983014762293042
1.6020806078405396,-0.4983090635503083,0.17727621400026256,0.6495727687779393,59.27835660833611,12.032330433090277
0.7060224185740506,0.05806972021230994,-0.01829207804564731,0.6319953752508225,53.94149012190039,11.996813517304457
0.7052737150492981,0.6792367158468797,0.42282055860057266,0.6751915879712821,50.444880522591774,12.013633979717913
1.192340296413178,-0.22488049965492163,0.6750948741333471,0.6875449686980759,56.90145617697384,12.019167584733818
1.1563363763429475,-0.21880016307227154,-0.0169853453877597,0.6530403059942952,60.62479414867514,12.038259695533638
0.905698003709754,0.28434232467143183,0.04334051675573264,0.6510627539991196,56.13344015739176,12.038337543373515
0.5309869209265836,0.29471452428538497,-0.6250687192637122,0.6342058298691233,56.02472688809185,12.069734830043162
0.1799554128322276,-0.7152339884097774,-1.2359372342277533,0.6629486451185822,58.08611942111544,12.073946268245804
-0.16963658288118216,0.03624327932934257,-0.1275209415106081,0.6962478867688788,59.429994086973394,12.09547095230214
1.037317043770821,1.7770356655446857,0.5044421458484459,0.6955979097344165,54.43718670289626,12.06898117667622
1.1174028582580846,1.65483539979732,0.7602518915541825,0.6877096773010336,56.48757522798535,12.093193190342342
-0.10312331595027951,0.4491268809719981,-0.25883565026805044,0.6467994882410977,56.17244035487275,12.105485547367756
0.1603194652438236,0.02319195535493354,-0.7622902413734629,0.6410010700091645,52.98191759394946,12.129112938201771
0.9549490488970573,0.5893459699790603,0.04018868846991358,0.6761377772682678,51.30616783224042,12.11413557605586
1.1673926388187015,0.9900607687602219,0.4935089785876726,0.6776496272576139,49.846934827865724,12.158313076085168
1.344516282966407,1.3280635077604388,0.10496431713762563,0.6720031240322784,55.567628501562716,12.173728311810352
1.155960606273546,0.6621512506166833,-0.09556150854455621,0.6803205522803699,54.22333164963001,12.140222553047288
0.6723014473316393,0.3695506214908706,0.5424419429944911,0.6149495432293118,50.08129237660512,12.16018254210213
0.5920880291067543,0.9658495602141866,0.5243699494574031,0.6103959607329943,54.99385814436101,12.169361369834158
1.5258803081646068,1.6533347801072371,0.13259772700475164,0.6304602971278255,57.34485317851326,12.24264772409355
1.3504694215627886,1.7775196847384254,1.4767697056211602,0.6457086761711573,62.33801502157415,12.191401997895843
0.4335200090726673,1.444708704379249,0.8093314073352649,0.6455691473949782,68.2889215896983,12.243552508843123
1.344922455336532,1.1349405854580155,-1.2012008543508061,0.668013916077397,61.14617180575275,12.194667360097869
1.397626445231827,1.4462136513984554,-0.0972073053680117,0.6956401722170455,57.96142244953111,12.210206980676713
0.988808971609983,1.6097535724399712,0.4897499279137957,0.6681938540868235,62.01158296143821,12.226267909363036
0.71771386930058,0.47455188177788143,-0.060806270215288095,0.6870110132969506,59.13218973319909,12.23308621377107
0.8329782310120484,0.9719273058871755,-0.1117055304922639,0.7156915457744275,53.52727746258555,12.25464202531683
0.8251023763475764,1.751994734269922,-0.0821294388631804,0.6989347327921085,54.99737644720701,12.25582443594557
1.285850995038536,0.829359575669533,1.108075204392077,0.6557000112080915,58.31126406424783,12.26361316814531
2.465328292931515,0.2412332927268448,1.6393969022264225,0.6119961988561414,57.25974690792202,12.313169439929467
1.7053576383132025,0.6116149128879144,1.2715970002632702,0.6142679216756061,58.8048012281991,12.324475872450265
-0.0840905559889524,1.083525631247776,0.16277664119941743,0.6433298151688222,58.02453641594225,12.328985929967509
0.15122910862239627,1.0344558285194456,-0.843554584878976,0.663300454676121,54.04589833941377,12.330479979111686
2.126700063522154,0.9590896046335432,-1.5546229885838372,0.6702450480704811,56.20257774563294,12.331854861315591
1.769718599995975,1.7109939961325775,-1.3833791327072498,0.6849098953035713,60.05464480883358,12.33005938618668
1.3001371301739089,2.0916830725550257,0.5148691883698225,0.6783569448068666,56.84747298603946,12.330936849904898
2.541539617480054,1.337594017925795,1.1783902549269145,0.6598755505908692,58.20992224492557,12.367259914068653
1.4459018901870822,1.2730495692185413,0.5896394283995531,0.7049427777091706,56.732479723066106,12.346527392149063
0.8922578190245589,0.6620416588487068,0.3203734268078708,0.7150573964859801,52.974117511629885,12.360121581416491
1.9839650477258846,0.39092173046481715,0.08704468513775963,0.6840997311204556,56.76244697840665,12.413058265124096
1.5106244339225625,1.8124086941215893,0.2009316663392079,0.6606484489798139,56.62431930639653,12.438012980834442
0.5953507385901721,1.5049940584784454,0.9286709755087478,0.6464615618607654,55.86383742584316,12.41786590276333
0.4947889483926531,0.17709575632879543,0.01870553874414893,0.6403878008419581,62.13923087607386,12.442129143045891
0.08991555938045985,-0.03935390324510055,-0.21405235893595476,0.6428363733718718,61.43181980018519,12.42508303365112
0.0568320401048375,-0.15978162058030487,1.0604658683881447,0.6831363099208904,62.86433586342528,12.413246516278246
-0.047044931646798,-0.22554629332117865,0.7034492781293156,0.691257234039768,66.09151099818075,12.462243432372372
0.29535037129887787,0.13458801308144852,0.5879395468538036,0.6387642205932411,60.22574249811154,12.471385786465405
0.5230486854337445,-0.17524270541757342,2.2031743117132945,0.6886586189586543,60.33067439508367,12.471433371077604
0.6236147034825646,0.018392347878689985,1.8010100073010864,0.7305450347284261,66.43250388776417,12.475152490837898
0.23136829219313132,1.172886281387782,0.5906937082090014,0.6513101766457141,62.76506845729698,12.50924421157162
0.28063024868804537,0.7117708613659679,0.27419396101328125,0.6324077829426762,53.646352249656715,12.48028533933145
1.4760573488773807,1.020846073319976,0.16852341545317434,0.6704964867828278,54.250317230886125,12.494524388422189
0.31446420776748385,1.730692044683681,0.7680451679165516,0.7243004715528947,57.13886785846909,12.499837869864791
0.08544280816986694,1.4869122127012728,0.7751981548921252,0.6939684597823244,54.71875350069806,12.531699459252716
1.6968599219753,0.9031707285378544,0.03557208068807455,0.6758976346904004,54.701391694413765,12.518242139757817
0.9057259239889706,0.8157148862855811,0.041689194357260484,0.7387305660777927,63.256835302809975,12.536315156389696
1.1288924174542354,0.5992370500404405,1.2829922217120369,0.6987561497236416,63.58665364390599,12.545884888755456
1.94393722776592,0.6176700239518345,1.404486616448105,0.6569741078344391,58.62822012576421,12.56478783335332
0.7558599027509232,1.250128481072704,1.1547396397667367,0.646925693533571,56.71144849032379,12.55025251107192
0.519180655522107,1.082202177673289,0.8122731706446888,0.648919964734681,59.69658936197149,12.591744099840746
1.151564835945232,0.4090570419905451,0.7065870939621532,0.6740559058170639,59.184556513416034,12.624946073013293
1.21816686676335,-0.3145316521137016,0.9650843962182598,0.6957766435527426,61.561415016365835,12.612709827446334
1.2090962030087327,0.572451596851864,0.1150363098043182,0.724088938943439,68.46654428157744,12.650826422896028
0.7114715070459031,0.5463843529045135,0.13502029123702206,0.6890382466324504,64.49957943956437,12.65667996371754
0.527488719123817,0.47994522685383,0.11498472250201253,0.6127434925079012,59.644540312917464,12.655554700944958
0.28168306349406935,0.2711221627622549,-0.360358519198291,0.6310577338981482,61.58646079969749,12.651493716852736
0.14210441708473948,0.4641779600724751,0.23051136430958097,0.687722258009626,64.35939273828801,12.66045000776491
0.39772264108789407,0.5320570429447908,0.6959310365835687,0.6946317789402698,59.77491185286616,12.685275995447263
0.0862854967504202,0.38469174247766574,0.007008048540346701,0.6792694687599397,55.728675727286685,12.67216658780992
1.157000701371093,1.3143407037113681,0.38573619558325245,0.6762957883160239,54.44493443105758,12.65234958497065
2.0711355292461704,0.6903766626832666,1.266712965413583,0.7224916989691681,56.791132572565076,12.70984008108206
1.7583727983775994,0.6691463164290772,0.38771326015823254,0.7290592099582442,61.77071883074614,12.6873786274013
0.6672761520272348,1.1483251943370902,-0.6667248790750617,0.6819818383809728,57.3803903530884,12.700757175436191
0.2052176630093046,0.588462819724805,-0.3864555526688059,0.660076497986122,54.58297134523637,12.730004478959916
1.358637691618245,-0.04546381695362961,0.1597223867667314,0.6653073589258678,54.59679860876677,12.73809750244893
1.5884151695686577,-0.7567838976671026,0.2891023029754881,0.7188737626556454,53.49494430802817,12.721758487873688
2.1422458858529723,-0.07710969495270426,0.3308732274698146,0.7186805131160456,58.247769715377885,12.763309831282662
2.2687611450132654,0.12237360222900517,-0.729068033287672,0.6774101147138738,58.66821203712237,12.78932279321722
1.2058357295504933,-0.004207484673740047,-0.7413257737189383,0.670077752435233,56.54575245930647,12.757433168594686
0.8553333740351161,0.6470416299926105,0.10995049926093975,0.6981901542409117,54.31832626896447,12.815449666616976
0.8267940644643006,0.9395127550175015,0.6213118789400781,0.7593868841395481,55.54501464618747,12.768796583497402
0.9058321746583387,0.9207859503401414,0.4253789953102395,0.7433205856958955,59.50975862927473,12.85234648288742
1.1938308568945524,0.4170625064739455,0.9482432177510228,0.6965369361785262,57.227032942710764,12.81177479139033
1.7491317297651756,0.9345924453894728,0.3418801778721987,0.6863341400287092,56.87232846094679,12.832912339936538
1.002797457449965,1.2674171901315248,0.15848398822875742,0.6248001069710417,59.15261175011889,12.802159328550289
-0.14045538144315675,1.0601316536052137,1.0025021762571134,0.6426522670054182,57.59512508488232,12.848757278670613
-0.664848541457771,1.1278082709938655,0.7770682616691087,0.7057570563815698,53.460879486449855,12.864569643554365
0.2554783950604492,0.20251606782537085,0.9294858872790573,0.6979797952975795,60.01913390327085,12.86827675791801
0.6226125748082201,0.3468484499410461,1.0698286172615437,0.6769820393022026,62.133756464330204,12.868738378458954
-0.7071135888412339,1.4214407455778475,0.8366042910973012,0.656805025317869,57.38506808747654,12.871068709629444
0.039573812794244434,0.5352766783225555,-0.2821262913628099,0.6644589160139942,61.5024971496336,12.922610532390747
2.3632336642699405,0.1075738815051012,0.6221642326906568,0.6997538718468592,70.57418333935762,12.91061614269996
2.1666237025175707,0.5968336390059816,1.115091520480022,0.700703458600973,64.94301583991526,12.950815047530336
1.3400841273100559,0.6521973206686633,0.5159760117981255,0.727372351308504,57.25209386813592,12.9194703529041
1.3847490586368445,0.8393527847931936,1.1904496899031232,0.7477558669555691,58.601577242453416,12.931304106132556
0.9167736410985114,1.6228564049360994,0.5640502301853302,0.6639402516595427,56.13718140952596,12.966311884891924
1.3361119996016724,1.9973816225146939,0.24477712012409103,0.6500979931094797,56.11268003307484,12.92754050075993
1.2411343503859773,0.6261604719098464,0.4661647610813927,0.6658411408120746,54.652666337845744,12.945730732796942
0.9160070622111041,0.39688394025290386,0.10269203258110775,0.6143381956544847,56.35711594873166,13.001949699427064
1.2227080336864957,1.7180320337627593,0.43413629164622725,0.6707598064678517,55.49214461344313,12.966561321415536
0.7556814461120793,1.6009731359807837,-0.24953256311352512,0.7433408910254642,57.96953989701505,12.96361897969395
1.091568514065393,1.48256852583251,-0.6747331690743572,0.7168272597267142,61.80045191754967,13.047370543761462
1.3388486588222723,2.2958713253647387,0.7512716059972101,0.7035267469353186,60.496668396354195,12.992123647042517
0.46566970059064816,2.262807722851693,1.584143119841355,0.6557890840271365,59.200837489235795,13.033682387966564
0.8221192970066136,1.3818986348486226,0.8776442831126975,0.63970652328737,57.233888184283416,13.041381703854489
0.7514726821405766,1.3931599358639561,0.5564678162182759,0.6954444411308931,59.12541743989789,12.99378743366764
0.49802313532299836,1.341521391617985,0.44102375020519413,0.6813973281318284,57.14044865724328,13.054653659536644
0.9434124241794746,0.8315005132445332,0.9981111120042683,0.5972015351125696,55.53371077112222,13.078968264989582
1.472984424693759,0.5839213158656689,1.0454134740669447,0.6179473449192208,56.30195153027124,13.087086187630378
1.7156078357388964,1.3542483106656926,0.48340022536190747,0.6778405982314146,54.977653552657635,13.108070413676067
1.1608613697335946,1.1213129325780058,1.1569489844715517,0.6870502930929173,51.85923969862026,13.09225017370189
1.3331101991768213,1.106361952527457,0.6526995941227041,0.708950157288081,57.44112616162839,13.124250088841842
2.041442249341109,1.7660801843950908,0.8594365124416481,0.7216441764401054,61.00652284313866,13.1062134186384
1.912179049199956,0.30081507168150956,0.48324894813444264,0.7100434147399519,60.573794470178136,13.101790651671744
1.222966380896049,0.23527949333348208,0.5190328195839249,0.7241345133929513,64.96927011937888,13.114045432486376
0.28885790782809734,-0.11450883606491169,1.0982831306211558,0.6798339829981322,58.852978678009364,13.120757790896093
-0.24816043734821988,0.014992362881342869,0.16247008929364484,0.6627032029145111,53.467117748172114,13.180191719357824
0.25586012293258537,1.5081931952280978,-0.5958398061803095,0.7164838657748793,63.09052237568315,13.13970852981883
0.4843756496736894,0.8998330460130006,-0.7015303928149854,0.6730232225175505,70.19601328251372,13.185480776812986
0.5442171466413596,0.5195629895227437,-0.2760711745954265,0.6199309574736791,63.72310756363484,13.18468151611855
0.878013006452614,1.793391521250361,-0.35213959045178667,0.632414420720407,59.99637343769095,13.197947028530988
1.2370598314067618,1.479316158168049,0.0994655903087453,0.6535906091311963,58.50520167647383,13.237272145903995
1.1742002762117218,-0.026644515208946853,0.8825419683734641,0.691217608137259,58.9497986587619,13.211231452655696
1.1533195172295168,0.9676323751797683,1.0553565251097465,0.6925356338644757,58.741107877154285,13.242232031230994
1.221520909947182,2.4789516009999133,0.7306564427153802,0.6524343935764967,52.58648964373806,13.240751267027624
-0.008748398859795392,1.7405395727189852,0.07945247073381578,0.652649979008022,51.08270289209721,13.246959621887346
-0.5099385068911735,1.2655493321842135,-0.5144055026265766,0.7021674595755192,56.22346713530023,13.305999382487729
0.40646579470801386,1.9350112910521777,0.9330740991133902,0.7179273466089189,56.70683647565198,13.241173165085693
0.27200091647989655,1.058609494105255,1.0062080246746616,0.6856232218777527,56.49305890657227,13.30578263670875
0.6447238556218658,0.14579045568232774,0.9353070396691833,0.6826899593074145,56.64122235957718,13.3031281313098
2.0156614394973276,1.1330416655553348,1.1817343557519029,0.7196157025561122,54.86067917843663,13.290409500107366
2.3257927966309433,2.2187735596199714,0.3551315959365368,0.7037795061151693,59.687393005882356,13.342586370348831
1.4544107412770497,1.8853485701562285,1.0122021736334648,0.7045086642871206,62.26912714406819,13.283037797752227
1.5911076801364268,0.6035060910773942,1.6473618146725706,0.7286433241818511,60.11920078758244,13.31956466685402
1.772877640485646,1.3161680538663847,1.0571303525595916,0.6918880916155767,61.7050573139894,13.31583035591462
0.8596863827847095,1.4911616187378771,0.2274200129710235,0.749291155847508,62.93788781347173,13.35824166929743
0.4793661186962431,0.3306340093288781,0.25522346699099036,0.7270536124085387,64.3640340717541,13.337738717976256
0.497389057294258,0.7678602125061185,0.6186811560093486,0.6558319152276184,62.020012395428495,13.378661278934828
0.6107167760771728,1.7130811504756789,1.0926506218468626,0.6515550807500952,57.3366646838119,13.376271271683567
0.8478745267920402,1.9694720585334275,0.9261441853694088,0.6843517332592863,55.24068763645198,13.38041292114688
1.122964722870646,1.400396435383443,0.7902928890876375,0.7575351968362902,55.24947125217029,13.407772944920666
1.039994418042669,1.205624549192832,1.6077152238675616,0.7756146763646139,60.92131711673535,13.40462756752124
1.178891308673971,1.0205209703600573,1.4892842791299068,0.7641266311085839,65.25088530365232,13.39822730313882
1.7734062322734938,1.0685182995867046,0.8262882391383555,0.7175810091351806,65.24687145094349,13.4860274597927
2.03042901140404,-0.2174472365557324,-0.12346458139754102,0.6779942251258961,57.51857131674515,13.430256656339417
0.6933716860689767,-0.6442488863234371,-1.5942986796729322,0.6412984517650555,57.83281939101091,13.40564781839696
-1.0576511528196033,0.7417639570085521,-0.6402980043712845,0.7014692738384585,57.729150462034916,13.443158026205571
0.15267258330804478,0.3151324817601452,0.6280123465443407,0.7551159293611336,57.273728703519545,13.444654466232546
0.746908597834371,0.38820501023398224,0.1767905426134152,0.6920631276164635,60.95771190810268,13.496522912320811
0.16808073755145164,0.8620482785771225,0.34632515848855333,0.713683057144038,60.47589984546204,13.496433053191833
0.26717837001254174,1.547196305855535,0.5738720294889998,0.7018058261033868,58.07138825498386,13.507974256035808
-0.520714351548067,2.4365136159824714,1.0163544508543065,0.6789129139908914,59.25012201474517,13.502599550683255
0.33578832186706614,1.3264448192920926,1.0899691477237792,0.6990592578092324,58.92595398204996,13.51441299505886
1.6170709170914588,0.46508793792776404,0.1529747780132758,0.705003594707285,54.33404558598225,13.522581377927848
1.0587991489087643,0.6615887767090967,0.605359861504961,0.7078729438415147,55.508393844652474,13.538376136317291
-0.6155847810319548,0.5117497314390804,0.8706133647084733,0.6557757773233384,52.80096695255976,13.566706668707296
-0.5997370085117771,0.6468078432837875,0.6391559852065118,0.6593974843763543,55.539670403784115,13.566721508250108
0.8924009365450105,0.4940683839462512,0.5093735677247425,0.7220352444576308,64.44775329326336,13.580002256592415
0.4267821725672468,-0.16817993851012789,-0.0784508187185995,0.719558384251142,70.8858453929228,13.589991178164984
0.32327492603861063,0.5228885449102489,0.20269604761217852,0.712857618000597,66.62066002887661,13.607688848747635
1.0557905821222366,1.403532841516365,0.5343812102742689,0.6875927502617072,62.75224812357599,13.605763000830803
1.2544711683162624,0.6905911867626822,0.732568011006367,0.6677013116468455,63.096743213512305,13.617176961453575
1.322631073392896,0.8240759470595238,0.5921882107211829,0.6783697466680942,61.559395975594626,13.643776124823864
0.5471656494346334,0.9110167993333018,-0.5655478007059026,0.6978437467590702,60.13093571578578,13.616699081639938
1.0863760123428616,0.5904935399974401,-0.647254467703696,0.7143867564494464,59.37856800525235,13.62288514840097
1.4943604925532137,1.3170262479127812,0.6681920558949401,0.7131070366118559,61.58478435741711,13.626281568016264
0.8831372682490616,1.1742091835683817,0.7362483562091109,0.7396554674658645,59.658090684500365,13.663658291272403
0.49648287150900794,0.9919794703591682,0.21650481952145867,0.7398370491920958,58.12780613608243,13.632925355175615
0.289208811951278,0.7511427677936863,0.8587385102375102,0.7196152086521022,59.435028123610124,13.689243081921193
0.31415623075748483,0.426110857035518,0.6263009960068525,0.677512397067894,61.7019201294995,13.687816138109987
0.4500391226745879,0.5819678005655812,-0.6379314679260363,0.6707577427004923,59.19006296075461,13.722692793996424
1.7490095160422694,0.30748375603595773,-0.36190301591779245,0.6825287483694935,57.00234710873976,13.6965616537907
1.1502467708213622,0.3225982269446844,0.1677690157208185,0.6741397614751723,64.4545891732713,13.71593363429165
-0.5116733719051209,-0.07784991219062204,-0.23468118625153164,0.6782466270134236,67.50074303908588,13.752444066665868
0.910577159590421,-0.23446786717733592,-0.0799260404349788,0.6624930458180851,66.10082495150648,13.767662712935564
1.613410816235918,0.3979753725961495,0.6493073412065697,0.6230658941151035,63.258902133317314,13.736396952684965
0.5440040794422145,0.5160342069459593,0.7327096865135369,0.6310034165330772,60.6955963831412,13.763635624651744
1.169333057999245,0.5382950677218528,0.6408047973747936,0.6849143268161428,63.147255162284026,13.77588837955368
1.2017764537438307,0.6360746810659258,1.5525103255579427,0.6680564361452617,66.25254803972689,13.787473068112424
1.5955437631023197,0.9971160000707946,1.2279377565775713,0.6637569650155601,58.87509830359295,13.784748486813688
2.238029264923446,1.4658284740935679,0.46076562278372424,0.7451110610156333,51.6930041749716,13.825627667962474
1.0817835003601857,0.9017969386528498,0.37795577040446876,0.7704383782417606,59.85276967351603,13.77220593032757
1.8221894676063621,-0.13649018908153626,-0.18404100871982276,0.7641631646186116,62.456297514549235,13.811577395303978
1.7640025064606037,-0.3320579447525067,-0.22153075598761074,0.7485079069172356,57.51053325072801,13.83895861465546
1.0571108821155648,0.026512859371049358,-0.03737278366343895,0.7367500740204954,55.0745021354916,13.849144496238988
1.510329430103539,0.37214624361079374,0.4351763399605384,0.7090157180920944,55.37341031760712,13.877055180612295
1.790867185081344,0.2313215081359761,1.8494509172132911,0.6638624250984956,55.01003753936716,13.883964507864023
2.422691289524584,-0.2402043280542691,1.312048698443338,0.6136259974633653,61.632462937889215,13.864289167493856
1.7885375156411274,-0.08269487166618705,-0.0704444495732425,0.6595311002465842,65.08944397932794,13.905997424870613
0.6317877783876685,0.6566486075421933,0.25637316015058315,0.7666606641521301,59.723979905920544,13.875719165124451
0.8464865716074028,1.1827955912235173,0.6629426354547177,0.7233205554240028,61.257409686622154,13.918617747655835
0.8850526181875008,0.8139425916388184,0.8266369461292639,0.6786066225251866,63.81529692702596,13.94621044956842
1.6624749667643135,0.3105007846757665,1.2711428168899785,0.6737324600732061,64.71697359332357,13.9442988821371
2.070315113464795,0.12643499383271917,-0.07347122621348812,0.6897905507766862,65.00231349275667,13.932115407670482
0.8816755103284881,0.3177861567434955,-1.9086266601438535,0.7369033765081531,61.06762718722352,13.933364424564555
0.906462794002633,0.357492831098191,-0.9430123127397946,0.6839106976308016,57.64605327789303,13.919428174074817
0.41627522117689836,0.6603481599326267,0.7994601142714258,0.6661663065208888,61.15289425630645,13.966210792758284
-0.16115715472782235,0.19220106808742593,0.264932582615232,0.7029617708315481,60.58623657743016,13.947695655440585
1.113327740292298,-0.2736058377329579,-1.7871762828619713,0.6957036266212708,58.658038821587,13.96413730672772
1.2714024163449853,0.7704529148564161,-0.718405165808039,0.7142382302127186,60.980568849578674,13.966185083985266
