pl_vib_vec,vibration_x,vibration_y,vibration_z,acoustic_rms,spindle_load,tool_wear
-0.5501968296707069,0.4967141530112327,-1.0469109826819396,0.1838345163225043,0.5121828611851357,49.058987806135896,-0.0167672376000161
0.3996750846656083,-0.1375495048881253,0.5372245895537336,2.6933910621220263,0.4456325389166403,49.48921369580169,-0.0142531426524662
1.835965959382703,0.6491181306668111,1.186847828715892,0.3505148208509668,0.4510089384771772,48.94492008788799,0.0356388507090383
2.2458430670016125,1.5251742452572032,0.7206688217444092,-1.0029824024174212,0.4519416917881018,54.87302489743319,0.0286917953280921
0.7670408443205078,-0.2312941895910986,0.9983350339116064,-0.0940346545229543,0.5060986029001445,52.12239165195986,0.0397299351081404
-0.9844988789711074,-0.2305629755338839,-0.7539359034372235,-1.7744593427588031,0.4693990324739089,51.13865750283977,0.0278653402454109
0.16512194862258878,1.5835015932057477,-1.418379644583159,-0.0784553604475828,0.5255609514884472,43.68812917152215,0.0540061300813422
2.277774814274943,0.772438303134324,1.505336511140619,-0.830554270010051,0.3582693816510635,48.15713702374838,0.0547306939338177
-0.7818611583010335,-0.4637560156704775,-0.318105142630556,0.918249460692399,0.458301080796505,54.55052950434062,0.0876691002970843
0.3033067269164785,0.5489932101334987,-0.2456864832170202,-0.546323691321768,0.4449839352639542,50.25281453109495,0.0701781772933677
0.8776427821316635,-0.456269729981869,1.3339125121135325,-0.11319193437995,0.488612558647494,53.369136976251625,0.1265958873041015
0.10465322223497775,-0.4578669944566043,0.562520216691582,-0.6316264618475771,0.4746701638982236,58.91118659277469,0.0764883910075181
0.7132896433617231,0.250539826962746,0.4627498163989771,1.7431401295516873,0.5416077000741307,55.2788059000112,0.1038696033508687
0.2684483332668741,-1.9039878929780267,2.172436226244901,-0.316596590278026,0.4088916317529514,50.55871520529642,0.1635440101993219
-2.350423196560081,-1.7149106845502022,-0.6355125120098786,1.8375606174606172,0.5042760034091037,47.54512562864967,0.1312972250407593
0.3848520984828664,-0.5515655849950828,0.9364176834779492,0.8195127342412115,0.5300612100097633,37.33947146217941,0.1237024267119117
-0.9352318624852304,-1.0013943798054743,0.0661625173202439,0.4877850975998608,0.5951197199338877,49.27244279292523,0.1643814312507533
0.6047123777201462,0.3263988694072824,0.2783135083128638,0.374808915723524,0.478342008807728,48.49145288903584,0.1604921551557091
0.643603750462443,-0.895157742426143,1.538761492888586,0.4002304647637855,0.5187961968366395,52.080494302927555,0.1632825948876339
-0.8800219121650388,-1.3987225719571643,0.5187006597921255,-1.9208820146565464,0.4125230862475071,49.36628515890784,0.1680825837840256
2.029677514161323,1.4799446945827406,0.5497328195785822,-0.2717354313201632,0.3832613749165861,48.54103395942789,0.2553674721125188
0.8737503363229091,-0.2107655785422897,1.0845159148651988,0.8526633321564445,0.5452408631779342,41.25311256690636,0.2049689619963172
-0.2691185920458121,0.083253722915229,-0.3523723149610411,-0.0410344243604529,0.5028670889630575,45.45741603652272,0.1814886527933424
-2.234365287433807,-1.408307871703092,-0.8260574157307148,-1.3969696895483927,0.5622136973919941,52.547658349106435,0.2598741951801107
-1.558312719118053,-0.5272276137317587,-1.0310851053862944,-0.0438268951807575,0.4347608777101973,58.75108926359771,0.2522214181022114
-1.8232681669284658,0.1287924967863493,-1.9520606637148152,1.713040469793733,0.5295690883917342,49.69107215203671,0.2346706713796042
0.9386660185651958,-1.1324088740627605,2.0710748926279563,1.2561840672144906,0.5971578326991012,51.82490240146604,0.2413376182262771
-0.6927712480193278,0.3949975179882738,-1.0877687660076016,-0.0523542595447308,0.5248451803463837,54.955385781190046,0.2834694559231646
-0.7858665808383868,-0.5806243939931438,-0.205242186845243,0.9614564250209172,0.5178319344646847,46.14567327825536,0.2750616334502109
-0.5311946837065005,-0.2709646575845563,-0.2602300261219442,-0.3561424742636915,0.5045736224829616,52.04136113851442,0.2514804436310979
-0.2557009151350925,-0.5802627237376171,0.3245618086025246,-1.693149642580829,0.4257447048420603,46.511988353257,0.3357447992920933
2.707901029642945,1.874436869283777,0.8334641603591681,-0.9133866457421348,0.5722103837404852,54.54570904020345,0.3013201907556808
0.8881485295260286,0.0093762563199645,0.8787722732060641,1.574325509037147,0.4740318142213264,50.98575005033765,0.3499114347296485
-1.5983294683111147,-1.0341226516149424,-0.5642068166961722,-0.2621989431588253,0.5299418182873424,51.72814184331678,0.3555686991593143
0.6991687308400085,0.8468479857272062,-0.1476792548871977,-0.2312324425630094,0.4267088993962407,46.33003774914722,0.3199798091103437
-0.893231533649985,-1.1958257800639458,0.3025942464139608,-0.2873292613213423,0.4460305907560263,53.78534049712469,0.370663797287263
0.006491267963452785,0.2345962611948912,-0.2281049932314384,1.917002922668075,0.5769009031991389,60.68089126805644,0.3469711490027263
-0.30471911540803176,-1.9332226614065804,1.6285035459985486,1.6391826465986608,0.4879243780467469,45.224916147590925,0.3326659882639211
-0.788319031498921,-1.301023790142176,0.5127047586432549,2.232361362826261,0.578096225553378,48.57282754932493,0.3715080366795572
0.9819177209897059,0.2247382909084373,0.7571794300812685,-0.1451066828803943,0.5016638780549368,51.4368079212336,0.3979527500355256
1.4528131810430946,0.7670584313177835,0.6857547497253113,0.3099204144082816,0.4136234816165817,54.217949573202816,0.3907452670400733
1.3975941043650737,0.2006749287954029,1.1969191755696709,-1.501989225618075,0.5504647095076726,47.495335049606986,0.403859033181498
0.1194118753147517,-0.0856268384997487,0.2050387138145004,1.4919451480625203,0.4765096728899179,36.135062988171214,0.4428713208985722
-1.5426104112363432,-0.2703674554177376,-1.2722429558186057,-1.1524114311821594,0.5410816887101624,57.10330987253563,0.4321298796058018
-1.022222172996487,-1.447070953912817,0.4248487809163299,0.2325010819899343,0.5075507506679262,54.11704096246682,0.423134033774301
-1.313302603258732,-0.6876783756570388,-0.6256242276016932,-1.0812196112640091,0.4292772551503904,41.60692067494337,0.4640406064733465
-0.930070320472232,-0.4277581419390584,-0.5023121785331736,-0.5724265122283315,0.5147908640726743,47.29096233130951,0.4639535113390849
1.7039580105208283,1.0907176515227042,0.613240358998124,-0.8204647183978061,0.6165302421683977,58.17686640067451,0.4195679039707591
1.643659759858423,0.3779285111553092,1.2657312487031138,-0.590720149882394,0.5315113672430926,57.58208430815781,0.4885670582754289
-1.6787235464608397,-1.728015137492827,0.0492915910319873,-0.5216101942140251,0.5041291159237082,55.043450292093794,0.497836574154322
0.6972486474690983,0.3598237835477614,0.3374248639213369,-0.5303988878485939,0.5609151329284382,49.47683597173035,0.5004024225916172
1.3827509630037678,-0.3486276699802908,1.7313786329840586,0.85156121699832,0.5178243453473607,50.77948319842281,0.5278340116213915
-0.36926388872303734,-0.6397525935868736,0.2704887048638363,-1.0862780897029776,0.5179105928569567,49.71706504156022,0.50655212831347
3.2815509684251225,0.6495604918430122,2.6319904765821103,0.239483528514939,0.4529955819924737,56.02004094636563,0.536729995776418
1.665987366840862,1.0695985217811548,0.5963888450597071,1.2372586519481603,0.5194122011465206,46.00677796037649,0.508660812576653
-0.7587178080167458,0.9705939146844615,-1.7293117227012074,-0.4935394667292644,0.5596349299344999,46.36413968126161,0.5581418076679767
-0.013824436785725758,-0.7991889313713162,0.7853644945855904,-0.6979045948219407,0.4662026107652632,55.451658852693306,0.5990611939107979
0.1452841076734503,-0.2684689877168328,0.4137530953902831,-0.2101529311130599,0.5793734686892237,50.18562660378601,0.5501028729506492
1.6956409174377034,0.372721615821005,1.3229193016166985,1.2004543005694306,0.5037063356762319,57.30691862144344,0.5648039573602445
1.7246378436532184,1.0177181078228597,0.7069197358303587,0.2151941213036078,0.464046120563173,47.06416877210227,0.5757996911421689
-0.5404322232586563,-0.4362864608617303,-0.104145762396926,-0.5097704061158187,0.5584591592427242,50.15498596814147,0.6025999645160319
-1.3314725810732686,-0.1420564033971981,-1.1894161776760706,0.5056779378213493,0.4943808028664103,45.82396080844642,0.5887392745429256
-1.2355869661026326,-1.06201760445635,-0.1735693616462826,-1.080133465061584,0.5468392182842411,50.479987102614615,0.6284249475738196
-1.965669179791043,-1.151174458247933,-0.81449472154311,0.7038755933593168,0.4944185015536206,43.05758697333338,0.6469367989093833
0.3143469043979099,0.858272784509995,-0.5439258801120851,0.4314807887596661,0.5061580852466642,48.01930251638315,0.6506869442690757
2.0284495981093738,1.4027017869696792,0.6257478111396947,-0.2845775919394559,0.5339703618964858,43.283348259347974,0.6146316914872386
1.6828121811985206,-0.0248335668984181,1.7076457480969387,-0.8149975211062732,0.5239801638158834,53.941381712775446,0.6799033533031722
1.4844088594519602,1.0514242488569991,0.4329846105949611,-0.8627352468009698,0.4098016811704081,54.06186020844801,0.6887473482850737
-0.7467559719410886,0.4102421722956684,-1.156998144236757,0.5591204099699274,0.4536590424448872,41.83474782005862,0.6966032274469262
-0.11173938802901506,-0.5957988110740307,0.4840594230450156,1.2536409742546086,0.5563346879457596,57.1626381628138,0.6974568449731166
1.6480914238195405,0.4114313453225669,1.2366600784969737,-0.6122898771217183,0.5034003185177532,62.9874330302408,0.7044037862841027
1.0196046271215693,1.5887871025631817,-0.5691824754416124,0.4837619716000904,0.4839635420808714,50.73753729465383,0.7306477879625279
-0.0772056074983803,0.01563929327032,-0.0928449007687003,-2.0612943524119327,0.4423643657131806,47.3090820226795,0.7584702697520691
1.6732560821371991,1.6168237844773372,0.0564322976598618,-0.5585276663255341,0.4564492096688737,64.64345424164854,0.710939190732703
-3.3094325522684818,-2.566850179143354,-0.7425823731251278,-0.0046114703977068,0.4094890529911807,43.934106757951355,0.7615625079158954
1.566680436432092,0.8755122256046735,0.6911682108274187,-0.8828785563671089,0.5056579083108133,50.63662954663999,0.748275658039851
0.0638830511529057,0.1413715857506801,-0.0774885345977744,-0.9093441160333416,0.4809430244734494,51.4413565382847,0.757406538959428
0.21959585827318318,-0.2439680366702992,0.4635638949434824,-0.6402598995711021,0.4626784682098478,57.27613124021775,0.7392693861923593
-0.6953740031250681,0.1475148866141299,-0.8428888897391981,0.320069783365687,0.5077446507573279,52.356235976420216,0.7743042118096921
-2.3233831834732666,-1.9311000082392056,-0.3922831752340608,-0.1590945652255312,0.5294923128149743,48.07151958467461,0.7700547008406318
0.6056401347508027,-0.1624881851927657,0.7681283199435683,-2.209639382002599,0.6160966371394465,45.81591517450768,0.7907229114098812
0.08849671749002946,0.415011070439552,-0.3265143529495225,-2.0917509031711634,0.4359855288074004,48.869875888047375,0.7880362723244371
3.3103618273544777,1.536507339952381,1.773854487402097,-0.577558530251743,0.5696917112071991,45.55149614738293,0.8110218322537399
-0.811115839199186,-0.4589421267797231,-0.3521737124194629,0.4873506318005142,0.5605206963495385,50.832407513862655,0.821877792859532
-0.4757316791427313,-0.7484507151162041,0.2727190359734728,-2.717483398836743,0.4730539405865616,47.7794479784674,0.841935098368776
0.5401976195966307,-0.4409993595244936,0.9811969791211242,-0.4693513341216092,0.5223133345413101,43.13738787415168,0.8177050027541733
-0.3923131506133736,0.9768745980451764,-1.36918774865855,-0.49551161634587,0.4894128336017396,56.89045374530554,0.8310896370450935
-1.3201206043940006,0.390938386285846,-1.7110589906798466,1.4194314165215287,0.5217218843461693,48.13351014911642,0.8772382854146106
-1.942192787100536,-0.4668581308578179,-1.475334656242718,-0.3535707752582532,0.5880369652520717,44.288336704215645,0.864051237658598
1.8903619010866426,0.5768843023056363,1.3134775987810063,0.4147974193370685,0.5430036854700216,49.794873019485095,0.9114905958045988
-0.33898359868879524,0.1614092148233799,-0.5003928135121751,0.173422972825133,0.53829675175674,50.985174484591695,0.904505394440301
3.643927907366259,1.033691452291288,2.6102364550749715,-2.098043248928001,0.4914938263539476,41.91813098968882,0.9221352430041282
-1.1479304280601164,-0.6362918358358942,-0.511638592224222,0.8010878456524664,0.4389494183620748,52.315850916043395,0.948213846408418
-0.023453945616599692,-0.2611860922732507,0.237732146656651,0.2486345326185467,0.5028718003378831,45.42897269979385,0.9238057837638686
1.2709453305293563,-0.3249173025245808,1.5958626330539372,0.541864064978378,0.5737685778647111,59.227052552029704,0.9285102658916744
0.6648081044301497,-1.3956093012414823,2.060417405671632,3.9601905298816447,0.4372227365486448,53.298859029290035,0.9674340517119764
2.4811406514136256,0.3647407202382715,2.116399931175354,-2.049802717911741,0.4609696202259044,48.68670448119037,0.9701902712785936
1.5942249337951904,0.3303905116366441,1.2638344221585462,1.759364269489486,0.5201804347030544,46.9675135429808,0.966253393803574
1.1552660467855889,0.075163492382275,1.0801025544033138,-0.2524225015304485,0.4647772679055997,50.17566181958002,1.0078291593391189
0.4853165134672085,-0.1638223013522734,0.6491388148194819,0.322711320414446,0.4745267940488141,53.77160202814518,0.9857551138032014
-0.5083463349330971,-1.3438911137444811,0.835544778811384,-0.0097724311482757,0.4931159965747776,50.58732564013333,1.0006554727511157
-0.8418810748337066,-0.3484508981763669,-0.4934301766573397,-0.3881391211035474,0.446158014708291,49.63615021020564,1.0104244530166853
-1.029676802379384,-0.269805295654718,-0.759871506724666,-0.533378317802733,0.4658757518635918,51.02094366280999,1.0013081221020306
-0.6731284957533716,-0.7286532520665081,0.0555247563131365,0.3663207441505645,0.5498961992703876,47.71694551536633,1.0315517077897278
-0.1976604700022313,-0.086946898227839,-0.1107135717743923,-1.480004289952594,0.4494992735760858,49.027358500166514,1.06793520354797
0.08591930498547629,0.4791044665357679,-0.3931851615502916,0.7881059723823803,0.435117115219504,40.32157390268728,1.0588993663075237
2.718956479474965,1.961954307214819,0.7570021722601463,-0.3783102018831095,0.483652432224163,55.62631521430473,1.0606212685279788
1.2675527855195763,0.251061015119187,1.0164917704003893,-1.0918277378966836,0.5518944155829619,52.25882092448229,1.0667646543766869
0.4849136744413451,0.3347483892931718,0.1501652851481733,-0.41141385871061,0.5055935093142371,46.90470076553692,1.0866173405681272
1.543327196025335,0.0034668790872995,1.5398603169380354,1.2961056142893062,0.4923535050649125,60.27280285531086,1.104995332569784
-2.918930665386799,-1.840143624162515,-1.078787041224284,-0.4960212914479601,0.5179434581030855,51.221358313327194,1.1121847766177952
-0.07735703737368119,0.0528285119703685,-0.1301855493440497,0.3981248119194129,0.4285831058409344,45.61270601431987,1.1033627027635604
-0.5124891799970179,0.1402873936436711,-0.6527765736406891,-0.6909276838641509,0.5407467194292805,55.08425894437874,1.1264956318822024
0.7420950593864934,2.54401409247099,-1.8019190330844967,0.7983078399164716,0.5353261475673231,52.79796088240335,1.1395987948229658
-0.1283654533400476,-0.1108741885123591,-0.0174912648276885,0.7262511269245858,0.4958319315489666,52.78776769010873,1.1198561002494605
0.3277626645436098,0.3837489148854351,-0.0559862503418253,1.8897096195723229,0.5667365401001854,48.69323770226028,1.153364610823674
1.6279874374396754,0.0482045991296387,1.5797828383100367,-0.1341057610817744,0.4602084688193245,53.081642307238994,1.1167739222739528
-0.38733025585246006,-1.0850468725015907,0.6977166166491306,0.7104703873168773,0.5731216826862667,49.527520200073944,1.1796506741964237
0.2704587207076169,1.2271687759160212,-0.9567100552084044,0.1402405202394449,0.5245938755599627,53.62316687223922,1.1932068610912536
2.7591349628522703,0.8369937903708342,1.9221411724814363,1.3384021607050445,0.5001845220429033,41.325885306787406,1.204950922515729
2.1664616397092145,0.8768075010101662,1.2896541386990483,-0.6759446106251706,0.5161614290250083,48.68838822477525,1.1920990629566086
-0.17160712087580143,-0.8228971045445602,0.6512899836687588,0.7882504880023704,0.5119348317594886,59.475678991542765,1.2161809367004806
1.3332794758460957,1.4899994574693372,-0.1567199816232415,-0.1510947228500626,0.5784551741275334,47.03671418833088,1.2484790769108234
-2.2030344024464252,-1.3139311199759836,-0.8891032824704419,-0.020228205700349,0.4637500321897088,47.860007940697045,1.2582753929658252
0.3741928481080594,0.675491832899627,-0.3012989847915676,0.1360698539980512,0.4796009858625414,48.646540698743685,1.2394165460154687
3.4400334092025133,2.279805161192394,1.160228248010119,0.2969151641178854,0.5696850516801072,44.81946467438094,1.2527863926145912
1.0561657778017761,-0.900471993465213,1.9566377712669891,-0.0711968772892205,0.4882361195739021,39.85923943551349,1.2822182228946886
1.1403482289767797,-0.4755186016542372,1.6158668306310169,0.2601027471447937,0.5631824794562865,49.75485928686728,1.2399839596947566
-0.2245089930817637,0.1911452893192352,-0.4156542824009989,1.6238650196779816,0.6032705839967543,51.594236362724224,1.2735384851464595
-1.4571173904788344,-0.4112669336015458,-1.0458504568772886,1.031554045872545,0.4983519927558489,50.65956186245327,1.3167114091107353
-1.242514853919046,-1.45773991426842,0.215225060349374,0.9156163508957528,0.5526528196883078,50.20484235823769,1.3195040108336953
-1.5313274272114348,0.1622012878867993,-1.693528715098234,-0.4087203694834847,0.4610430485491614,51.15158748505966,1.3173852755529982
-0.5693004026864271,-0.9679506043622736,0.3986502016758465,-0.8420642735464087,0.5566072867761567,56.05773845139213,1.2898833518933877
0.49711207450091616,0.5686603362820722,-0.0715482617811561,1.0028345110611985,0.5289847804287164,49.99844812682282,1.3290017953391768
-1.2130518726281354,-0.8236415323038532,-0.3894103403242822,0.9239381434947692,0.5428084544940007,48.08741413386315,1.3282016920750015
0.12892683453416076,1.6464319032305488,-1.517505068696388,1.5209194248574869,0.4870208960408321,49.55934755768966,1.3566207780563444
-0.09467105567359702,-0.6860409978401685,0.5913699421665715,-0.5553744787211952,0.436388288120855,53.868856743744566,1.3438130663041026
-0.6784935924651566,-0.2241344254265476,-0.454359167038609,-0.1805851099707831,0.5447480213933008,58.03940530050753,1.349485532100508
-0.1788442216286813,0.912159104431857,-1.0910033260605383,-1.5901632189943404,0.4165582197884647,47.845700174775985,1.3387026944463274
-3.924284499694161,-1.1315076330887086,-2.792776866605452,-0.3427927643882496,0.5040038120569226,51.48823576859689,1.4144360936995342
0.3800736928844438,0.3275314142324353,0.0525422786520085,1.0466062503936002,0.5670733892466596,52.69250200596285,1.392004589771139
3.2608096475926303,1.4079290301937937,1.8528806173988364,-0.4161022412725153,0.5297521419759249,46.044972725469535,1.4131429156740507
0.23647790993660656,-1.505982162366803,1.7424600723034096,0.691230331298036,0.6177173466783756,51.11709655800883,1.4199552376705162
-0.08847383479449661,0.2868497270097881,-0.3753235618042847,-0.1393951717590693,0.5716986313245854,43.69378939806436,1.40865132134079
-0.15705406954437917,0.3628134590089668,-0.519867528553346,0.3755223606018322,0.4878912135358298,42.18405512890843,1.414818701771036
1.4371589577308188,0.885468332820913,0.5516906249099058,-1.095868659293866,0.5220947612012925,52.870186649897306,1.4298936974800551
-2.047487686878382,-1.13259045355142,-0.914897233326962,0.137389578297232,0.5185035163381105,49.124228866612704,1.445536631223412
-0.8295296167673122,-1.2153815594745552,0.385851942707243,-2.9385984440958626,0.4419061725546379,52.06215257420331,1.477332124940276
1.478443573808593,0.6277314155096783,0.8507121582989148,-0.1340012332155945,0.4741380241543385,50.96842361388605,1.4640856467295875
1.7156262602340053,0.4034893194090259,1.3121369408249794,-1.57722092062722,0.4932628838861749,46.183046218439415,1.5249298126318924
0.3433337702919425,0.3577122928047758,-0.0143785225128333,1.2596042377762655,0.419632863348983,50.84592291476731,1.520543020717863
0.3370560890555352,0.4543824482389342,-0.117326359183399,0.8313744721354905,0.5239615211609738,44.91383586234531,1.526167190993314
-1.3624390452900197,-0.5713756865534729,-0.7910633587365468,0.5209954994785899,0.5092762147723515,58.04135214025718,1.517606821950537
-0.3977717605243175,0.3416175284690808,-0.7393892889933983,1.5756881428134186,0.4382280711960367,44.31378658878096,1.5602856147144095
0.2647351110612002,0.4031511008898177,-0.1384159898286175,-0.893877207029269,0.5422263687820938,50.12185992106846,1.5356398873775776
-0.14755774823663714,-0.6035579941521719,0.4560002459155348,1.802759909852656,0.5579523220093872,45.89657629850572,1.549374771716915
2.9800739336610658,1.977282731302012,1.0027912023590535,0.9879456743390124,0.5336533679746955,53.96718806837654,1.5633994907949855
-0.12734460017599114,0.586055937352102,-0.7134005375280932,-0.1804437789987887,0.5062411945276144,49.46507330799563,1.584036460810867
0.5046731346589459,-1.0783656844792748,1.5830388191382208,1.1920890535446311,0.5521596701322675,48.536044529127686,1.5927381615800598
0.5900047038028406,0.7702062176402629,-0.1802015138374222,-1.0494672079084175,0.5567415398251212,55.4025338153221,1.580497494431108
-0.7901876350546712,-0.8603142649378289,0.0701266298831578,-0.7673304588829273,0.538243659543883,51.29082701128269,1.589340125611481
0.24702088742522188,0.9021668053150038,-0.6551459178897819,-0.5510486224534245,0.4817858277927723,53.73404424540535,1.6227980591430418
-1.0572100851254376,1.274392576863015,-2.3316026619884527,-0.4710792091362096,0.5369894378466813,46.25134029596879,1.6343047316778248
0.2730843074589461,-0.7041705242130399,0.977254831671986,-0.9983017456909176,0.583076391369008,44.14103322174917,1.622132977503543
1.911227889095869,1.0806027196660517,0.8306251694298172,1.28169636230619,0.4936138651537594,51.70830571441797,1.608256238606431
0.3437478658869054,0.5307223136412874,-0.186974447754382,-0.199883707017437,0.6284852442975793,49.58518208957423,1.6458536780798352
1.102632006597489,0.9407163429823384,0.1619156636151507,0.4118330598508037,0.4974496898983004,54.3187351921482,1.6724705159765174
2.6275999630456806,2.016163961924855,0.6114360011208257,-0.5106658767782266,0.5254945465211884,50.79416752939633,1.7061083369283956
-1.5917795768922722,-0.1253023404489033,-1.466477236443369,-1.7605604127715335,0.4903928753104766,52.22623445171282,1.6560408407531868
-1.0653478123971367,-0.6329355925204632,-0.4324122198766736,0.3304576443099353,0.5353236561634184,43.09109306866405,1.6814685749433884
0.12347791261245822,-0.7679990615054375,0.8914769741178957,-1.851497291359734,0.4371919889922534,60.65733837927215,1.6922119287694923
-1.8500854122090262,-0.6935801205622931,-1.156505291646733,-0.007518963883896,0.4971439429397929,50.40109171887129,1.73711610678863
0.437757151987693,0.0458432512721002,0.3919139007155928,-1.3068425584897083,0.4699829321198125,54.71738445855805,1.7193011699908274
-0.7928422672620864,0.4648117317859076,-1.257653999047994,2.04910587771544,0.5314988687884673,47.0561392185945,1.7118534688125546
0.9669949776177269,0.4010653525823421,0.5659296250353848,0.9735499988008832,0.57459727942591,52.783795043609935,1.7511739056584363
1.0167025959022284,0.9522725985714062,0.0644299973308223,0.1682984660391716,0.557318179262804,44.73666967773009,1.741907229599181
-1.3756824615544072,0.1388060376963487,-1.514488499250756,1.3266087505638895,0.4065778611207437,53.51838064948277,1.735512254532841
2.84600752739719,1.580053019258818,1.2659545081383723,-0.7830565064149853,0.6274072710666942,49.48531899908585,1.752144533854477
-0.7702276809437965,-0.1374230948533956,-0.6328045860904009,0.6070962478623732,0.5402107447079555,51.41828990352344,1.8146808390884523
2.1402240919769535,2.8481177012572387,-0.7078936092802852,0.2637847010525234,0.486764749908874,54.769355497326686,1.7976841844329894
1.0578305407071713,0.7543306787156853,0.3034998619914861,0.3283517468090095,0.5335890621396828,45.12393175340539,1.802155201109051
0.5243604220331619,-0.7277794291825441,1.252139851215706,1.337042563723637,0.5346851165718823,47.8713226192734,1.8050021252837591
-1.8525470547092735,-0.9407995745443146,-0.9117474801649588,0.7975385645382012,0.4926761488557813,53.587550640601805,1.825842976842376
0.7796061607308996,0.6132801350430424,0.1663260256878573,0.3541275227249518,0.5360573773270751,61.79918457073231,1.83560471892005
0.44209424395397157,-0.0919402692429345,0.5340345131969061,-1.589126178186838,0.4959308888355679,50.62481348752176,1.8458433765641469
1.6451332636139924,0.8462378064580677,0.7988954571559247,-0.8939276390964759,0.506229362838694,54.27805371327942,1.852296901805555
0.8889929754190331,0.6061897332225799,0.2828032421964532,-0.0562328792712066,0.4922764649420528,50.79466373719795,1.8773759667661112
-0.1992563228624253,0.0608379922752215,-0.2600943151376468,0.1602058267426984,0.4550998164994362,61.04789702310244,1.8704620869200148
-1.432496876529848,-0.7124120168532513,-0.7200848596765967,-1.063012874066347,0.5341681637537999,42.60770867732526,1.8604412232889471
-1.1855296461427065,-1.3797507271876517,0.1942210810449451,2.4792249243275277,0.5562842713254595,51.824070198328926,1.8777515421819828
-1.2741936352463377,-0.3107036582857487,-0.963489976960589,1.5842997021442091,0.552906438560073,43.23039277000242,1.860419626130206
-1.819204727055338,0.992924884387804,-2.812129611443142,0.6703813654246493,0.568301480644628,38.83240304795973,1.950536342320848
0.8976871437131755,0.3513346304775949,0.5463525132355807,0.1406573044574402,0.5436651877702217,52.85971912906299,1.9372550918390536
-0.09348370889098212,-1.1077830960815378,1.0142993871905557,-0.1432311285859265,0.5009548616152448,52.0770458070418,1.9133985900974153
-1.940144647646339,0.3118514047646916,-2.2519960524110307,-0.8825832205654808,0.5697172890042613,49.962520100424086,1.934363103012058
-0.3735198296272765,0.5247026549254058,-0.8982224845526823,0.147173156117147,0.4600011780472171,50.86288230176692,1.9372624705158712
-0.012523046532604276,-0.7437573647215047,0.7312343181889004,0.3278025758825648,0.4829864451703016,66.89249788515257,1.9908509442274824
2.464687337630064,0.2945399737082155,2.1701473639218487,-1.1713531416002805,0.4799529699813753,50.117272987469704,1.941602456714581
0.33375582140375226,0.1997383824917468,0.1340174389120055,0.4049412492677709,0.5823087357661149,53.965918446707846,1.9822895211763756
-1.6149332104679064,-1.0007258375018169,-0.6142073729660894,-0.0841368186603456,0.5755883177727651,48.17562050521866,1.9878294431487031
0.4322175811448013,0.5007466169601489,-0.0685290358153476,-1.836327929571458,0.5529571131746228,52.90575544132167,2.0165367726141823
2.194274240727284,0.7044585792631594,1.4898156614641247,-0.7885479843320394,0.5823313038395749,50.24557215367116,2.0079198154455065
0.6969869925711133,1.2274400923532611,-0.5304530997821478,-0.3414111088326521,0.4849136307149975,49.39129607813119,1.9848358224668912
0.5157966072145282,1.1989056974959469,-0.6831090902814186,1.960239480070712,0.5464504850852577,60.54552911561206,2.0249776433071514
-1.5979396949997382,-1.2318509262129882,-0.36608876878675,0.6294623454058096,0.5229049669296624,57.34410923336273,2.0205567556411337
-1.6273938197249431,-0.7912918018879606,-0.8361020178369826,-1.2622149500863102,0.5716507527996781,52.14906561726778,2.051591590931131
0.9027520449618542,0.6622833015188814,0.2404687434429728,0.5596603065727478,0.5236883952344344,39.95142066338238,2.0886835407304067
2.4047975044496748,0.6617487815054897,1.7430487229441851,-1.473322573641725,0.5103454216981521,49.674582189669955,2.0352114951153544
1.1057466877994895,0.6637253131823881,0.4420213746171013,1.1570298673252437,0.5567809513033175,65.00191409078882,2.063995545292002
3.8692843502153527,4.0021239138141205,-0.1328395635987679,-0.3964284402381788,0.5736869429914415,50.340615898395455,2.0789461409243297
0.549272236774049,0.7209977301356258,-0.1717254933615769,-0.0185825790179413,0.4966041841461516,57.01716005469288,2.092367378091736
-0.15614554021012528,1.2863876559061171,-1.4425331961162424,1.4012076554049493,0.5271106195774848,58.71793216701818,2.1248025132821047
2.109877802255801,1.10553857550178,1.004339226754021,-1.2113951625799613,0.4773853307196328,52.61018769936565,2.1165291116487723
0.8476069492179422,0.8036428595974349,0.0439640896205074,-1.3209923809671729,0.4055472707836804,47.31340792357561,2.1383160545144086
-0.220409629996518,-0.1623028400656494,-0.0581067899308686,-0.5071161240586568,0.5406162624856258,39.35310238683252,2.1274845391253647
4.228702949882088,0.9126504213510228,3.316052528531065,1.1152194514481943,0.5611815079842827,54.95762805162233,2.1545984869083585
-0.19615951131841886,-0.6184292173967569,0.4222697060783381,-1.442148076906435,0.5439825398824992,47.470179957290405,2.1755559526175543
-0.7094102286722196,-0.0817078133161346,-0.627702415356085,-2.754600201398632,0.4335440727970565,52.4318601936772,2.1553540090052583
-0.6312350825621663,-0.3295379581221699,-0.3016971244399964,-0.373246063555532,0.5136226464375631,45.30915419912252,2.1956271623961303
1.5120925433650645,0.2384145253763154,1.273678017988749,0.6300109929059168,0.4203906891954445,50.23921615754892,2.191047455374551
2.710988305302767,2.471913748946561,0.2390745563562062,1.2788893408753554,0.5999360918373197,51.74114709723579,2.220909204809645
-3.021197209508114,-1.7092952140356366,-1.3119019954724775,-0.3841763728073432,0.477291266605318,52.92266769078261,2.2059716019984603
1.8911217196602244,0.8449449652136843,1.04617675444654,-0.332084219696417,0.5945071354408289,46.01273681162964,2.227624893103242
-1.9939407287086313,-1.4533163000674214,-0.5406244286412099,1.2336005198168625,0.5791733964086533,57.57855045502906,2.2291878753664296
1.689571771757633,-0.3118174983841439,2.001389270141777,-1.789684515992776,0.4869933558542548,48.61666975039304,2.2380757547591887
2.4584911573210424,1.2497797606557148,1.2087113966653276,-0.3081061933388348,0.4755265851742825,43.23594433461726,2.255178608564514
-0.0922627486147537,0.2258239790668709,-0.3180867276816246,0.2711958699107618,0.5498273028135985,51.07032249989676,2.2707361493844984
0.4953373450638483,-0.9154860216748386,1.410823366738687,0.530348099412268,0.4902355493917399,51.79446410767697,2.24500870176152
-0.35409580416501674,-0.5523301567224415,0.1982343525574247,-0.4283199169221191,0.5377189426154158,52.432682691234064,2.3086726721763577
1.8270104519339503,0.843286097755262,0.9837243541786884,0.1162851861161344,0.5085962902237713,58.44754550663126,2.252806739189004
0.05029184676389986,-0.5659634866134913,0.6162553333773911,-2.4061257808611667,0.4438227082974474,50.46178726735716,2.2863037578052223
-0.33268577091283014,0.3815765309686796,-0.7142623018815097,-0.575689441640496,0.421500187321118,51.053081292023194,2.308114618584702
-0.29947906460807283,0.2114045775735779,-0.5108836421816507,0.5364250813893494,0.5445007599586827,46.142405470532175,2.328247119381719
0.6781460310904265,-0.4850528136529936,1.16319884474342,-0.8990202672782678,0.5052316194740334,55.76824285396772,2.3615234505548277
2.1102409516433736,2.3112064195612083,-0.2009654679178346,0.1426153867075387,0.50579797520147,52.59416862274934,2.3028341702354975
0.5326293868101104,0.8018961488369534,-0.269266762026843,0.530861064062169,0.5683886172584777,49.57963262871861,2.339846117432206
-2.6766197049633575,-1.8564506638556055,-0.8201690411077518,-0.2582032394567642,0.5924104983920224,42.1635457606927,2.3174633302440144
0.9149854747159981,0.3558610338544884,0.5591244408615097,0.2551671305391013,0.5202541077489217,58.91612816612605,2.370632439478205
1.7069571821373732,-0.4916649494002679,2.198622131537641,-0.8776718076005522,0.5169943677281309,45.56281533140092,2.3854336716900004
0.09240578151407419,1.0232696464474034,-0.9308638649333292,-0.1211931238704569,0.5591744139859302,48.751973069663265,2.421815914843425
-0.4595092874783129,-0.6209696304984619,0.161460343020149,0.6959917235563419,0.466463443101869,53.5072336347224,2.402412695217869
1.6075627415396667,0.057529462750399,1.5500332787892677,0.2431059130770832,0.5456108335808445,45.73986939908954,2.4308805025888476
0.7367111486353852,0.6779679794808146,0.0587431691545707,-0.5000409193137568,0.5621904386911792,44.26225811373786,2.431676741630781
1.630778884630005,1.039450690953538,0.5913281936764673,0.3110641526825013,0.5687506097775649,41.11721705433084,2.4212950360598966
-1.948751407682999,-1.0258861139893,-0.9228652936936989,0.8018149371698561,0.4380444234881719,55.349087695192935,2.411820785064159
0.40903102219586396,-0.159376146491413,0.5684071686872769,-1.9623787339027103,0.49695725437946,49.02531966986374,2.4555000459658363
-0.34557778202683437,-0.2991054255283614,-0.046472356498473,1.246994007772195,0.4912548144853456,66.3947493186926,2.430157959657093
0.6501991905543281,-0.4767745506580578,1.126973741212386,-0.2479773977232449,0.5403052841035915,46.793771491002175,2.495904141453393
3.271925352603532,1.9427237184798103,1.3292016341237218,0.5141246723395869,0.5594911246281419,47.16543966484253,2.4767587579592636
3.3149170470467606,0.5829659854427283,2.731951061604032,1.2862390608861145,0.6104323752686536,48.95287789339072,2.5139035482302283
-0.3595924537447719,-1.0821848835702133,0.7225924298254414,-1.28232416184805,0.5109915401345628,53.00266398334077,2.490395711317352
1.566603224323147,1.0972758141026675,0.4693274102204795,-0.6197340689036009,0.5110041484941176,49.44312197655236,2.51537701572802
2.6407720925856806,2.302284860343584,0.3384872322420966,-0.1984843642102294,0.5935093336101275,54.86294770332207,2.5241869771466936
1.0048171950456766,1.213308720165157,-0.2084915251194803,-0.6933317913174233,0.5509975388493172,46.91549264619683,2.529099117639782
-0.8540812618775975,-1.337811710056944,0.4837304481793466,1.825715703785343,0.5996942267388126,44.90762396665279,2.531346809732068
-0.4515439890810492,-0.3019610206861227,-0.1495829683949265,-0.7656355677367284,0.5508910105865176,42.831656824755754,2.5578491203694105
1.7647502526899757,1.449898997649811,0.3148512550401647,-0.4640528552552726,0.478741738756974,40.71200764494589,2.541476734730336
0.9405928305324243,-0.5239668208725334,1.4645596514049577,0.2962403539761004,0.4700841112103591,49.24668135008719,2.545811293420819
-0.23077174328066064,0.6282368691755351,-0.8590086124561958,-1.1099408055614357,0.4593078757529149,50.33927284832696,2.6048565378665365
2.247750641720641,0.9597662907417028,1.2879843509789382,-0.3031145931000809,0.5701290392003968,48.69413723570774,2.604543359777842
0.724709256233548,-0.7410834379826576,1.4657926942162056,0.4103767780478878,0.5965992478734354,58.075499321890064,2.601317832172045
0.1582174107283934,0.1270364738166845,0.0311809369117089,-0.2395794894432689,0.629780473045016,58.00576934682552,2.6433028476508755
-5.0260243119868875,-3.0539907139075284,-1.9720335980793595,0.0002514541808237,0.5796105918484707,50.19875132439293,2.614644689625503
-1.2938250680284362,-0.8363962188896865,-0.4574288491387498,-0.4353364012260692,0.59574021336567,42.910308658486215,2.6564540643997794
1.3840975888777416,-0.0638619326654976,1.4479595215432393,-1.4201171998169355,0.5087404271128483,49.053536647001366,2.6435114816985164
-0.9296934172444322,-1.0583621669541277,0.1286687497096954,0.4163037188445995,0.4800634121649516,48.895103180521915,2.629504984998472
0.9753535319655308,1.8225471152254165,-0.8471935832598857,1.850000977294132,0.5805311288796339,48.61568330154752,2.696960803835417
-1.5913852055505369,-1.239290770383792,-0.3520944351667449,0.1138269345718584,0.5590541591273381,48.419911556277185,2.6898142169324815
0.7453932667553893,-0.2484790828370838,0.9938723495924732,0.3210468191774995,0.5436852994890247,48.64833955997496,2.6775795793798087
1.0235785057447973,0.3230207774290506,0.7005577283157467,0.7888628551883391,0.5578246140602413,49.9900939219408,2.704543425190679
1.5497321834632545,1.634268285492134,-0.0845361020288794,-1.1728329983336898,0.554758273408114,48.7522444701824,2.691925931320042
-1.4540089361177868,-1.2421523584703615,-0.2118565776474252,1.7993695544841446,0.6029328015344937,52.97871047021874,2.726582980701191
1.1213698632969848,1.3575883411470968,-0.236218477850112,0.2995410909188706,0.6036341970392753,53.74608946944567,2.672178428694321
-0.5609262299835617,0.2053724462947836,-0.7662986762783452,1.729426591726707,0.5662388946720567,47.39816841683951,2.709603973326108
0.9864045652263513,-0.785654469489695,1.7720590347160463,-0.6351059047448614,0.5814609799397976,58.31386844561772,2.7595851948857395
0.4936071651662983,0.6586724521045859,-0.1650652869382876,1.9163464114784825,0.5650169231895019,47.06537826921008,2.7450068892356216
1.771329009822841,0.3963434696978446,1.3749855401249962,0.8737973810969704,0.5163982682231439,43.88383467216706,2.7641508458977753
1.2774966014970377,-0.4022183067513608,1.6797149082483984,0.6520393710560753,0.5774279478271438,53.883876060899595,2.7430642867576913
1.425797043180867,0.2685154516805121,1.157281591500355,0.3333811376983945,0.4700179198951356,47.90009299483323,2.816957339914042
-0.4579632162274139,-0.1858854338882076,-0.2720777823392063,-0.1488145365876731,0.5925802102095047,53.60073898352246,2.8138105928743538
0.8775047622497589,0.3136603045078599,0.563844457741899,1.3006031381021783,0.4803024448630206,39.98308658706347,2.7959862956324937
0.9994790281015387,0.8629884300607179,0.1364905980408208,0.2407887476178825,0.5544617154476709,58.970857262812046,2.8019060828627333
1.0451455486961385,1.7875893679680823,-0.7424438192719437,-1.866283427675787,0.4980568124432382,55.377192558429314,2.840592087228394
-0.5493389905148243,-1.0355281507210592,0.4861891602062349,-1.0160427876541074,0.5681269187748793,44.52049073524289,2.8696494090033786
1.3193974433963924,2.3360355190451156,-1.0166380756487232,-0.0843446799983227,0.5389041675813744,44.63613582465707,2.859075205116227
-0.3977179178515027,-1.7483708588505933,1.3506529409990906,0.4118574535015093,0.4610055902262151,60.39849892720672,2.893436053347932
-0.24842526581503427,0.0526466419193845,-0.3010719077344188,0.045627379577588,0.5619213289419176,48.35741785205989,2.8415529734187617
1.1587406221858647,0.7934637397226036,0.365276882463261,1.3215440564126768,0.5121332678059699,47.88054108871715,2.8536122633900245
0.9348301324191305,0.4868531972561191,0.4479769351630114,-1.8481711992780816,0.5852296019448857,40.72835282446445,2.856221177638933
-0.5097674670772084,-0.4161233940164479,-0.0936440730607606,0.2468759994072331,0.5413815095975496,50.31187023003368,2.8988352129929895
0.7516952108749688,-0.00083132827007,0.7525265391450389,-1.714333764343552,0.561229233686843,50.93431114669328,2.9035120709960873
-0.5934942982148811,-0.2849952162885683,-0.3084990819263128,0.8637151546693007,0.4937226959232923,55.65752266755007,2.9069609775305603
0.6576294668890155,-0.3806442422908877,1.0382737091799032,0.0099015428846591,0.5122774913592967,45.09181300561086,2.9361851725624657
-0.11939402354023398,1.059037407957408,-1.178431431497642,0.5243276274923097,0.5189551303822224,44.49291914816078,2.9546465721042936
0.8616652585064556,0.5671655931844898,0.2944996653219658,-0.7588079069800449,0.5848651454560162,54.356314246076806,2.909486751814263
1.6255762301021337,-0.4820446917581524,2.107620921860286,1.384897383409002,0.6260418350907748,57.14229939116034,2.9380605594419777
0.280112010441686,1.1111795752188118,-0.8310675647771258,1.1475145139516318,0.5020573523699684,44.2600352422662,2.976402871882461
0.011684643275274631,0.5195940169452298,-0.5079093736699551,0.6896915510461978,0.5963013064466082,57.53051539218491,2.9606452263228284
1.7101866947308988,1.02587141119064,0.6843152835402588,-0.0230126006876008,0.4341179875840508,52.31780213095091,2.964035878472837
1.1939139834057406,0.8433529305583514,0.3505610528473892,0.6867193296125017,0.4830353476723333,57.59626758172062,3.010370748553008
-0.09237491879647575,-0.6145561260042738,0.522181207207798,-0.5996731255284496,0.4949488541742209,51.793287041589906,2.9742099986055206
0.3162827161122379,-0.3450273589961118,0.6613100751083497,0.963132499621141,0.4754053017681354,39.54014722456883,3.003968403844178
1.7705783331560827,0.963162082607179,0.8074162505489036,1.7574151330658796,0.4639942760074044,51.39884786325898,3.0265728805160963
2.109920000170246,0.8269535392004412,1.2829664609698044,1.1789021968626745,0.5639666003602852,57.46655183102611,3.018523601721798
0.7800535890544288,0.1963964760858876,0.5836571129685412,-0.6209534347823916,0.5327562291236141,47.70425060508178,3.0556631131202634
0.26849288808981076,0.3353402496418771,-0.0668473615520663,0.4704237504396504,0.5625728431468745,50.24030381879368,3.038622460496053
2.343948389700234,1.4963925584045792,0.8475558312956548,-1.1837777124505706,0.5782691668293065,51.30660910840665,3.0881723898689186
1.7033069720779705,-0.3721289299366161,2.0754359020145867,0.6821115406252826,0.5571693414384694,37.696855189649725,3.0674850740500847
0.8107466941155559,0.767254636352311,0.0434920577632449,0.5606820404536754,0.5769196098439733,60.55831042901011,3.0934254027341073
-0.7791522644669372,0.0186793990314383,-0.7978316634983755,-1.759380313799498,0.540697795980953,47.70184211516745,3.1049204790596563
1.2882557920068576,0.0039056445211714,1.2843501474856862,-1.050990420038168,0.4849677001343911,54.744545639847914,3.0874491999451186
1.378538647290204,1.3210784960186412,0.0574601512715626,-0.1719880747280416,0.59735103784733,51.78951075957347,3.068930269026882
-0.9458236044598878,1.0484327893025402,-1.994256393762428,-0.189351526983571,0.5151476814238457,58.5182596849419,3.1272151150932768
2.063647539026686,1.0372408725982083,1.0264066664284774,-1.0976113171200204,0.4979664323813926,54.2675929781161,3.1314457669424973
1.1741534803855385,1.529924840034958,-0.3557713596494195,0.5012017457924982,0.5359933127859059,51.06983897120142,3.151116520551503
0.3357600518232372,0.2461646707964473,0.0895953810267899,0.3640540235223563,0.499391619867912,47.78403282904048,3.1454694505523433
1.4205094276681243,0.9078285967417116,0.5126808309264127,-0.0813313192551454,0.5243036059898779,56.24800976137817,3.151391446023986
0.288095682299263,-0.083676334863649,0.371772017162912,-0.6424962892934595,0.5625207804241348,42.89869769752499,3.210169460219634
1.442767562050641,0.5514715705013085,0.8912959915493326,1.1623597354229966,0.5628781305648797,55.50250428150813,3.1505529187697845
-0.15519339920486178,0.097876959928241,-0.2530703591331028,1.769417120236258,0.5007124995379036,46.7849763851849,3.204679009567285
1.0218244222109738,0.3257307755717031,0.6960936466392708,-0.3691940785570445,0.5213616934683598,58.548766415573056,3.1885079628363324
0.7486196402046762,0.8246066322989579,-0.0759869920942817,-0.4974421137237986,0.5996065716109211,53.10099378193392,3.2032844276451917
0.33488572331521715,-0.5880562800883689,0.922942003403586,0.6062898669845481,0.5708528865157179,55.522262870701574,3.213657943348521
3.1233373186692073,2.3232664751136234,0.8000708435555838,-0.2425897800329047,0.6499290918530597,52.718736063405224,3.2139313145165747
-1.5245868912640972,-0.7744233857884797,-0.7501635054756175,-0.023600202807623,0.6053252078293209,43.554054481407235,3.251424484204725
0.2899493289770073,-0.9818798207934504,1.2718291497704577,0.8558075477218122,0.6036764118268533,48.01944210296613,3.277812871918999
1.0415898872852336,1.3911344617774088,-0.3495445744921752,-1.7928442933686224,0.4772112901326781,55.69218257083032,3.2694002732249334
2.020449584452802,1.0254010785233365,0.9950485059294654,1.4351715171328694,0.5849406944937512,53.170662932403225,3.272067639924242
1.413422855971723,0.8585729978956147,0.5548498580761083,0.1899071147510711,0.5442352960838464,58.24948133496296,3.2602711900180155
2.889831544887137,0.8635134863907988,2.026318058496338,-0.2939091559989207,0.5194845052483913,54.36805258645105,3.3003365053164893
0.1888762369184741,0.2236360005626636,-0.0347597636441895,0.0287072324833402,0.555577321708542,47.52531828058248,3.3431269926345863
-0.8206955421572812,-0.660656801793194,-0.1600387403640873,0.0807281398668375,0.5945800906691017,48.385655008323205,3.3023861075240983
0.48354721106224813,0.3131169241694232,0.1704302868928249,-1.6125451204570769,0.57250405274535,52.887710612373155,3.312480328412963
-0.5518926022806258,-0.4391345492533554,-0.1127580530272704,1.613951808582614,0.5036817423846482,40.81005129258704,3.31877821738038
2.2047971607350694,1.2138616919595668,0.9909354687755024,0.1606966115415262,0.5848713373879941,60.75462901353308,3.3302117153101114
-1.3323458312539518,0.0923993733227362,-1.424745204576688,0.5627305078598126,0.5160119738611768,54.60330123013654,3.295094008926553
-1.4468708239445838,-0.5853256456845772,-0.8615451782600066,1.0716355461280098,0.5588684661698012,58.536888496323705,3.3681007077171143
-0.955593337928398,-0.0804994942619998,-0.8750938436663982,-0.9007192838648035,0.533009766104342,44.505843769864086,3.3530889564729076
1.7981211048624952,0.6545325979496772,1.143588506912818,0.5942724708722549,0.5373769161480293,58.63883723851681,3.347794737624164
1.5830575117007526,-0.3214086128468625,1.904466124547615,-0.1464831209202374,0.586775336743448,63.58065395470986,3.405063798994651
-0.4892142888715942,-0.5791896593262599,0.0899753704546657,0.9682861433365796,0.4965964612572394,45.825915585515126,3.3783596442991612
0.5136074468437172,0.4874327440151432,0.026174702828574,-2.00535465408988,0.6460088602184928,56.29446429975114,3.403226618922325
0.7550473260732266,0.489426899915013,0.2656204261582136,0.0231358641618761,0.4578377622965332,52.45015301149937,3.4493288478237716
1.09625035239789,-0.2617680502817802,1.3580184026796702,-0.4802330932392868,0.5191516408551271,44.72958200965227,3.40181568403951
-0.9557895813385608,-0.2251483842459139,-0.730641197092647,0.55520791132036,0.5676885787715689,54.92331907298344,3.4093480353080445
0.9143074118722643,0.4786546550131045,0.4356527568591597,0.5933465461959362,0.5785366518528591,56.63406320074142,3.455386123791247
-0.027711586625544626,-1.2007648275587963,1.1730532409332517,-0.5839661378527623,0.5444401167591202,49.46756237604104,3.4829897472802074
-0.45990784603785373,-1.1594294641549685,0.6995216181171148,-0.5881567090652501,0.5467373268942403,58.309925703491984,3.438513165645361
-0.0811142129453295,-0.4696951147477898,0.3885809018024603,0.0137091846949936,0.57027732556731,44.15367403110047,3.4881537947367436
1.2366339658731638,0.0360167510758582,1.2006172147973055,-0.7719102759213554,0.5383393066846571,45.020858295628834,3.501619990799234
-1.9420030690738557,0.5610862646687694,-2.503089333742625,0.9670730449875092,0.6196948027108983,53.18477396865141,3.4588167903261535
2.6048398281173433,1.7262497123033762,0.878590115813967,-0.243760452770534,0.592146154782345,52.6358613433996,3.5259700267581446
0.6564788650209858,1.1092679148389029,-0.452789049817917,-2.7811840735031996,0.5939628758776584,48.933215474248314,3.5375321175968435
-1.536389868563987,0.0923845579565157,-1.6287744265205026,-0.2486605126618347,0.5021567814154677,56.57120305905886,3.52376428853488
0.9476545831876958,0.2340216763003133,0.7136329068873825,-0.9120248787424712,0.5466381556203153,55.18485041310977,3.56504692724596
0.8278840054000596,-0.7487766841517474,1.576660689551807,-1.5043994752179146,0.5357272386611771,56.82822215953069,3.572729111486497
0.3020798075643356,0.2359543407767308,0.0661254667876048,-1.1101928998380122,0.5006134265693509,51.928992590929866,3.562062358514344
1.1235439997767247,-0.0334763658679582,1.157020365644683,0.2369996083590601,0.5690446638077243,55.564724070413504,3.5609710921935016
2.395611543130166,0.5786156296733289,1.816995913456837,1.4565893629158508,0.5242971259780571,50.33071917820242,3.560543442148341
0.9495848681446624,-0.5706190779340241,1.5202039460786865,0.4414904066741294,0.5840925646161715,62.83521210661596,3.589248729812676
2.6224990350350095,0.7766731761425304,1.8458258588924792,-0.4778400572650606,0.497955754235555,48.51053776840365,3.611395178394084
2.7393410288064213,1.7907803711869952,0.9485606576194262,0.5849249242629114,0.6375603222789746,63.106901729135735,3.603516462779187
0.4324347484861934,0.1499961060106192,0.2824386424755742,-0.3297121829852534,0.5069346179638923,52.76200228012181,3.5760499798947594
-0.7332061984472621,0.6611827728494776,-1.3943889712967397,-0.5648648437878765,0.562859327010129,45.71715605966165,3.6553742778915312
0.9124160282416358,0.950329838744708,-0.0379138105030722,-1.0242697447161866,0.5916301349261225,59.44225522277896,3.643804464436898
-0.7748459092320493,-0.1403198285691815,-0.6345260806628679,-1.6213784850933917,0.5236481071533253,53.238513375141345,3.6424075100664632
2.865942990587716,0.4857079214101308,2.380235069177585,-0.2591159867595882,0.5949465200915903,56.87177488789833,3.677143167768466
0.3089010129384504,0.2749226366645683,0.0339783762738821,0.2892186078615185,0.4910068672865338,58.7425819515407,3.700492771929655
0.6943619632318163,0.3607211307146645,0.3336408325171519,0.0348988460680266,0.6252148913922946,54.32022809238346,3.6239617686102426
0.25324328339300683,-0.5092499554065744,0.7624932387995812,-0.2840870137229125,0.5534594289380664,49.67639406042485,3.6986852729984414
0.544166945148909,0.2889847989908941,0.2551821461580149,-0.8135087483308054,0.5230743545479463,57.52331313566576,3.671467015783793
2.670390289503222,0.7631877122604604,1.9072025772427617,0.7408409021924739,0.5380787955816304,52.655671747423085,3.7199822101359783
1.307121837197116,1.7170478250931118,-0.4099259878959959,-1.18417981129755,0.59362680692925,56.08833126602279,3.722558544047492
1.6337925057684823,1.2258898396663362,0.4079026661021462,0.90933742063404,0.5241010381237039,41.89753726685399,3.742714530528811
1.8919127295690479,2.420516267375745,-0.5286035378066972,-0.8685501139946304,0.5159988775016989,54.90824668369115,3.7300150477101073
-1.6048825830437088,-0.4992989567408015,-1.1055836263029073,-0.618410934279411,0.5425328913502627,49.48755693574733,3.712535197763617
0.7443256701899461,1.1410840391509856,-0.3967583689610395,-1.3324034894005234,0.494904574847563,60.954182210195725,3.7509926361748662
0.6313659663739998,0.4528202044517184,0.1785457619222814,-0.3666630475289533,0.6449228351397641,55.810218726579144,3.778136952702796
2.2468480996939793,2.459995928214098,-0.2131478285201191,1.1104089559761918,0.5257188694385491,53.90121867921074,3.8003078465735047
-1.0130852409259339,-0.5373904940756662,-0.4756947468502677,0.6510819840836991,0.5957623975649173,55.14062787954596,3.7665633739905497
-1.7571186482400294,-0.5680992546182313,-1.189019393621798,1.1142334058093075,0.5647980216948976,47.72402161124186,3.8205412085374606
-0.19229092715062968,-0.3270552615984181,0.1347643344477884,0.6583112378567378,0.5052407742450225,60.83965729109631,3.79704255420707
-3.137122174109215,-1.8508435441811435,-1.2862786299280715,-0.9671437384660376,0.5543127005650962,62.68737389337116,3.827248997631891
0.7270814995499424,-0.2519880452690384,0.9790695448189808,-0.193905736121696,0.593953534247882,54.70223731685831,3.819802120942688
-0.182625717768587,-0.4846508888589159,0.3020251710903289,-0.6429582427700717,0.5454832877846411,60.69683556981602,3.843643412554242
-0.8118038888286085,0.425590355454049,-1.2373942442826575,1.468173188527961,0.6146949610881196,49.90622469641575,3.8678375526914057
0.5291873561969173,0.6176673410380601,-0.0884799848411428,-1.0588329637958611,0.6062580426912734,48.773545821484106,3.835459718454229
1.6219415244044308,2.152797000759846,-0.5308554763554152,1.0320107701610908,0.6012709750417086,52.97088535908422,3.856401882065064
1.7688120726938654,1.2277647960130695,0.5410472766807959,1.031624349022279,0.532485352951754,54.94811477010968,3.8836992517468416
1.2640471477588833,-0.2988479015523244,1.5628950493112077,1.9686480787711265,0.5016190284329414,50.81062413488518,3.9380316732206073
-2.271800150286454,-0.6196441209552199,-1.652156029331234,-0.2703013174329284,0.5250747298104879,55.4765464557738,3.8827362057566632
1.110018874671078,0.771404518182703,0.338614356488375,0.8520648329182607,0.5657091163685755,54.32680087712904,3.9508026777199383
-0.9760057452606206,-1.0400330640613855,0.0640273188007649,2.421751908018471,0.583329364268469,47.810467553137286,3.960088466073503
3.0084457329409884,2.1123737050966698,0.8960720278443185,-0.4771842073125386,0.4476044176104408,55.40311447968177,3.928053776985968
1.8995702729046515,1.4610698562466622,0.4385004166579894,-1.394225379769672,0.5559202870244876,57.13393856786136,3.934036949476002
-0.7129248265883417,-0.1868311202962702,-0.5260937062920714,-1.7388377680035465,0.5643733676278461,53.6807919060363,3.9361586960267063
-1.5226816741928066,-1.4300752009993836,-0.092606473193423,0.8542416929070783,0.5427346528025212,58.59383379722341,3.9586359493933463
1.0686399412361194,1.637646498539966,-0.5690065573038464,-1.7412631458713073,0.6213185168257046,46.750722276260774,3.941865611348809
1.473547350529683,0.1699490754049947,1.3035982751246884,-0.2300745926091165,0.5779867878440661,55.18464131723539,3.978475219653588
1.7724946511386133,1.5230200289141336,0.2494746222244797,0.5799150455092967,0.6225503387921792,47.00063363742285,4.0199376054770175
0.8214163507613566,-1.308509145570636,2.1299254963319925,0.3281347934417796,0.5463856766272346,47.288778341071875,3.9877782987504657
-0.14409587965617063,-0.3127417134469823,0.1686458337908117,0.5687615189375675,0.6042005365267044,49.71167892637896,4.005185513920218
-0.1859364767705497,0.2925918055080331,-0.4785282822785828,0.365963908695779,0.639222940884346,48.16318014002728,3.985977190514656
-0.9482205751168484,0.3350434958376513,-1.2832640709544998,1.422897264349848,0.6231972528782149,50.14064992702341,4.037481241762621
-1.7334052906944448,-0.161287773123275,-1.57211751757117,-0.8079275315608128,0.5031484599997571,51.81702543000374,4.045289633699028
-0.4401995203077411,0.9123424269865266,-1.3525419472942677,-0.5322488911390174,0.5452146950506865,57.0806973780472,4.0512740471953155
-0.278120654711354,-0.7774131384605072,0.4992924837491532,-0.6275557998097804,0.5407832229119276,51.296277715692355,4.055663458995558
0.890005295177904,0.148542602183853,0.7414626929940511,0.9756528554651834,0.5826471441948456,44.9810923382035,4.064144841624551
-0.935948680041464,0.4119325152001047,-1.3478811952415688,1.0462170301391664,0.5926450544483679,58.616708067357855,4.090038004674014
1.9357101717231417,0.8067905138300142,1.1289196578931275,0.5974011592041408,0.5165257022529662,48.73806612963745,4.089423667968227
0.7560734833032344,1.0046813541432142,-0.2486078708399798,1.33002690491709,0.5620052209067118,52.6370626250201,4.106299437431106
-0.4490427896450289,-0.8308608195004854,0.3818180298554565,-1.0311502312076888,0.45775988785967,55.170495258077395,4.1142996563490914
0.6081993810365998,-1.239618102115179,1.8478174831517789,1.8144721458613584,0.6309964640141832,53.943012778218346,4.142468545741916
2.7058956945903456,1.5728876868020116,1.133008007788334,1.6708440541640095,0.5334234609468658,58.423006386642406,4.143539881947501
0.5964495542095707,0.6282396731661535,-0.0317901189565828,0.8835848278390277,0.5619783292295372,55.35427232882942,4.143857236863004
-1.105725938526523,-0.4518460790869325,-0.6538798594395905,1.9301191375058704,0.5438456057945211,48.65985667621067,4.180368440613044
-0.06542396905195713,1.8485072292752032,-1.9139311983271603,-1.5079455808014337,0.6167724295012069,63.86636340748512,4.168405370581131
-0.0669525948852297,0.4137446843285985,-0.4806972792138282,-0.3754131112447819,0.417738687937279,53.95236781704857,4.196099253775809
1.5059796686099705,1.4780820303826256,0.0278976382273448,-0.5859110375225527,0.5589264521474644,52.251147330080464,4.192138852167733
-0.38056168905772975,0.3670181240119674,-0.7475798130696971,0.8712291450582725,0.5546089906454869,57.81462354129644,4.153161618421369
2.4698769477825344,2.360962363766905,0.1089145840156295,-0.9000335201596867,0.5373610683973994,54.24939911849953,4.226096695266387
2.3738653487043315,2.0562700776111815,0.3175952710931499,0.907959766921474,0.646497174315377,55.0054333163764,4.212703524826853
0.0691391263247135,0.0526798829719629,0.0164592433527506,1.5213581597222317,0.5159623333474187,65.4773603075138,4.2189609045819845
0.865814260052268,1.2739297786884511,-0.4081155186361831,0.8463823139510472,0.5990615744086023,51.64798113606573,4.235626966949792
1.3595631447827543,0.9484495736023026,0.4111135711804518,0.4352878356700786,0.5784273642387352,51.44193177008457,4.233100336760859
2.3573913636421437,1.672419977832563,0.6849713858095806,-0.8359791307506419,0.6238336466868187,53.62077676306446,4.254540577207779
-1.5072167481730578,-0.6604202439968307,-0.846796504176227,-0.6945993578337277,0.5275411890777795,58.40261184373793,4.248162478673138
2.646376262904109,0.9912694728647724,1.6551067900393366,1.4022279117298333,0.5243951576170787,45.51950997771134,4.295485445174688
1.5105154110342327,1.3643572959989805,0.1461581150352522,0.9323154084800286,0.6159900572037484,43.2315486341114,4.27772823772758
-1.1879241736998534,-1.4520918809906624,0.2641677072908091,0.1143042833386817,0.5825955865029959,50.13089970122378,4.282348323145551
0.078208233678702,-0.875896110950264,0.954104344628966,-0.264228344908135,0.4842256130092642,44.90400922185867,4.281501483685615
-1.251477090099172,-1.7311549797615302,0.479677889662358,-1.8717692741120917,0.5346501888765506,50.956615242357515,4.315375515782973
1.2395553891756208,0.0393851598370719,1.200170229338549,-0.916456421543624,0.581077531548729,55.60041842346275,4.323742142002502
1.561778644014227,1.0270490463606514,0.5347295976535755,2.066172482422068,0.6037895691902673,48.64132358788557,4.33776849227355
1.4483185337815376,1.8125786389437768,-0.3642601051622391,-1.1253447775785923,0.5280827847099019,45.96808298457077,4.319454962249897
0.9952837952613307,0.3850311635505829,0.6102526317107478,0.3449480127864845,0.4164744771353145,53.45604963988482,4.317976376023769
1.0458614611955908,1.9402667249851588,-0.8944052637895681,1.163269562902132,0.5884913951696251,57.42922921721453,4.372511826050132
-0.7092829961839007,-1.067735482517965,0.3584524863340643,-1.0987396801538294,0.5014571606421865,44.6487925643862,4.39969283723753
-1.1730670404356411,-1.390301667375169,0.2172346269395277,0.3412508607710761,0.4617492144898766,57.231969711329775,4.359472927552202
0.3011674667043226,0.2582478693664263,0.0429195973378963,1.0948133216421776,0.421142817403402,57.22448670132208,4.421788825671234
0.8216465936833643,0.6985758134854116,0.1230707801979527,0.1697545041803025,0.6036011159191079,57.91552915624418,4.405678221174728
-1.3471385040992374,0.2825304127350705,-1.629668916834308,3.0260156360813504,0.5694759046860811,59.24465268265007,4.409858741908984
-2.047475084978837,-1.7515021429276536,-0.2959729420511831,-1.5106292803220838,0.551905172386832,64.16946919442032,4.412049026069084
0.5737034177398346,0.2275347138824939,0.3461687038573406,1.21705590658152,0.6327821688271945,51.386087290857546,4.4023096396115
-0.5733479190864379,-0.9870999508265116,0.4137520317400737,-0.0141169625572935,0.595340144086822,53.721553397172706,4.459754570318492
0.2145492306346023,0.9877568947914396,-0.7732076641568373,0.9309623278173756,0.6444318713283761,51.09865129337389,4.434487872771248
2.2061445430015776,0.6853973883413086,1.520747154660269,0.600706722821476,0.4941230548405422,53.19787564622366,4.444403866485248
-1.2309295451923206,-0.6203658477998355,-0.6105636973924851,-0.5733992278462368,0.5621752565078058,60.85950616345676,4.4898385261977385
1.0320020058490855,-0.1936381825261145,1.2256401883752,0.3891107598646297,0.483210078214715,46.47721492845245,4.442340331066566
-0.05432080404871764,-0.7382699907953132,0.6839491867465955,-1.697429685851468,0.5527195896259542,48.90418695010851,4.459528043786637
-0.1299214178389192,0.2589792301035257,-0.3889006479424449,0.7640766642597425,0.5519008727870057,60.102487956289785,4.4996373151298386
3.3107248356983128,1.2775154441609953,2.0332093915373175,0.4593450278204041,0.595805306595105,58.323913771108025,4.515865688580097
-1.5978046221949544,-0.6626381263927275,-0.935166495802227,0.8002041286145105,0.5668957780456583,51.41522096534277,4.529694692959379
2.0060455783344224,0.82784923174372,1.1781963465907022,1.220019683200088,0.5959309001591709,57.51003716786235,4.523964030132075
1.0544562221866207,-0.2057401058635058,1.2601963280501265,0.5298785964641783,0.6000755091587318,54.951254337549514,4.590607393372834
-0.8780748855133993,-0.4676405234703499,-0.4104343620430494,0.3107055741942733,0.6727928956275561,60.75369613292488,4.545442148824683
1.8721397292448674,0.2189167451204958,1.6532229841243715,-0.7180947841237655,0.5494245882507045,53.6320190198844,4.5553842769579465
-0.6972974145737236,-0.7085804210612612,0.0112830064875376,-0.5488898129699945,0.5182812452383037,58.39477958294404,4.554060266623723
0.3243223796867852,-0.2262726077060097,0.5505949873927949,1.350422968997917,0.5777795202940549,66.48382652887483,4.582478136330422
-0.3469913647540108,-0.8697863986646168,0.522795033910606,1.6003811526680942,0.5255042974278692,56.27141071447965,4.6022992246409355
2.422267713818965,2.2935314231236803,0.1287362906952849,-0.0737072912084086,0.639859296463285,53.53470373104712,4.62407156109067
1.439209780814141,0.3647846384620788,1.0744251423520623,0.2107632904984492,0.5517433153508084,56.9074457910084,4.5802143147111956
0.6881878015517648,-0.369489625219176,1.0576774267709408,-0.7394964336070613,0.5377683581609825,51.475954536714674,4.615080093232886
-0.9388408402023147,0.5449305897906909,-1.4837714299930056,1.3382321847956793,0.542624349753738,65.24934531818835,4.638934072216183
1.7890100487984735,0.2193374256486984,1.569672623149775,0.8312495613615428,0.6022539662414876,54.21700994187519,4.65174115069189
-1.2851770986482396,0.1114106720893646,-1.3965877707376042,2.1074075722750427,0.5585887051629432,51.95913611509831,4.650130973156091
2.246284026615247,0.947261767949072,1.2990222586661748,-0.7117755432269155,0.5345356725746103,49.15250565395629,4.670848479390642
2.4850706024145595,1.0913175742360113,1.3937530281785484,-0.211102966923864,0.6500295687189178,58.824199599919254,4.653820722141484
-1.0193231889765477,-0.1959764871387619,-0.8233467018377858,0.398708252761455,0.5240964400612657,57.68118366885635,4.711158108646367
-0.38320150644058,-0.2405787838898551,-0.1426227225507249,0.8141092661031831,0.5688261950526147,50.86562271047778,4.709852562059589
-0.7760387101693882,0.0609025558862402,-0.8369412660556284,-0.0476905110286902,0.5998061581880885,56.241799255990955,4.673101444258696
-1.910837906246622,-1.9652521154146416,0.0544142091680195,-0.7046265657932287,0.485767054343335,45.82391065214515,4.688497939037664
-1.2159344242970886,-1.1778072165945497,-0.0381272077025389,1.0500994517255726,0.5914897941910968,54.298691331405806,4.699061564997861
2.7551123551105765,1.7049729093315869,1.0501394457789897,0.8901846834891127,0.51486434460339,55.64476817925409,4.743559399417931
3.5651406483271106,1.9837811516714052,1.5813594966557056,-0.7468673814786642,0.6089018266757243,61.92478342949733,4.714305444671651
1.7577985932493032,0.0904921948968025,1.6673063983525007,1.5252069183320862,0.5197730962946874,49.54118833088836,4.743379513315839
0.6268263918026967,0.9167999937920066,-0.2899736019893099,1.340320224564724,0.6026870577396911,47.01066716335078,4.769094087928336
0.7157523694337474,0.6522079815628357,0.0635443878709118,0.3047754107574426,0.6234832187185956,48.932438465567785,4.7686766813090715
2.0104533381785337,3.4205534317575967,-1.410100093579063,0.2504341740272158,0.611406350942112,46.73388373144899,4.785177750314254
0.9300022001921407,1.461962331019995,-0.5319601308278542,0.7252514809086162,0.5810433163289888,60.1071609846491,4.768683945773025
1.4545180301799505,0.2151846243877109,1.2393334057922396,-0.6901519623220194,0.5570553960272105,61.17421863380496,4.811897087467945
1.2789130048205721,-0.6117234284488889,1.8906364332694612,0.2019399852398505,0.5399424236135653,55.03925301125951,4.797735762150481
-2.220637936955222,-1.2619145118229764,-0.9587234251322452,-1.9801176403918823,0.6424580962277744,59.5517928127717,4.813507606512042
0.2324432652061088,0.5487102405848786,-0.3162669753787698,1.0490789478617633,0.534074559935149,54.12225795007773,4.83475463455812
-0.16002598044194366,-0.4103893442835885,0.2503633638416448,-1.388512521941502,0.5173389765216432,52.98405577150332,4.842061564430617
-0.5180753956672739,-1.0755775123139,0.5575021166466261,1.676757927070886,0.6026036862083963,51.80157387756893,4.850479600380313
-0.8308726157438724,-0.2991818906756931,-0.5316907250681793,-0.1564245971830336,0.5296713585540419,51.921954978780505,4.844987463560465
-0.03089653742049825,-0.7334422137645022,0.702545676344004,-0.0376140870062305,0.5221179830966722,45.74205011695377,4.864009011776016
1.8411793430409626,2.035962221205517,-0.1947828781645544,-0.4533236130180296,0.4975839041181021,54.80947967936621,4.880043671816741
1.496351174419992,1.231175139365462,0.2651760350545301,-0.1132711827140706,0.5457615845101764,53.293684273089895,4.862498295336658
1.1687619283454096,0.3422775373824534,0.8264843909629562,1.593656434497572,0.5659142845449895,57.22930540738008,4.890749340673732
2.118103363668798,1.830909113872156,0.2871942497966419,-2.3123261690440144,0.582347581379461,53.97726723201435,4.917753597580657
0.27400600539839076,0.4290480789128078,-0.155042073514417,1.4528052717207824,0.617901266468012,52.703279204806435,4.894451267923093
-0.3365837836672466,-0.5088896337800148,0.1723058501127682,0.5142207648758326,0.5968238096929395,49.167980525444335,4.953131633031885
2.070357972960676,1.8762334411009651,0.1941245318597111,-1.0304669659415615,0.5610782617886027,53.891859822421885,4.965392265251997
0.8057825020083923,0.892734203799026,-0.0869517017906337,-0.8984003129920541,0.5608550482038875,57.229427755224485,4.9250969884807985
-0.6578720954781907,-0.6827071979290297,0.024835102450839,1.8536625054069165,0.5964156647252445,47.82869460855497,4.987152392661002
2.0477652472459833,0.1649150745968779,1.8828501726491056,-0.7678800036024882,0.6346792586825257,53.98990629520856,4.967128368225757
0.3260445826908632,-0.5196497044212118,0.8456942871120751,-0.9753662361141868,0.5775094197668691,54.724900247282875,4.988370291183141
-1.0362500275496076,-1.0261163857177311,-0.0101336418318765,1.3156562149880315,0.5478801263388005,49.97650953437473,4.980066978957435
2.2664486067957723,1.2835756890613057,0.9828729177344668,0.5172519470507463,0.5218363282516555,50.63469989075664,5.018460896544536
2.2202004387770224,2.2675295782828537,-0.0473291395058312,-0.7588691076300371,0.4993623243419334,54.73418362195831,5.018121880376973
0.4204469851399093,-1.0397398397233584,1.4601868248632677,0.3960388424525103,0.6050790304213327,47.92117224949472,5.003716934868049
1.5797879835705806,0.922511767069413,0.6572762165011676,-0.8459814184508563,0.6008074322577462,55.34504388003538,5.006695960000695
-0.10948152513463338,-0.2903852424599256,0.1809037173252922,1.280950061753556,0.6009196415877134,49.12580139832301,5.010793951295816
0.6103413633465109,-0.1261532608197353,0.7364946241662462,1.241857026345614,0.5657614522713893,58.923989694615685,5.053758835528655
-1.5122336216969323,-0.2307070050108491,-1.2815266166860833,0.7128496584359532,0.6426841211401915,65.3060079192217,5.071449428235595
-1.3384351506696786,-0.5015890541687367,-0.8368460965009418,0.5428619190025563,0.548274418372975,49.320233146601694,5.083019313575589
-0.49179365722477875,0.4116381397389657,-0.9034317969637444,1.9427463807644432,0.620386764219188,56.30220442981476,5.077640378107852
-0.03311066710837457,-0.4671188083338398,0.4340081412254652,0.1816019814268243,0.5708291168659625,50.004603556361886,5.066860070886713
2.659154813113394,0.6350029301400961,2.024151882973298,-0.9996010732406724,0.5424916826380846,58.85023191259152,5.0863585040395245
2.8385316579014654,0.3150227911941797,2.5235088667072856,0.6321043631539652,0.6026786954945514,47.326316961007095,5.133046972779239
1.0578593090418242,0.1270276500599662,0.930831658981858,2.2690348980003017,0.5936769453194749,56.06269076140232,5.110307428707999
0.25332370067984256,-0.5408731688321626,0.7941968695120052,-0.8314142465811345,0.5911867366052335,49.301960097647594,5.132868352613629
-1.7164995436345811,-0.2093660410758381,-1.5071335025587431,-0.1777601219477384,0.5775449790013089,52.639129949433105,5.118486990328502
0.8753335804877316,1.12351131160131,-0.2481777311135785,0.6005060809892296,0.5717293630692692,48.526074482019006,5.156731660909181
0.37703622342164594,0.8697520696829941,-0.4927158462613482,0.1305125920235675,0.6931855760552447,57.8001011750649,5.150846308766418
-0.9332134220346562,-0.6080055664568784,-0.3252078555777778,-0.7975287412064782,0.6331227679281433,49.5105950112188,5.190934254275515
0.5976645411689537,0.4695967800539578,0.128067761114996,1.306990093542837,0.6101942396742219,56.462466042906456,5.195471154124136
0.947059233308686,1.1223663942795803,-0.1753071609708943,2.505530357471155,0.5797858120917276,51.989302567766245,5.180085881068503
-2.979655770553628,-1.2977112139305211,-1.6819445566231073,0.3819784926193326,0.6246966734680036,53.14457881291419,5.197466719453047
1.9616064027505065,0.9157690558538448,1.0458373468966615,-0.7178638579990453,0.6003815115143546,54.46286817173974,5.198977675199187
-1.0637441971231085,-0.2895000991888774,-0.7742440979342311,-1.3623986951749905,0.5759349695900956,49.92211323927545,5.1916113360691
1.4827547535763603,0.944437124633188,0.5383176289431725,0.4448952092411952,0.55958947494471,54.79022012810472,5.2128511514090565
1.9850193673890146,-0.3887059042194289,2.3737252716084436,1.2911539694778016,0.5708647835814832,61.39720534500293,5.243964346554416
-2.0487842047598774,-1.4296140520583718,-0.6191701527015055,0.6628017707984553,0.4165323229273266,49.8622065568979,5.256505189964591
-3.4810608398289205,-1.251559592993956,-2.2295012468349644,0.1855875815257494,0.5857266109427234,59.61887916526129,5.262970958071852
0.4401364788913497,0.4247825878336478,0.0153538910577019,-0.4009228312031732,0.5509157242289352,61.25746457916158,5.263965338920828
2.040024524139638,0.6371349391768071,1.4028895849628311,-0.903457413990427,0.6551159874052092,49.69334942941303,5.29866133211442
1.7346598498452774,-0.526189391366024,2.2608492412113015,1.0238149431940744,0.5765926502882647,46.505999311931085,5.291270838091219
0.09095851836355617,1.0174344887988178,-0.9264759704352616,1.1031926363963076,0.5163202350275407,55.29822480107326,5.314065076561919
-0.4816185516843323,-1.2819632359644566,0.8003446842801243,-1.3559513735384816,0.5734173575544947,51.05853064921067,5.27452449735595
0.15309866523024276,0.314191823940246,-0.1610931587100032,1.779974789474465,0.5237482702643873,63.14573232169064,5.241551994967633
-0.631189000099473,-0.8300297808918348,0.1988407807923618,0.7645644303293122,0.5998676545597477,53.983901891205385,5.335675760556762
2.679569426491502,-0.2701348926484779,2.94970431913998,1.590445252722634,0.5908876112477105,49.80601511136092,5.31150468692557
-0.7672228364926063,0.4298146827531545,-1.1970375192457607,-1.1509197427667448,0.6243751838427616,48.08836255930885,5.345750965945739
0.08296175010626083,-0.4772825575641525,0.5602443076704133,-1.174258751555539,0.5370820719592317,59.28083287265215,5.353958059179508
0.7740597147407544,-0.0007099402269661,0.7747696549677205,0.0429534922341326,0.5784695256119792,50.982536169607656,5.401748012048311
2.784287854668441,1.3908532095003592,1.393434645168082,0.6950646270381535,0.508660990285852,54.06474800016132,5.387999931058872
0.21458663777190679,-0.1916166729541709,0.4062033107260777,1.9889984212114529,0.6121297784100312,58.631765691252184,5.393317180535973
1.838524638702911,1.2216821049171789,0.6168425337857322,0.8990739102411501,0.6031415575924135,51.43860816886622,5.416739823092674
-0.8252868016362354,-0.7430020655225216,-0.0822847361137138,-0.049328882244485,0.6021312088783979,53.63740374765016,5.417369951736781
1.4962863729130707,0.9172237633334386,0.5790626095796321,-0.8326594149568142,0.5775648686514783,53.79135380506896,5.410846460140231
1.7970182322226769,1.8297030023591152,-0.0326847701364383,1.4240677635697576,0.5983655208796825,57.29796637459261,5.4514295186050905
-1.1501440898995445,-2.082795322143015,0.9326512322434704,-0.7702808367585776,0.6579867910122847,56.84221345739437,5.417804997442235
-0.4652904378329098,-0.407331281203143,-0.0579591566297668,1.8232505419059888,0.5636580820013661,52.7950710863992,5.456464943750672
1.656674308073434,0.9673508977309332,0.689323410342501,-0.0892452643313127,0.5849880132955828,54.22103301298653,5.429048604117273
0.47148022057224337,0.1879481807904598,0.2835320397817836,1.7860788560345766,0.52389239840762,52.05104061071708,5.47407887715032
2.2022711777531985,0.7628542364878206,1.4394169412653777,0.8747854716175343,0.5349286245433857,46.529021596567894,5.483859792835459
0.05098277661492129,-0.2115620273162494,0.2625448039311707,0.0592160902573273,0.5833752965345796,55.21223588098636,5.523529099238293
-0.9787943605052467,0.4797277431555303,-1.458522103660777,-0.3228273939848114,0.6338242684716214,63.39233836099165,5.468700522131164
1.8151792188601539,0.2381755165736103,1.5770037022865435,-0.1439815013632349,0.5659565091805594,49.51993181620158,5.497982256482923
0.9722713476449367,1.5623496099085563,-0.5900782622636196,0.6256004664996121,0.5671176831841437,50.08052693447397,5.5364536485314835
0.3121627248096485,0.6497031878330215,-0.337540463023373,0.2747976684836209,0.558712206681143,49.59918458709937,5.536706345127946
0.4547362214984721,0.7335998028900699,-0.2788635813915978,-0.3958128376612713,0.5524615946207574,57.582930301764286,5.54360610102675
1.6766426138246189,-0.0151650290245402,1.691807642849159,0.0327245582313313,0.5940909602050265,56.20954664196147,5.530877285940829
-1.9079123179654136,-0.0901794906915071,-1.8177328272739064,0.277290396409643,0.5046224644172651,53.18157887172758,5.548183633038172
3.421845099235655,-0.0344166581555751,3.45626175739123,-1.9296633295827892,0.6436752847661456,49.39131998844563,5.594900820164465
2.168450338149138,0.7933084683254019,1.375141869823736,0.6575962777622513,0.546500150282948,54.45044721767067,5.578969816124921
0.5214824533231928,-0.0214133585900985,0.5428958119132913,-0.7799356636017246,0.61600939871794,46.172600585622625,5.5975071939228895
0.9553955096039293,0.6900607754096366,0.2653347341942926,-0.9531894439491332,0.516557253832951,54.719992019419706,5.597696233424471
3.0827561601364053,2.476401513441722,0.6063546466946834,-1.4868439897125687,0.6136421494865675,58.3676290784025,5.586338289695005
2.1153350517538474,1.272840214511035,0.8424948372428123,-1.5930347423282192,0.6139403326065933,47.76115942762503,5.6386762085215
1.0435666070345389,0.0764067751945605,0.9671598318399784,-1.1542323494310884,0.5996961650727752,46.3617116894757,5.64006464769065
2.482479574729223,1.6043590258094058,0.8781205489198174,-0.50744840580776,0.5309075946391026,61.92864049492891,5.686112736747344
0.4084531281050342,-0.0042154730930309,0.4126686011980651,2.1551890874908284,0.5932493894656079,50.97980080176228,5.6296883724069895
-1.5072285023043361,-1.633549838966274,0.1263213366619377,-0.323592327789414,0.5217621300055965,59.72548619183491,5.67645145842401
-0.4298385080805655,-0.602796818422765,0.1729583103421995,0.3803948525153509,0.5684197357441185,53.282906598957226,5.64376912067926
-1.3348924815786796,-1.4647876322481572,0.1298951506694777,0.6034835308951778,0.6326715128033059,53.25026880307034,5.683146931353461
1.5143509659351198,0.055205601019449,1.4591453649156707,0.3344247287462276,0.6211789133656886,56.2592543480908,5.709530131781264
1.3453560878892843,0.4258522605333687,0.9195038273559156,0.1262734799459148,0.5822459233957851,49.654344529705966,5.658557297678071
-0.5292837026606199,2.084585989902159,-2.613869692562779,-0.9912194247858064,0.5328894067292331,54.74397249374699,5.705901350515168
1.718782403331808,0.7357908476740983,0.9829915556577096,1.6553592852341796,0.6140520803906968,52.18118766497889,5.708735805319147
0.7128765522573017,0.1904777413841308,0.522398810873171,2.011985778734383,0.5828847159235003,47.49331548490479,5.715960854034098
1.5492243443944895,1.2396986476595435,0.309525696734946,-1.4775121608846586,0.4660428333836897,55.79034103839254,5.747704253045187
-1.8598396091303664,-1.8001274462487715,-0.0597121628815948,-0.8185246595068227,0.6213330638676486,52.79353959320156,5.772413714128452
2.100828064370491,0.6473372171507389,1.453490847219752,-0.0739490128559196,0.5811328901149501,53.33210244819819,5.757334425695417
2.460779075595243,1.1833026492121992,1.2774764263830438,-0.7583190672475751,0.6426100534642001,48.073569836181534,5.774109728551201
-1.5077898607085256,-1.0654339941715498,-0.4423558665369758,0.7125416792600111,0.5278669243795181,62.08852435489694,5.782286175061185
2.295767016535896,1.5576210910982802,0.7381459254376159,-0.5213386784609375,0.4239382189184701,58.52224141084409,5.790036070127129
0.11308699246706666,0.7530782516688244,-0.6399912592017577,2.3723469898938077,0.5968705617521414,58.966597862604,5.778213147245758
-1.0473721258662865,8.726556668336993e-06,-1.0473808524229549,1.3981969145723308,0.5976375119255926,52.62574289236629,5.832168892034458
0.7548852276492716,1.0487933028468135,-0.2939080751975419,0.4205797490024794,0.4986687059677832,45.51419991988819,5.825903907363177
3.8831935496296137,2.687419090827984,1.1957744588016297,1.2353493798315265,0.5344202693113873,63.93184924268344,5.837897629800052
1.8863851531865476,0.5993072843651428,1.2870778688214048,1.3146209390106327,0.7212490930473247,53.86892275303714,5.823869807419488
1.5139864924591016,0.666376411890043,0.8476100805690585,-0.3548695752633898,0.5683506344102512,50.437559275796794,5.840815592040216
1.0197020066787323,-0.0404902776674778,1.0601922843462102,-0.6067819336055816,0.6203220731933641,56.27271409114323,5.856477316045785
0.4215876703306527,-0.4302589513089662,0.8518466216396189,0.2879357720475602,0.551384092262746,60.03145812157474,5.839317506131023
0.9453946073112864,1.2506360309831306,-0.3052414236718442,1.0717862317173863,0.4795448979451191,54.087749363961514,5.846239313496047
0.3336657380645731,-0.435068815186923,0.7687345532514961,0.3495679040143897,0.5756900898045936,60.60302594691631,5.8779850413872285
1.6310894150560813,0.493296044224396,1.1377933708316852,-1.366131578688495,0.5710657333866954,59.63229776263438,5.910450415328848
1.037034168966971,-0.0552128434770537,1.092247012444025,-0.5916021423068109,0.564495008724194,48.84254009587034,5.896937252201401
2.4295801164490545,0.902139225317514,1.5274408911315407,0.137606836191183,0.5788998381389049,50.86264346741384,5.899623896048186
1.8049395050255388,0.7575363011411298,1.047403203884409,0.1362714936012605,0.5979882527531181,59.02642777494065,5.913706286935247
2.1532483376465157,1.46212893639514,0.6911194012513757,2.1848366728584288,0.5774119508647578,40.68282710232022,5.930893151537094
1.3256806586182208,-0.0847126104344468,1.4103932690526677,-1.173336048188848,0.5218604492866918,53.50575941837806,5.942922820743598
0.4704372579236159,0.1561436494099883,0.3142936085136276,0.7185985341875544,0.6095129565187689,47.10602983891024,6.003310429044131
-1.0925182812344711,-0.5520303347958885,-0.5404879464385827,1.702479798821499,0.4878780884311626,51.884564802696566,5.9910924125697465
0.1620464950651854,-0.0168450828066333,0.1788915778718187,2.485173834057535,0.4829717625896856,52.78038132754877,6.000495482245635
0.40309120063297066,0.8054634665973897,-0.402372265964419,-0.1903159364076925,0.6225916194455859,52.49040784598784,6.0133716072854675
0.8537903273750449,1.1858663864809489,-0.332076059105904,0.7058683376379982,0.6111265675738873,51.527471437792926,5.980023582613319
-0.2934173758795621,-0.4925727580589692,0.1991553821794071,0.784556640257975,0.5830487449700295,48.81020741304249,5.985552707700255
0.851739251428787,1.2999132825073758,-0.4481740310785888,0.4106354127541486,0.5162890472425895,65.7626299581106,5.99786259416932
1.8235162147985053,1.7866600174897258,0.0368561973087796,0.1166658781030813,0.5508088847032512,63.6475316076545,6.056690122666757
-0.7030532447879831,0.8451718581915351,-1.5482251029795182,0.651843866983963,0.5732100536092416,48.50704044839693,6.02905616422235
2.868502672182613,2.3092475638089596,0.5592551083736534,-2.3160202095942384,0.506695651821473,62.23510126902677,6.024972876355214
0.007116061819766317,-0.3406226515696202,0.3477387133893865,0.8986527638296077,0.549681876605629,52.33433802297526,6.0513800759956045
-1.2807569155089857,-0.8107733594944049,-0.4699835560145808,0.3431185755704732,0.6193927856722363,54.98475080482867,6.0652278893657074
-0.33720152829174466,-1.344124108804207,1.0069225805124624,-0.0051768267282296,0.658284496234475,54.02959160151614,6.085368265473892
3.217174134605377,1.931355247872314,1.285818886733063,2.264517663911123,0.5660904496436987,51.05436615756148,6.095019020414241
-0.16834788921577415,1.090391389020248,-1.258739278236022,-0.4569211524574572,0.625029564249043,59.279519044692634,6.0834363887225305
-0.032176497368020196,0.3811558580387944,-0.4133323554068146,-0.184705724590406,0.4916451022604765,54.996837942375784,6.123713127850275
0.2982458619506779,0.717423951552129,-0.4191780896014511,2.2102809648208885,0.6204636271021423,51.99179613622688,6.107216129324997
-1.2766859296795785,-0.6873189257830083,-0.5893670038965702,-0.6129762440921726,0.5474366035666995,47.85875399615132,6.126874473265899
4.065219673585744,2.8846368974152536,1.1805827761704903,-0.3306728240373251,0.603144264395084,49.92087410938868,6.1537354814100675
0.7266745285491002,0.5688208960567143,0.1578536324923859,0.0727744336098934,0.5755323219043119,46.18909656280439,6.137163571921113
0.6374460719504651,0.549709304969439,0.0877367669810261,1.0608917373118223,0.654083602562101,54.46426284572131,6.148612971528378
-0.4842429885423716,1.1667959305462974,-1.651038919088669,0.4283171606771161,0.5444840789125251,48.42696510505408,6.1818333609938625
1.9115666472211363,0.922753334667378,0.9888133125537584,-1.0717532956869302,0.6197291354642245,53.089638466713936,6.1628453364679
-0.2189483519896378,0.6663429234928555,-0.8852912754824933,-0.3109391135203274,0.5745164066779181,61.27509826018909,6.182304159527919
0.0671708267152265,-0.3473007599485285,0.414471586663755,-0.3857675854638197,0.5807194651988735,60.42823481957576,6.211114843560858
1.5478445802979044,0.9153568489158384,0.6324877313820659,0.1447232006668758,0.5795850036980081,54.277500447285334,6.251081848828719
4.0429690108269085,2.3266277845379357,1.7163412262889728,0.6481453026612801,0.5466370023878747,54.01060924991327,6.232108090095255
0.8381721988585963,1.790738130500939,-0.9525659316423428,0.6408647980609528,0.5883586685738588,63.85255359056465,6.2394527952598
-0.623466344049191,2.0392195072684176,-2.6626858513176086,-1.552995313733892,0.5860741650197131,57.064109408083766,6.250616031673455
0.476779686764254,-0.064467999519105,0.541247686283359,1.287314826016896,0.6014115478027524,52.82844446973819,6.228536194518659
1.6163388130035237,-0.5421423470634414,2.158481160066965,0.4763000825941932,0.593717751923671,47.34453414634913,6.262311934773598
1.919878517900547,0.3223903493785506,1.5974881685219964,1.6086206823330056,0.6295351813762515,56.45113878560571,6.269404670233272
1.0733900459335848,0.5046169780499526,0.5687730678836322,0.6686443601713009,0.6359538439546201,58.63553952052689,6.286431690807455
1.4118476845186725,1.543798380515266,-0.1319506959965934,1.3261263887579209,0.5373902063174734,51.33781099787495,6.2923301610495175
-0.07476304808823109,-1.2421429713874428,1.1673799232992117,0.6917061406138153,0.6335029566950139,55.95923035896393,6.307593993548342
1.3678697380549298,1.9805867740710497,-0.6127170360161198,1.5717439835079663,0.5308904695665945,52.692498071529215,6.303770656102016
1.1315021223855215,0.293743352314506,0.8377587700710156,0.7481262614645262,0.6197430445855859,53.59735051293994,6.321172178347436
0.8930279741370052,0.0255849772291346,0.8674429969078706,0.1283177771453733,0.6214801486704543,42.085550183953885,6.30544342867886
0.8638310504660176,-0.5589235318005534,1.422754582266571,2.4990251421766887,0.4950703241087976,53.42290141601546,6.333601854439942
1.9218155185821206,-1.200961032123096,3.1227765507052165,1.115984942151229,0.5954280902750052,59.385802909467,6.377816670963534
2.0338853359870006,1.2777810199876471,0.7561043159993532,0.8010496390172794,0.5674972815371307,51.389091582424534,6.366376166792565
0.38393975963673077,0.5286431994971958,-0.1447034398604651,-1.04864180038394,0.5531267835649897,54.8158841641645,6.369581579252339
-0.49466316046771586,-0.8339208711492025,0.3392577106814867,-1.060287603167612,0.6587506222533206,50.78064675245891,6.417922465525087
-2.2419959921778947,-0.8383239471887054,-1.4036720449891895,0.5210928945793087,0.5586670079431112,56.36975663021297,6.362783300433979
-0.2070525122948404,0.1216849218678417,-0.3287374341626821,0.3742560083472258,0.5511750777756915,53.49208022389883,6.377810888891076
2.084471038570142,2.127205942730422,-0.0427349041602804,-0.3850303562878015,0.5954216304884605,49.88563647100026,6.4442542282255255
0.04233883540516231,0.1993078623604838,-0.1569690269553215,0.3704323064741043,0.6260593300597386,61.25174947556653,6.420919218720979
-0.5234828630715178,-1.0435289431109582,0.5200460800394404,1.81843393304717,0.5848403727009233,59.24080016773256,6.4251483392742035
-0.23957114514577177,0.2145857422042629,-0.4541568873500347,0.9255668776954024,0.6503842885415041,51.5787542432612,6.416015913498088
1.6781855822086809,0.1883200328255961,1.4898655493830848,-0.9104867084661048,0.6187575036128579,57.09937757282155,6.458953925327901
-1.865514460081988,-2.235128244085246,0.3696137840032579,0.1193703722852192,0.4834411137846937,57.30464400266517,6.470889197390549
0.7688565635944669,0.4081783286215731,0.3606782349728938,-0.5737298832828682,0.5660212908525266,57.836238126449736,6.448110112783302
0.27490913783880444,0.2322534612137666,0.0426556766250378,-0.1561059206973388,0.564545493316904,46.16060043424906,6.477194488288992
1.6864220665423044,1.1601091525189222,0.5263129140233823,-0.1816642717768907,0.6167486052125719,59.67206058221818,6.483289683359339
3.510366010792394,2.3135736789339085,1.1967923318584854,-0.2453367906097235,0.4616826639790071,51.79768102525698,6.505119542928376
1.0970330983257779,1.59189740981938,-0.4948643114936022,-1.0224691818375835,0.7205169614902106,52.86418413550989,6.487614995155587
-0.08812026183165977,0.1971584859998513,-0.2852787478315111,0.1053689067591508,0.6197607400556469,67.84988052684781,6.545038949090263
-0.5700803864104007,-0.6397639359039291,0.0696835494935284,-0.3272266504284393,0.6007962347634328,56.176986631982466,6.548316475631952
2.068947064194086,3.0408365723706607,-0.9718895081765744,-2.695710305441868,0.6525737396451174,52.743155313972125,6.532736488825344
0.08270539201993843,0.5274099994183482,-0.4447046073984098,2.287067807203593,0.7108210157214032,43.65544379025906,6.545671625767232
0.3817398694047418,0.4828356535998654,-0.1010957841951236,1.3232228350601316,0.637318604566804,61.63788428660097,6.557271556994448
1.6955821779486857,0.4454960708599753,1.2500861070887104,-0.1414901459400067,0.6413648864175768,47.97016322565677,6.55443382893987
1.3072508074252482,0.6684207150208928,0.6388300924043553,0.2539870268671174,0.6006016920738266,49.686165025032864,6.5711314116352995
0.897120850408577,0.3266903386121548,0.5704305117964222,-0.9361289720495132,0.5871338624388721,53.05374600992173,6.584594592646508
1.126413939562218,-0.1018964600610797,1.2283103996232976,1.9316056512204436,0.5705633371635863,61.79971442669303,6.632257367414143
0.1662338879441999,-0.0743785981381762,0.2406124860823761,2.1335288663242196,0.553190469034716,58.591003364350954,6.628932366166609
1.2094628306063866,0.4404418691692768,0.7690209614371097,0.3932912979391622,0.5602883228920802,53.94276384465145,6.638693094146732
0.20639136013674098,-0.0695148354654304,0.2759061956021714,1.260485612019512,0.5272541889165178,56.28055967487745,6.637398512260088
0.406841084234973,-0.2382210507257705,0.6450621349607435,0.4125991449096208,0.5911313738560277,51.74431885515841,6.617653459821376
0.37928272090233056,0.58176975592635,-0.2024870350240195,-1.099055674758704,0.5108345267855713,55.45166373017129,6.649170177908453
-1.8368965915657618,0.2210771070966572,-2.057973698662419,-0.173796206704901,0.6047566911106881,55.1272269690658,6.679409769192268
2.227898243837414,1.9807621093832608,0.2471361344541534,0.370312527172243,0.5935372937579972,59.61154068641248,6.644834707412654
-0.3687506215425358,-2.173485891309381,1.804735269766845,-0.2158057602016286,0.6028435483360607,59.610729783031054,6.692731064137465
2.878479938224097,1.5697055652891525,1.3087743729349448,0.0204460792483092,0.5695331641723385,57.25187404469513,6.736452184505255
3.0735269944583496,1.724998702147379,1.3485282923109705,0.1480571973157604,0.7496257204389751,52.97739730876698,6.721236332919795
0.02607144007712492,-1.5937619264753402,1.6198333665524651,0.1589356551009432,0.6639314561955775,58.505394531278725,6.73828058271124
0.6105875808696519,0.1376555081355197,0.4729320727341323,0.2924300416054174,0.5338414954389376,54.34358869114345,6.724366775008843
0.6917790587078742,0.1096170325031363,0.5821620262047379,-0.820076117147137,0.6078549840711305,49.40100714142361,6.7493586389753
-1.1579727395445945,-0.925738999935834,-0.2322337396087604,-0.4761298017369426,0.5659542318095312,52.80128798826518,6.725642935712919
-0.22541205970084138,-0.2953291965258288,0.0699171368249874,-1.0433405201674462,0.5457735118776387,55.24750982957209,6.7659172762468245
0.3749594215319034,-0.6273735581177229,1.0023329796496263,1.2194166933602533,0.5296368539134244,59.38310179180478,6.773087762681215
3.8272056311285363,2.236187527054788,1.5910181040737483,-1.863688400024742,0.6183942512641957,53.921529975525885,6.775798223480754
1.6685695013120656,1.4203102730616857,0.24825922825038,1.3959062832740377,0.5628573642293662,48.80032524294422,6.80632014839437
1.6949898472978577,1.7569017711914423,-0.0619119238935845,1.6290227353614852,0.6454606364407169,55.137175178456935,6.779224303243052
1.59711067336445,1.2077335365235782,0.3893771368408718,-0.0591498507424498,0.6469014052225905,55.42789492508619,6.796258849670527
0.34835226148601006,-0.6422755024538267,0.9906277639398368,-2.3597489534455973,0.666050973013253,55.79695083214779,6.811909240827166
-1.0908911653296842,-0.0370292012333118,-1.0538619640963724,-0.1175650294440596,0.5548788747055872,59.474268230236774,6.799407780578212
-0.928035841516182,0.9775804225574392,-1.9056162640736212,0.1799187693759412,0.6214094528005047,59.97667481374471,6.834538638876005
-0.8926074746808841,-0.733207151279365,-0.1594003234015191,-0.7661378911226232,0.6294068423546311,51.91815221421747,6.805621391740923
0.3736298212703808,1.2026338840680275,-0.8290040627976467,-0.2704006668604228,0.5742181820239297,51.815637248711674,6.870939090688565
0.13416485451621252,0.250024852020564,-0.1158599975043515,1.7753703239527008,0.5594814521660961,49.70250894700962,6.8609327473313195
0.3613159572640961,0.1162442389121609,0.2450717183519352,0.91045968553262,0.6786890425811503,58.40472881601996,6.8595821419219245
1.14291527612115,1.2027398109483092,-0.0598245348271591,-0.6786741930056911,0.6097307623355662,62.16189896913675,6.863312527754098
2.7832211962069637,0.9367579505139167,1.8464632456930472,-1.3513518500814936,0.6302973153411624,53.34953675073415,6.885308419407616
0.8535555823429257,0.1322432694918565,0.7213123128510692,-0.0804125999543028,0.5575380864707908,53.7249415294844,6.913765194215449
2.348867779844269,1.653254034958244,0.6956137448860249,0.0335053364465596,0.5378206229926895,62.273155100434835,6.9209547795747515
0.4314940666222037,-0.5864242997228423,1.017918366345046,0.7435187013018438,0.5704553168508055,57.47417954484559,6.905889241054431
0.36873937265170054,1.1112894311043782,-0.7425500584526776,-0.2876398004876018,0.592869695462523,57.13471676560642,6.913079206547447
2.525136562186365,1.0891698784115575,1.4359666837748075,0.7595338855834483,0.5460027237477673,49.00610367456311,6.953137974126394
0.5088994242577694,0.1872369774122427,0.3216624468455266,2.1835457484233456,0.5988644429127274,58.361474513659424,6.9355530519077
1.8921104229000567,0.8236312352514104,1.0684791876486464,1.0642501289489088,0.5150743831984335,50.32930042754413,6.9611981954815905
-1.4261873926992252,-0.7529005670929513,-0.6732868256062741,0.2010179973154032,0.5436402307349768,49.31202916324873,6.972475092850486
0.2683383032265767,1.422954824782312,-1.1546165215557354,0.0663134317344108,0.633331123528926,53.255420171920555,6.986241242634535
1.5323442049272864,0.3147404654154813,1.2176037395118051,-0.106851833250636,0.6301180463855888,52.067462401341245,7.007165408603638
0.7543298222332305,-0.0223656223775098,0.7766954446107404,1.4308196115229097,0.5804776413589626,53.8955755094901,6.974740741262654
1.0488876214436391,1.5500814202614783,-0.5011937988178392,-0.3767773487390083,0.5493262234310702,47.805813771621295,6.97177681349479
-0.6707901885436865,-0.2025566998351109,-0.4682334887085757,0.2961162043538067,0.5489872205652291,59.81195143941484,7.0086510543754335
0.6214767046344837,-0.905959509372852,1.5274362140073356,0.3024487953764392,0.5818369451010759,60.663449342489216,7.066030568156644
-1.840251216498451,-1.0534125902501368,-0.7868386262483142,-0.2501759011746485,0.632869241237018,45.2954534620336,7.080443482001748
3.1557593878038905,1.109941330902466,2.0458180569014246,-1.1204998581056875,0.6471985604785815,59.93160282390102,7.086623542711318
-1.2726869706323576,-0.7757831766563974,-0.4969037939759602,0.5752975915376111,0.5761026483938787,50.99381860929072,7.056140372644787
3.3028358574140486,2.2601551541073097,1.042680703306739,0.1916765142060889,0.5433975731253499,59.33848740614338,7.034357698360304
-1.499611500501899,-1.5758536394777178,0.0762421389758188,0.753278353639572,0.6146073355745176,54.71852522072796,7.033139217966963
3.211866815812696,2.203246932979102,1.0086198828335942,-0.2802050240946351,0.5601813644065202,55.21178346729563,7.077719236769012
0.5804131148382472,0.7185228281747413,-0.1381097133364942,1.4745739792991093,0.5755884402513645,54.149565362615135,7.096038527397013
0.6552902651166415,0.4115070453847899,0.2437832197318516,-0.6226637025842536,0.6679078359728884,61.14284759371925,7.136012508021119
0.4120830049556064,-0.0359841332707081,0.4480671382263145,1.9665077607870136,0.6431427621359367,48.891409472757275,7.137356109190849
0.31431820824893986,0.9087858641733718,-0.594467655924432,-1.492811634917611,0.6098286655768328,58.13569919188805,7.134548101579832
1.6218458259831259,0.4727298436795119,1.149115982303614,0.6899523376090713,0.538476959165236,60.61029628549136,7.122203104581177
1.5100311318422917,1.614381224403941,-0.1043500925616495,0.7309703537203333,0.6127856968510168,58.69249382657625,7.130784408835103
0.8068571829288832,0.6260217873325186,0.1808353955963646,-0.5396599986056428,0.655491692273472,66.74143595832187,7.165082553741429
0.0784684697697342,0.6628106964154158,-0.5843422266456816,0.6806484053377817,0.5837201037024309,52.48035553591188,7.183941019576794
-2.00214315478329,0.1496115190227417,-2.151754673806032,1.5361305353784576,0.6702004507466554,59.91876142533363,7.187837625244911
0.6771159632141459,0.4569929037985895,0.2201230594155565,-1.959849575594236,0.6674249699798417,54.60893209848947,7.169308040807867
3.646793173349864,0.8224550926947753,2.824338080655089,0.7600714693921727,0.686117306367717,61.31356361979051,7.2130133525758415
0.0020985113957945334,-1.19480027257085,1.1968987839666445,-2.2355867602871897,0.6183357803437228,55.11523622225091,7.2185182193420285
-0.4384965523762049,-0.8321025057368782,0.3936059533606733,-0.7076233453387906,0.6325861682640677,53.221450254376,7.198586671876196
1.4106091475878568,1.2600618066746092,0.1505473409132477,1.8875652212268923,0.6740689069469333,61.69833814587709,7.214313580593996
1.1248538470229046,0.6883779470628955,0.4364758999600092,-0.3230257789245772,0.6258721986404395,52.71731539425488,7.253769919491232
1.2959449282149542,0.3342439688653337,0.9617009593496204,-0.914766311799966,0.5785837556540919,48.118644257677346,7.245309849297082
-0.2282830995415216,0.5373760345664654,-0.765659134107987,0.0615333217658542,0.5813612784738214,52.60518659914158,7.291782946032729
2.39728581604198,0.8672386031458026,1.5300472128961773,2.327734787055618,0.6158591272455133,58.29173371078398,7.280022585521292
1.1122906844528262,-0.0193879862421706,1.1316786706949968,-1.5714964001724308,0.5395462677161272,62.16391069860737,7.270267376236215
0.8778366829360722,-0.2572182350520624,1.1350549179881346,-0.7907666664642194,0.5970543523018405,55.766511779985066,7.289795887992182
1.573563309847366,0.7176465417309911,0.855916768116375,1.7583323264962811,0.6591876132381745,61.808998202503226,7.301267667852755
-0.018227170671578197,-0.4558566946986632,0.437629524027085,2.118960384995917,0.4949405240250097,48.43428622177572,7.2954321937351665
2.0229295742402624,0.9314836349139,1.0914459393263625,0.1581842153094301,0.6813702809296114,53.01599146790477,7.301748236036448
-0.1676672546279847,-1.1786379287553528,1.010970674127368,-0.9770798647853988,0.6609078460316555,53.79658116905436,7.34402779787619
1.6195037755626043,1.5538161090911906,0.0656876664714137,2.3581737376919323,0.5819438635615856,54.673807580292866,7.356905465940842
0.8446711920036334,0.9979727504616492,-0.1533015584580159,1.8571300257735,0.6322445950033118,55.67422462173704,7.36207562939106
1.3048481453728602,0.7821197986455412,0.5227283467273192,0.9419920199280656,0.6053753992116495,58.715455430277615,7.390306361886476
3.479959884547206,1.5094958445602389,1.9704640399869673,-0.5489999186300576,0.6668604905448791,53.0440144152948,7.359164535279768
1.375902751224687,2.1929941013603607,-0.8170913501356736,0.2147304876108553,0.6546380885180539,55.970340003743466,7.413485415321422
0.4976668149912087,1.5426045181989738,-1.0449377032077651,0.1037571455455909,0.5356433544770183,55.056730080188174,7.371981577628918
-0.7240047410601033,-1.3119249818677423,0.587920240807639,0.5953259293475291,0.6351529705659894,50.66004297518328,7.379746288732631
-0.2752939825351517,-0.7499129209887394,0.4746189384535877,1.7158334610048172,0.5956514164672301,54.72830701206245,7.374800822357015
0.5032050023287681,-0.0944397356656573,0.5976447379944254,1.144606462152414,0.6102173969319094,54.58549077081462,7.411084093723463
1.2260127970828796,0.5571846885239146,0.6688281085589649,-0.8118292578282178,0.5698101326141254,54.48553355811558,7.41992555326341
1.2517119481073702,1.0494674550652632,0.202244493042107,1.642400667317608,0.6937685403752698,55.476881628868654,7.450518745605093
1.722661441031176,-0.1932205822742662,1.915882023305442,0.5793937554527551,0.6585077371709687,55.70360001185893,7.45487781883241
-0.4543087651073714,0.7200047916393371,-1.1743135567467085,0.9536848094400456,0.5696590472338033,53.170904376085936,7.436140532579617
-0.6227648749319958,-0.2214301089080044,-0.4013347660239915,1.733517271001262,0.540060034343552,61.703101904309506,7.462145475231483
0.24762915237008382,-0.0768501832635708,0.3244793356336546,-0.8442464396493625,0.5876498923967831,49.49927305126869,7.472570759578247
-2.0861615591818032,-0.8712786808367855,-1.2148828783450178,0.2318656292992554,0.6288016155068527,51.74897361776489,7.454480355060762
-0.1341126684128825,-0.3871360338164082,0.2530233654035257,-0.263405945211967,0.6192297346562105,69.26079024406273,7.480381065459732
1.2760471755512843,-0.8148725970387782,2.0909197725900626,-1.2994534210766782,0.6700190429539232,50.178163310829405,7.494583727387718
0.012561484067735662,-0.4383464481167179,0.4509079321844536,0.6154733800352272,0.6470013470811655,48.60649467505735,7.548672500396419
2.2531775843851367,1.5918833977515137,0.6612941866336228,2.7806773521562604,0.6561267715163802,59.05479973644283,7.5338290143191475
-1.2394421386364032,-0.4104424914052096,-0.8289996472311935,-1.570599545792386,0.6241340495158686,45.00396470539796,7.55324337507895
2.9874288054755405,3.1720532585471837,-0.1846244530716432,0.237554985805426,0.538469302231409,54.22034238723573,7.520027290057016
1.090816302544086,1.0337038908737413,0.0571124116703447,0.9107359300711996,0.5982922714412253,66.13298452531096,7.58388428966028
0.8411024422352804,0.7259369099707853,0.1151655322644951,0.3936285947941368,0.6612246442506156,47.68632825199211,7.596022041260482
1.3985540634287024,-0.3165421976222429,1.7150962610509453,0.1577797387637449,0.6057869700855618,45.50833339689614,7.540033100657108
2.23455562204977,1.2428402582510214,0.9917153637987486,-1.0279511740248093,0.6336605941995933,47.92939777863181,7.575893665521683
-0.709254467949645,-0.0323926511126845,-0.6768618168369605,0.5044093305027083,0.5927116192627112,59.924249592985824,7.609915311460311
1.347642541612034,0.6659697860535101,0.6816727555585239,-0.484783991311852,0.5573014018545375,61.06348331401055,7.622887769070764
4.038720868609754,3.1047593059600027,0.9339615626497516,-1.9175843211329493,0.6027677503359361,52.88380369201954,7.606430105390256
2.0257903539502977,0.4493296642496174,1.5764606897006803,1.4672870025008644,0.6245302849464861,58.86995765974802,7.6238900107389265
3.7128018613172373,1.6953776865430026,2.0174241747742347,1.2314379999707057,0.5764364860783932,62.41232024013321,7.628052378779098
-0.7339961351810611,-0.1563572685855013,-0.5776388665955599,0.3250705551212728,0.5975782690652438,64.40492363755298,7.652208360938923
0.13971511337490167,0.5125454623264836,-0.3728303489515819,0.5028416646174252,0.5625336284653899,54.24366312233521,7.683943570629238
1.5000705251126023,2.319049384742015,-0.8189788596294125,1.3484423872688138,0.6656119956995057,43.97512890271511,7.654579156857176
0.1271474648064665,-0.0780035123982033,0.2051509772046698,0.4988214294728646,0.5950699211985111,51.38524084184721,7.700016409955368
3.2682279474539855,2.362126899669552,0.9061010477844332,1.178856725597626,0.6825734455908339,53.36276244204994,7.6743665585530625
2.685794100364806,1.258145073411158,1.427649026953648,-0.0222856318960087,0.6865160201181819,54.209237396664875,7.683047455750063
0.3535764820929453,-0.0113588416555256,0.3649353237484709,1.5875377056933175,0.6061692886116612,54.57178233734382,7.726371892366864
1.3058411307399196,1.1842304695773225,0.1216106611625971,0.5966970911935845,0.5599421094769927,61.11270029487136,7.738438727560152
2.1188799901242192,1.5250919764315904,0.5937880136926289,0.4703207070083043,0.5062126114743053,61.89751740148651,7.747028198735253
0.7825212421454295,1.1750622853051165,-0.392541043159687,-0.993434927168072,0.5370486109662445,54.67415496125528,7.713684051835638
1.5164548166720797,-1.0162576005194772,2.532712417191557,0.5639394139871984,0.5421016826292628,61.03209557396889,7.740680980438559
-1.3363707547656578,-0.17245526017083,-1.1639154945948278,-0.5546139596674319,0.679859864503883,57.33512598969583,7.776459771840067
0.9369360248309959,0.3078780763855931,0.6290579484454029,-0.3605843705599452,0.6168705717487669,55.87649698368384,7.770830836811278
2.950173504925876,0.481678079120111,2.468495425805765,-0.5373198742060424,0.6307025278486309,60.093835867751395,7.758526143076051
1.6297592902164657,1.1774984020538946,0.4522608881625711,-0.7878217796476168,0.500344210453887,55.929523286221745,7.799166358782509
0.991235947347056,0.7352421017195298,0.2559938456275263,2.4035419534100995,0.5516098986963921,65.86446689335156,7.78570385482017
-0.687929166795725,-0.7770884616407661,0.089159294845041,1.6104670105230707,0.6560051682361814,48.390503136720554,7.8458904969678445
1.2059534172778654,0.9391685443583576,0.2667848729195078,2.1998528488204583,0.6261328442896082,53.01385243806385,7.850896829248366
2.9908681013041702,1.170271234919277,1.8205968663848933,-0.9430522747378368,0.6045768339928109,54.96426041158478,7.842081948527111
-0.6433509487451428,1.1201907338495531,-1.763541682594696,0.3514538928701491,0.6403221751137087,57.80126631147508,7.867220134095395
3.6242215748137783,1.6418958077561945,1.9823257670575836,-1.0129500841033094,0.6940129067471053,61.95095325753117,7.851295827002468
0.42125878337109657,1.395752033033536,-0.9744932496624394,-0.414779937954748,0.6013138525200739,55.49630594866554,7.875308749887501
1.2051081645758661,1.0217247539961278,0.1833834105797382,-0.6368546460327292,0.6159774250864418,48.51429850014588,7.899554405906041
0.5144569161340421,0.4930937595921035,0.0213631565419386,1.5212137419669367,0.6222817401467153,59.845164192782526,7.884909973635886
-0.05725398254441405,-1.0969866661821817,1.0397326836377676,-0.1142425444348549,0.7324003352304617,59.41453650404792,7.884896256569715
-0.15206581824079723,0.994307282749455,-1.1463731009902522,1.350723865502451,0.5079699995024226,45.93759733927166,7.865907560836458
1.6875873010649254,0.7730915470630397,0.9144957540018857,0.8868228195384822,0.647241922719426,55.63501793064529,7.90833732948557
3.314902041611604,0.8376974933783613,2.4772045482332428,2.5866980801962827,0.6074836187986444,47.71047740842839,7.936468463691246
-1.6196223659742348,-0.7099151233542622,-0.9097072426199726,-1.1960274969067004,0.6417052768024184,52.34507903715016,7.948912668551353
0.13023647495052504,-0.5135082916591559,0.6437447666096809,1.5430073641613522,0.5806410220500852,51.16143785267707,7.950087301314369
1.414044156594193,1.6214158983650693,-0.2073717417708763,1.4305723929168106,0.6112043574635107,59.72895394153159,7.939174018100755
1.410492166703786,0.5294226874585701,0.881069479245216,-0.6888899173694221,0.6493660972363198,56.27392928401317,7.920463568621048
1.7260952224652888,1.251193334970909,0.4749018874943797,1.2919796552723015,0.769584037571849,49.2689713722027,7.960095698039905
0.41356484807257066,0.598725810011805,-0.1851609619392344,0.6213486799669008,0.6544832962463722,60.10440415360014,7.973913102578922
1.545648438662745,0.6008783696601483,0.9447700690025966,0.0580848551287937,0.5718211661313553,48.54219318200195,7.9837414206562
3.771938563368173,1.51012083242346,2.261817730944713,-0.5380169737482683,0.5931794211883573,57.36893921682934,8.01237112713956
0.3236447609702667,0.0565070945131479,0.2671376664571188,-0.432833540083925,0.5918396591269117,51.65546488084744,8.049713528220297
1.8477586333136113,0.6693873959545644,1.178371237359047,2.3364454052927166,0.5248711651712155,53.90428077748321,8.022470584036821
-0.7223816990422534,0.111706126591598,-0.8340878256338513,0.2876735266058028,0.5982917734742562,58.26116789315832,8.02566536421687
-0.35647942340686456,0.1401999841473842,-0.4966794075542488,1.069478107321309,0.6515806964070272,58.35420911109464,8.034815563739919
1.1989739685647045,0.2662388843941197,0.9327350841705848,-0.5031938777361735,0.551370595618712,62.43895544640739,8.052487695338154
2.743276247632151,0.7982595757795313,1.9450166718526196,-0.4917900441487295,0.6676492933816933,55.34998954310092,8.043434124793032
0.9151778078941627,0.0980919787654004,0.8170858291287623,1.370405109464381,0.6397568611399925,57.30066031910548,8.072403971174921
1.9822978091318533,1.833311522285458,0.1489862868463954,-1.0607985131955635,0.5787994132438355,53.586867355097745,8.089016246726636
0.14557045059484386,-0.3163371092245074,0.4619075598193513,-0.1260786714077733,0.6085775567321069,56.69265134306395,8.09419372127149
-0.3951063974305762,0.3921133451166967,-0.7872197425472729,0.3235199057112599,0.6957130882376629,57.98728013282312,8.109150838680096
1.2082438820911992,0.1399687272869402,1.0682751548042588,0.40122249462061,0.6526173477875163,55.30544861833927,8.11867495218697
3.374057193996656,2.0273924661979073,1.346664727798749,0.1111140059059309,0.6165220991137423,46.78539339797926,8.084562066355073
0.7904973243075151,0.7776841546388084,0.0128131696687067,0.68638447015954,0.6043417097773975,57.46864826292682,8.142737403167908
1.609121905647661,1.613688713878928,-0.0045668082312669,0.983777843022958,0.6201992884046416,57.64124913088021,8.126579703086751
-0.17107599613688917,-0.9030014023436196,0.7319254062067304,1.0259170308060062,0.5909236162415553,52.42472232519377,8.12808321673992
0.8802233103862045,0.8503240328456706,0.0298992775405339,-0.6941669251796208,0.5114172781093316,49.41080248940154,8.1379109634429
1.8746775948646626,1.473619358882908,0.4010582359817545,0.0078391837009383,0.7189066081786307,63.219281385114535,8.17867083220945
3.2344718256184946,0.6669873488179545,2.56748447680054,1.4871145416482028,0.6247069218684762,58.304261149897314,8.175548501455502
1.8722073548054161,1.650898530890941,0.2213088239144751,1.1873562654866672,0.6369909944212448,54.70877640364735,8.15636062432029
0.1794107116739738,0.0688445020082768,0.110566209665697,-1.0797929754267397,0.6143312029278843,50.17616510534905,8.209560756303844
1.8181315816554955,1.996195188577288,-0.1780636069217924,0.6449037745480559,0.5806137096421123,51.759403341810355,8.181207837384024
4.100702675533769,2.886460668294018,1.214242007239751,-1.6844439770374264,0.608216284887515,62.38857743067883,8.222796427170366
0.5148364800663265,0.2254387805181679,0.2893976995481586,0.3410735725392831,0.5376857300818498,56.5710831139185,8.234769978513462
-0.03468971268860219,0.1434896158401146,-0.1781793285287168,2.19226308536642,0.7316527523508425,53.13698603740533,8.2577115416339
3.8361609897338154,2.0430914106416465,1.793069579092169,-0.6530392505070135,0.5562157867836693,58.44551549136274,8.285633695729336
4.061934263896958,2.1699938755377173,1.8919403883592412,-0.5391121805880796,0.566486031769042,51.83222636083843,8.232706473481988
-0.05923784592985751,0.0682764989367961,-0.1275143448666536,1.0595980446178916,0.5962143449986929,63.41558041230254,8.268950522878738
-1.221394388184851,0.1716645052772664,-1.3930588934621173,-1.246875854023084,0.6827740507172436,62.68251589821487,8.274473294099115
1.7923480945575445,0.3107815097956758,1.4815665847618686,-0.3364719705569475,0.6192386736943694,53.59279083054795,8.29867499371922
-0.9611746899036447,-0.7511695960950348,-0.21000509380861,0.8930815950513737,0.5568493931863254,52.78945791423813,8.304313375418673
0.9411659328787135,-0.3246562352618966,1.26582216814061,-0.3372879920782523,0.6815160602823273,42.84929111876161,8.302949075145268
-1.9037656709542534,-0.4094302592467068,-1.4943354117075467,0.0613852665417088,0.6554921328403462,48.53920121729677,8.311181956227783
1.1965653200143374,-0.1723722613157081,1.3689375813300455,1.0418983622092446,0.6460068086185067,49.25690416309542,8.307670982896319
-0.172804636538899,0.5614552126846984,-0.7342598492235974,0.719616133572301,0.6550147320728379,56.63735270565172,8.35975723164813
2.0393176650412155,0.8310696288910597,1.2082480361501555,0.5652458444726713,0.7390890743000303,54.33738044133859,8.359184083631991
2.640399007398188,2.148070185451675,0.4923288219465128,-0.0403374329512395,0.7287686832793253,49.249019489299776,8.378355363955903
-0.875381380078252,-0.4000695518181333,-0.4753118282601187,0.6692033597292841,0.5853211306339667,54.57702467688379,8.36379207727049
1.6554847989164936,1.5833216836803006,0.0721631152361931,0.1757669625021018,0.700994106681301,58.51667859027391,8.366863290626112
1.5518149594073893,0.3857252372612673,1.166089722146122,0.7576626506691728,0.6391012257853003,58.6363375644457,8.368433698667417
1.1372027234485054,0.5509651681174027,0.5862375553311028,-0.1967175862330604,0.6450405663608546,46.50593737340395,8.407178351674814
2.341291085934299,1.2759631662194986,1.0653279197148002,0.1180028626469063,0.5356151932284126,55.370119338109795,8.389204135509436
1.9370638095579045,-0.5208635512263443,2.457927360784249,-0.6890285573840367,0.6118524057977811,49.10188081850149,8.45697326137933
-0.09719998561277643,0.984983012803064,-1.0821829984158404,0.2662790233032708,0.5798734738069745,60.53437615189151,8.40384714837813
2.8695832964054113,0.769740271115129,2.099843025290282,-0.5093568321778084,0.6620605533250801,59.95361271078822,8.44547320238425
1.6840123480646003,1.0964541231932814,0.5875582248713188,-0.8120450205694272,0.6743545968571667,51.54989246022903,8.481337094144275
0.47887637542743483,0.8938862993760097,-0.4150099239485749,0.5610199755894839,0.5172192135428227,52.21695054267992,8.471981795185277
2.2147649273241563,3.0607325916621453,-0.845967664337989,0.5154560017332858,0.6199847471500367,53.747989265020976,8.473513474249836
0.264204671433409,-0.0315927362170057,0.2957974076504147,1.0859473589657276,0.6773225248465747,44.797505506686406,8.460630327060763
1.483004836693907,0.0758650893155519,1.4071397473783551,-0.1276945474164142,0.6120384607478017,57.74846131037658,8.462364616228646
0.34294866627847354,-0.0155636858243354,0.3585123521028089,0.7118412671369702,0.657968550370204,54.71154567430363,8.515401002178352
2.050602757477372,0.0528145177232335,1.9977882397541384,0.8549433907154074,0.6392166007580519,60.933791781674174,8.540122944815499
-0.9923512376582909,-0.0283806941399701,-0.9639705435183208,0.7492770244148685,0.6388842982309408,50.598018241852714,8.511223000190435
2.2744257962707897,1.7987377605571586,0.475688035713631,-0.5207930680773387,0.6083784969865065,53.001597553246405,8.507218769847672
1.2668956498955353,2.0309402737225213,-0.764044623826986,0.454581495137522,0.5612581649397478,48.57173396713108,8.490836611389021
0.8929570685037975,0.0404045282662492,0.8525525402375483,0.6697157070625241,0.5661536570318938,51.09005540268599,8.53038470312675
1.1558899299308845,-0.2204899548054438,1.3763798847363282,0.3131112760573343,0.6578407493825228,50.20874620264675,8.55772686315002
1.1532985089526704,1.0839959709682483,0.0693025379844221,-1.7801874510801623,0.623488995692313,61.10567254005067,8.601982464816736
-2.052505521351279,0.0610721665839323,-2.1135776879352113,0.4671372294059318,0.6157334299426195,52.64164286489208,8.593462673844659
1.9370979774183383,1.2469418249034736,0.6901561525148648,2.5195360429712235,0.601607499313475,56.7609784952027,8.596101708094135
1.7461662187606493,0.817647824282322,0.9285183944783272,-0.0526768670414716,0.6076855184121669,54.2434310150012,8.591997606773978
-0.00365808055018757,-0.9003045152831505,0.8966464347329629,-0.4203572979982804,0.6754335096672233,49.80706966707675,8.59833668565488
3.8923653059470693,2.1636595973272024,1.728705708619867,0.6814257577099686,0.6064686751060269,55.3200418441132,8.64811295195016
1.8351885395508334,2.412746865375722,-0.5775583258248886,0.6208128066066718,0.5563206027909616,59.16420858211997,8.634014770815169
1.1790785943799302,0.0047952980788732,1.174283296301057,1.5015271596980442,0.6606993864896605,50.13704292291584,8.59794798616158
1.9177437652653646,0.2305972249103346,1.68714654035503,-0.9487187634857284,0.6134159237760279,60.22855180212008,8.636529207042056
-0.3784977472487311,0.9048789718542832,-1.2833767191030143,1.0408870431396815,0.6253725095025146,51.9415312039053,8.642835679364568
1.7696196952483896,0.9541851673994624,0.8154345278489272,0.9002862499576822,0.704324590802463,53.78236414376017,8.65907471981645
1.2711621543170533,1.2789874463683273,-0.007825292051274,0.1680750499072023,0.623060606871574,58.8578473520052,8.691258213205701
3.046766211626105,2.631362508744906,0.415403702881199,0.649266302910968,0.6386907776516475,52.89439891368812,8.687851102364114
1.290100235315195,0.4449255387675661,0.8451746965476288,1.3403938647291649,0.5654283786874068,56.40660195929548,8.698462691859929
-0.1648681960715915,-0.175709681993779,0.0108414859221875,1.1836091613007875,0.613534039891387,54.65242148150629,8.736269463226506
-0.9330830612862175,-0.7560168691867931,-0.1770661920994244,-0.8313681326598616,0.6551367740259769,56.87986362179643,8.706070778204268
0.4264532567455338,-0.1069128848311256,0.5333661415766594,1.1321667643108813,0.5470347443300966,44.33647602349045,8.767283990517747
0.004144600772335361,0.5916049785200557,-0.5874603777477203,0.2476773706644078,0.634988644934556,47.09891043789811,8.726573848172578
1.834536880451044,2.4200046111947,-0.5854677307436558,0.3855974718539714,0.6301289031676227,59.334302507003315,8.751783963932251
1.2888527630482804,0.1085502449238,1.1803025181244804,0.3862777629816802,0.6272966815713663,61.44752246784497,8.754375928091944
0.20337132891769782,0.8506642918819293,-0.6472929629642314,0.1631951813232554,0.6772332129815184,51.716329884772705,8.772468382670018
1.779553650583422,0.6111682404533381,1.168385410130084,1.50550306537011,0.642240153047644,55.055769604405235,8.788891839901462
2.7819352453585044,1.8166992062572336,0.9652360391012708,0.2304350065553626,0.6995647814796521,57.756655592603,8.798676704801778
1.933363009449001,3.1559531549658306,-1.2225901455168295,-0.8050357638370643,0.5761246700387399,59.75629529921561,8.784937653387589
-0.07490947958049309,0.0988667524549474,-0.1737762320354405,-0.0786620932820947,0.6327433334359711,46.158968895398445,8.78754170645105
1.8394805395141396,0.1410108791401052,1.6984696603740344,0.4939198776396393,0.6303134036511628,51.87430198169139,8.870063435818114
1.1990925582238867,1.6753259950104589,-0.4762334367865721,1.5447973432677438,0.5727702989005233,54.64875428016449,8.820320313207988
1.3548710729209266,1.3137714038507573,0.0410996690701692,0.9190346420610566,0.6741907329494565,59.83450012842471,8.85398424877344
3.4474386979014398,2.479302036243539,0.9681366616579008,-0.5342379234932912,0.742752607394142,68.81809952368253,8.817847173789536
2.507275806831576,1.2172376921165289,1.2900381147150473,2.801844670074174,0.6258115976339214,55.193066433857055,8.854407745601906
0.5304127687009679,0.2747322122865644,0.2556805564144035,0.5817874625147916,0.6520559150284132,49.3053557202163,8.867456012320352
1.1356750148426982,1.2253939300489929,-0.0897189152062948,1.5927602876773566,0.631173743662103,58.35873137957332,8.889456301398557
3.674890454432952,1.7441574762226504,1.930732978210302,0.1660125142426421,0.5914115456325898,62.95951790410098,8.835550917180163
3.704485490455987,1.4566508731201662,2.247834617335821,0.8514435906668504,0.5361957244944596,56.90175752412553,8.903322812261568
2.6325223606596437,1.144157519313159,1.4883648413464847,1.1579102486213353,0.592088023486404,51.83559215628715,8.887005170892643
2.2996697442342358,1.7042729740780749,0.5953967701561607,1.5369938539987162,0.5579217378501976,61.165952552289305,8.926486914223899
1.5099934141943105,1.807608671217653,-0.2976152570233423,1.376524845764215,0.7128677200573519,59.700858900211976,8.909273416063236
1.7019647631800328,2.0211868680925664,-0.3192221049125338,1.1917109386004976,0.622050090714846,51.259874549572274,8.922890346081488
2.322760804863978,1.2884525609277413,1.0343082439362363,0.0047846054749406,0.6106525682152613,58.3045548210527,8.944527447792135
1.4041035858899138,0.4733393893043036,0.9307641965856102,-0.2515173071454823,0.6725491851636218,61.39090253450594,8.938953410607937
2.702422358007343,0.7878859523375401,1.914536405669803,0.6531936432763061,0.5721468980380491,62.32117287183664,8.960489311065293
3.012355770981594,1.8483960286956336,1.1639597422859604,1.2540716034347077,0.5900342105372277,56.086625745325485,8.956132484629133
-1.1633326275004492,-0.1743338125169,-0.9889988149835492,0.0985802284585609,0.6319239851564982,54.63562135380676,8.953336590966027
2.5785909051519313,1.0119899636262963,1.566600941525635,1.386830293091084,0.6801017805218531,62.569535657940264,9.020359141048589
-0.23214282777615514,0.250692638709094,-0.4828354664852491,1.7746324710044066,0.6538905424657303,50.38951199546012,8.98407902614352
0.8053167961575909,0.6734910702543314,0.1318257259032595,-0.5939477954136627,0.6413655065896968,58.640358927800165,9.01642638224784
2.690481947343625,1.923912906209872,0.7665690411337531,-0.5141901819949932,0.6329980954823154,49.60447729920359,9.045057821629875
3.349883069598006,0.8372749079055359,2.5126081616924703,0.1827128610374798,0.6492469607534653,61.78863976015434,9.02770111794968
4.320758249265156,0.6933271843248408,3.6274310649403145,0.6310579862735424,0.6394607724902012,55.17867878363111,9.03349668200509
0.41255669656941585,-0.712250708528168,1.1248074050975838,-0.2007642975411753,0.5780224727515035,62.81897050275486,9.064524761773349
1.7300333590294918,1.3945737947620311,0.3354595642674607,1.6763627932345495,0.6319680068286196,58.94026606912574,9.092358676454545
2.3482528746537916,1.2945192061589452,1.0537336684948464,0.7485843740273861,0.5761225720576864,50.374249099869054,9.056613694698273
4.220459827520969,2.8130045446063896,1.4074552829145794,0.3643219588912041,0.6340040914052271,63.62063687339551,9.08699704335965
0.5423904511409869,0.3426863826309877,0.1997040685099992,-1.1106772150765334,0.6060605264423857,64.26087250797853,9.065350108100652
3.186484628536947,0.8703297415309869,2.3161548870059603,-0.9902261094939832,0.7572049639125527,60.92322660166656,9.102135979926356
1.6528640211723502,0.9012778938608624,0.7515861273114879,0.60695635535686,0.6283841228424358,52.71100277631997,9.120684093690762
3.2498925804345684,2.230062286196641,1.0198302942379276,-1.806291122938253,0.5603098229735539,54.99602029254463,9.1129075071649
1.7466115645567157,0.5580282703292738,1.188583294227442,1.3392993110021847,0.623955750009399,57.26037411419105,9.130860163323495
1.8778776145835083,0.9330601247696244,0.944817489813884,0.1688654551273223,0.6567756570817515,53.02183399333568,9.121835464633852
2.6253931216943713,1.2626499049988835,1.3627432166954878,3.5704696672359058,0.7146188763640952,65.00926681513947,9.16154157222763
0.7491986814271621,0.8420773147217621,-0.0928786332946,2.635650346398813,0.6016210183161449,57.27631427428422,9.191113884977662
0.17639400963067509,0.2097493732979349,-0.0333553636672598,0.1466424246767148,0.5521151988685107,43.04508964294784,9.15805712260459
0.2763517713633534,0.8509877770298302,-0.5746360056664768,0.2221118895344463,0.6722214073978536,58.265756905096325,9.177546564668951
2.696835625226246,1.731244330274354,0.965591294951892,1.324387804209321,0.5624925807879337,54.83533882005925,9.210050924929083
0.9374104821568079,-0.368187922713419,1.305598404870227,2.0323362982668582,0.609857703264154,56.208640986384175,9.234241814386456
1.777018451664023,0.7920118471275766,0.9850066045364464,-1.3085079709456666,0.6189274103205904,54.74732490087851,9.190136203755822
2.161934163083132,-0.0403638456754134,2.2022980087585453,-1.4564969807228068,0.6284697211877466,60.632801775671034,9.22662430525168
2.3782997880800703,1.8555183944716616,0.5227813936084088,-0.2917989227809718,0.6665525759630806,62.2031565482351,9.24566261644639
0.33569056210251924,-0.8620003429538963,1.1976909050564155,0.9133308640888036,0.5980555982516563,58.02713142959205,9.247958872187423
-0.4592002788076146,0.1029795108413494,-0.562179789648964,0.8278242695640661,0.6186938090142495,54.922457645438584,9.210464158662456
1.1828212505029148,1.039828029460518,0.1429932210423968,1.4010795321818488,0.6318097132317301,56.41947551991412,9.280021800186177
3.45505749802242,2.2288549799133968,1.2262025181090228,-0.8680320530257799,0.6401460880117507,56.73130758967871,9.310386727021813
1.978634194201965,0.5982954858891281,1.380338708312837,-1.984120989487819,0.6377005081278193,52.62830727029697,9.29233323502339
0.3474025034839347,0.1095610165519768,0.2378414869319579,1.190394466924733,0.654752397410164,59.54224867530793,9.279377878934117
3.0074134287333454,2.546632408968825,0.4607810197645208,-0.4954586032011173,0.6752870433877338,58.95496501458467,9.299737455072714
-1.7667454026367246,-0.7818237646049502,-0.9849216380317743,-1.685392796482991,0.6528697329448071,64.3641075569963,9.355398261353113
-1.3554062796568558,-1.531901024525729,0.1764947448688731,0.4785162120065581,0.6560602625943316,62.9457982223859,9.348199250817212
2.532113124652461,1.1076341784307449,1.4244789462217162,1.1269855524073835,0.5544127873381586,53.24782269582347,9.352800532367686
1.2761529361428043,0.1662803003078606,1.1098726358349438,0.2121101302089586,0.6361782898903785,60.78483711914954,9.357128251670687
0.6837216819488527,-0.3521834961871821,1.0359051781360349,-0.1233237257107237,0.6577852415887866,51.93572629396295,9.34677725775618
1.9637055454881764,1.3781205645259438,0.5855849809622325,0.1755198264673886,0.6703998831738406,60.17730167697015,9.365988576386886
1.4577259167167447,0.9142796272808486,0.5434462894358962,-0.035343305645958,0.5994782439902402,54.12171814129596,9.37844154528643
-0.016251092583299,0.1071150790559807,-0.1233661716392797,-1.0124502570438123,0.6012867782141096,51.59567098104917,9.40099148632129
0.6279593324680236,-0.6083958925951259,1.2363552250631495,-0.3787264239525476,0.6056766674509737,58.11931177424471,9.43017837788534
2.5041522169154242,1.5450806306389724,0.959071586276452,0.8575915561932284,0.6613453554663328,43.353397382817576,9.432366762735862
2.354228603506857,1.323539276600548,1.0306893269063089,0.6583475906974436,0.6863616724745878,47.97850311439273,9.39161231288408
0.5880845044179402,0.5748770311455634,0.0132074732723768,0.5050862534292935,0.6144375736204092,55.85306953037805,9.43447989937802
0.9078759203508318,2.5214046872556715,-1.6135287669048397,-0.6577646362493765,0.6803516539229536,57.15988574525427,9.454735266903358
1.2429364229114603,-0.3946022788350874,1.6375387017465477,0.1562380816098654,0.6412704879564428,54.9082310241197,9.462377206602891
-0.7872075161397191,-0.8493278871506145,0.0621203710108954,-1.8389664045557923,0.6290251678967032,48.86479134415325,9.447415324732251
-0.33624208982143416,-0.0149959898240606,-0.3212460999973736,0.5169327039139816,0.6248132045205383,52.67966158987931,9.528282184315367
1.8676212729709334,0.6320408599847454,1.235580412986188,1.767671145983689,0.6728559434981565,58.73231539958939,9.454458308753376
1.0723418201255064,0.9216811219459942,0.1506606981795123,-1.1349612957304545,0.651947225364014,59.69232557937483,9.46833623106668
2.041001970221743,0.4378204110500319,1.6031815591717111,-0.2463994388645744,0.7496025651636542,56.70944910108391,9.504671901625231
2.1926496234319517,1.0318266617037175,1.1608229617282344,0.66899241130484,0.5933430208880179,62.58188155707915,9.552336061099275
0.6569048096604981,-0.5710533627179637,1.2279581723784618,1.593085665163724,0.6620022973959949,58.791845732020974,9.503276102985916
1.3039704368326968,2.124965461828799,-0.8209950249961024,-0.1076241874223795,0.6097801210605323,53.074730307764334,9.52468343268706
2.3572409842633104,0.5997644756460302,1.75747650861728,-0.3512925022465968,0.5929187814582876,55.416646273327906,9.561545873460314
2.6072811734009687,1.799926281909786,0.8073548914911828,-1.627607917255254,0.6359827332125831,49.81197371717731,9.549642756902246
1.2034696510199927,1.0260705929824216,0.1773990580375711,0.4451107526104652,0.6435366732912954,56.29275751409009,9.553307922909395
1.8314497636940337,1.140813262041561,0.6906365016524727,2.384106061587633,0.78272068633056,62.401103524984464,9.581312658037737
0.026126757841389292,1.2545421194030402,-1.2284153615616509,0.619745881550094,0.6277476770500072,60.274198815263205,9.585450359804591
2.090242715314998,1.1331981954712105,0.9570445198437874,0.3204658385432345,0.580588990616545,63.864942984134565,9.610608775712736
0.8485192288119914,1.328927191604499,-0.4804079627925075,0.665184526635463,0.6508914222221103,55.34761809837459,9.625829377781306
1.2129368547249229,2.016071758152446,-0.8031349034275229,0.3323676100614051,0.5336518437266845,63.59969125277144,9.616140061200106
-0.08809677277088823,0.8841551940045438,-0.972251966775432,-0.469197360108593,0.6329289657304015,55.90981911079089,9.625834654507567
3.060720009633477,1.3973525781746452,1.6633674314588318,1.167454325970772,0.6384710282319846,64.2414136187108,9.634282219645725
0.5213154223845309,0.5993279225819655,-0.0780125001974347,0.5702933315463505,0.6775427425210991,56.7813524314813,9.649782611132986
4.215446069040025,2.1298956286017243,2.0855504404383005,0.3625024585097831,0.6866367951018427,60.433941000543896,9.65110341275743
0.0306940118719922,0.0141009073760413,0.0165931044959509,-0.6301194225605944,0.6129201609416763,64.28049391590238,9.659987830353554
1.3377568856109352,2.4921484386291857,-1.1543915530182505,1.6491119347939442,0.6307109004121774,55.94494191427767,9.693932542416544
0.08877865300957077,0.6517648513570862,-0.5629861983475154,1.0106641463338248,0.6000785188697524,58.01117295773516,9.7103223236071
1.051784194800971,-0.7381375038335592,1.78992169863453,-0.2066020382250575,0.5821243919165131,63.3706931088764,9.659848941107333
1.2202405471957087,0.8214568094783375,0.3987837377173712,1.3485010509657114,0.6541652178825414,56.26850812602516,9.700200423034811
0.019981989565612,0.0130155333757268,0.0069664561898852,-0.1505372429599033,0.5751341607402916,50.33621049597527,9.696226111331097
2.2512693516821125,1.535425536122391,0.7158438155597213,-0.4346124989442035,0.6182250523981403,67.66285514426121,9.71378057067028
1.1010529670152616,0.0428728041143353,1.0581801629009262,-0.4119547257719239,0.5893406586883834,54.60614551248158,9.738050324194706
1.9243962261472953,0.2500281464850058,1.6743680796622895,-1.4229627632381985,0.6667264752544702,57.75589605168557,9.753388767430849
0.8134259757165161,-1.1926143549626862,2.0060403306792023,0.8200055684096281,0.7294567801598933,62.74929710708409,9.747757471127771
0.44367914504046513,0.2453348530168275,0.1983442920236376,-1.482324292205398,0.5744488353130143,53.93394220400304,9.721733193305544
-2.4928862693228604,-1.7255233580799931,-0.7673629112428674,-0.8792658469912809,0.5470202695649142,51.94422011937899,9.750699088388476
-0.7390406079113581,-0.8848320586537004,0.1457914507423423,-1.7260526266625218,0.6335698086989012,58.25939413219439,9.797929993404004
2.2803091727343316,1.4602002172593795,0.820108955474952,0.263823087766648,0.6407420020209044,48.03247362158888,9.735191471559302
1.082941875756876,1.4863005160489735,-0.4033586402920975,0.1999297184271987,0.6510330368174932,55.565473189641814,9.82374854303364
0.7304939235160834,1.1266727154661655,-0.3961787919500821,0.0239113636542364,0.6179270049745229,58.23734485838904,9.820424599812892
0.6402856483563408,-0.2650461931649528,0.9053318415212936,-0.6916127196884462,0.6303540250515804,55.66954001551678,9.8463235216306
1.1683968355327443,0.6549333901053397,0.5134634454274046,-0.8209113803129803,0.658904469776494,49.30919274654446,9.82602861626238
1.2952416328757002,0.6997570034398105,0.5954846294358896,0.8160496348117636,0.6926934531383178,65.00448520632385,9.79877189151954
-0.6495262140284234,-0.4542903503791046,-0.1952358636493188,-0.1985147623017686,0.5430624292467735,57.55843415788026,9.85860725283013
2.5416180307350786,2.208187436863648,0.3334305938714307,0.6687528890843935,0.6225108550677264,64.20365193977368,9.885493062480766
1.2230362227905693,1.582866221955228,-0.3598299991646588,-0.5324967204344441,0.6517912259729646,55.75485806289334,9.88849443611027
1.940427947087832,0.4852545538329522,1.4551733932548798,0.5341721066023905,0.5953449403019865,52.66212736817234,9.86674617033024
2.3346155168204996,0.7338193629402063,1.600796153880293,1.6567447992889015,0.7279451863775002,58.41523984073255,9.891735221509254
-0.3640380778788188,0.9160311281762872,-1.280069206055106,0.9399899605071508,0.6097591700343101,55.99754757064625,9.889343274624402
-1.696192118895471,-1.3333717519124964,-0.3628203669829746,-0.0582322599605832,0.6396079889519948,51.194823875161156,9.893614670716213
-0.46736639457993967,0.4619005302742565,-0.9292669248541962,0.611737926753354,0.6696166874010853,64.43970042188602,9.939107771423595
-0.0543813060644537,0.0278084610801142,-0.0821897671445679,0.1142311800087433,0.6123943023754879,53.98657597630915,9.906049353774696
0.19385552996447353,-0.2911125045339433,0.4849680344984168,0.3631339373752142,0.5497728486819735,47.90374312963188,9.922123671388368
-0.4505453696252284,0.4301220087580765,-0.8806673783833049,0.0300000986735121,0.6208117339829796,63.75305328622697,9.927919487330554
2.157313489992973,2.5096236247766135,-0.3523101347836405,0.1916333430781542,0.6938594473817703,54.5978809002078,9.93019504953402
0.9196588987637816,1.35349475547716,-0.4338358567133783,0.5684193001792502,0.6256856225027732,54.087399479023375,9.972928285836852
0.9201483825039243,0.1421877007104126,0.7779606817935116,-0.6366753543353459,0.600351623025693,48.30672896978222,10.00323006096964
1.927273794589693,1.2866642681324274,0.6406095264572655,-0.6588380836018439,0.6890999078303899,65.84552230074765,9.986302464875097
1.9642511927555395,2.11415171964533,-0.1499005268897907,-1.031144412301547,0.626420511810713,50.700559894544845,9.969885043988716
2.3893744978684643,1.6401447622551562,0.7492297356133081,-1.242515564832516,0.6175941751859666,57.44735819695212,10.02679889079484
0.8021568614587129,0.7758562455456209,0.026300615913092,-0.8591697544077559,0.6507179796082548,61.72536036895667,10.0537140350807
0.3719013214036837,0.0700038942029321,0.3018974272007516,0.5179328427583823,0.6819256448626405,59.277991384100545,10.017075153517068
3.6634552466569454,1.4158787818051557,2.2475764648517895,-0.5339597813961013,0.7626167702249403,56.878283121954695,10.030428914665649
3.0270129132664225,1.1118556498963743,1.915157263370048,0.8727995964684085,0.6850358582777961,48.67537335330917,10.060313212601669
0.889965092463966,1.6142782807854164,-0.7243131883214503,0.3942562791314039,0.7018090104709541,53.14222642874042,10.092437474955702
2.760543962234482,1.354971658722713,1.405572303511769,-1.608604284917682,0.6186616614587559,58.13700026062005,10.059603317085497
3.1578756457937724,1.770067368643138,1.3878082771506344,1.0152329108835911,0.5928095253662867,53.26927618330305,10.053351004380035
-0.3852854910208344,0.1859942380462941,-0.5712797290671285,1.171413370395141,0.6473624574023286,58.22909179606246,10.102628372125448
3.4356713519910445,2.039338311524247,1.3963330404667975,-0.6328905518898926,0.6497473449409642,60.62815950297493,10.115981361462843
3.036317799016318,0.9202586468653804,2.1160591521509375,0.781521063981482,0.5906061713663663,62.03910485073031,10.110122629008703
2.254788975601724,2.7986347110813057,-0.5438457354795818,-0.4948113181811789,0.6359100411960074,51.10284159549698,10.108837334806852
-0.3033310965734526,0.0349008166495314,-0.338231913222984,0.459714694117885,0.6647836070337765,68.22411662228576,10.14988757461984
4.0582714458486375,2.460767234187408,1.5975042116612297,-0.9020966914438864,0.6629803559553358,61.08543103299224,10.15056072009096
1.7753389034376883,0.9234290107678658,0.8519098926698225,-1.430347338881968,0.6703180381302573,57.246611504706856,10.13463128966193
1.207277714083974,0.074815019973829,1.1324626941101452,-0.01970067781883,0.6597948412245276,62.710013151265976,10.160981894626111
1.1652094581145813,0.2430619858170151,0.9221474722975662,0.2397449636608322,0.6200391310107646,69.09651705871323,10.142965849359507
1.380141321811737,0.4073153079600758,0.9728260138516612,-0.033848385537406,0.6198374918984371,50.08302565625961,10.193717809128758
0.4087731604782531,1.1525433588393716,-0.7437701983611186,-0.8198418520038318,0.5857279125877973,56.15746091191779,10.184755328612342
2.8825191703538744,1.2519276967560145,1.63059147359786,-0.0353529577708797,0.7350571937033578,45.398763787838504,10.191285783352306
1.9095425974956277,0.1561070010649949,1.7534355964306327,0.6341982550825209,0.6466339192316795,58.26132771327586,10.209342510296953
1.0611939059869295,0.7061672090256506,0.355026696961279,0.3203678705207797,0.6348617074675841,59.13218922249204,10.220806153986606
3.415019284423448,2.873506956181556,0.5415123282418918,0.5481193293840597,0.5998077154413156,57.11655539848313,10.247898601231311
1.513948176479943,2.4594945639534633,-0.9455463874735204,-0.3041395035278569,0.7931731738869394,54.046846083535975,10.251821810626504
2.2693775679363273,1.1689898598098434,1.100387708126484,1.5380510097840654,0.5928668364160175,47.07908932041649,10.246871814424145
1.9301466954363118,0.7713844645870709,1.158762230849241,-0.8094828433453454,0.6252338010034705,59.20147828124755,10.27527336299438
1.3792127185824246,0.8541271094201913,0.5250856091622331,0.8546081884376836,0.6676109983546891,64.61813024659592,10.278014745073833
3.0605303747739,1.3483285517154058,1.712201823058494,1.5492963824524562,0.6769727640842118,54.39301351118273,10.27146800727428
-0.03292412069585848,-0.2872671899303569,0.2543430692344984,0.8486707803829197,0.6950016778143939,59.55555339779622,10.287505636835272
1.6324616972622499,0.4788636341277629,1.1535980631344869,0.1655958587107239,0.7376284596986847,49.52168014841082,10.29703554222314
-1.361729470468204,-0.9316291060434222,-0.4301003644247817,-0.1598195627458955,0.6726988763398691,59.65561499680424,10.320105226863484
1.7034765471420492,1.136892886722506,0.5665836604195432,1.4049225331048694,0.5947324128251119,55.40978615244898,10.312659547705568
1.8019338905204199,1.385580500103027,0.4163533904173929,-1.05378264506153,0.6348296558239681,53.57175585098828,10.322191816271568
1.072500301771589,0.2559128943839712,0.8165874073876178,-0.600574582037971,0.6632114899623633,53.5891753607528,10.37937514618868
2.5361253097962027,2.3138009162564375,0.2223243935397651,-0.027650689008519,0.7513741326685721,55.430083619498994,10.368794709634942
-0.024286150024973918,-0.4852367137528773,0.4609505637279034,1.60791823213673,0.5782155159286779,59.31745607095731,10.344787986711497
0.695911033190228,-0.723131134677297,1.419042167867525,0.7503895088071577,0.708377574367766,50.85162144934765,10.381418819878846
1.1232129565898035,0.9664103603755548,0.1568025962142486,-0.5970664876024541,0.6573874268404374,55.43400876031656,10.382367001313105
0.7773332104510307,1.7897716407107964,-1.0124384302597658,0.0610289636644172,0.6904261943812025,57.21937449099068,10.397831023505203
4.771610237550352,2.42731582583957,2.3442944117107816,-0.2426290769054437,0.6435778910445437,51.93868522115772,10.402746826491304
2.2619550910181156,0.2852186677958205,1.976736423222295,-0.3377375269011548,0.6066989546266358,66.4243553150227,10.433792852909704
1.1270900468317526,1.8234985603791152,-0.6964085135473627,1.3512984220306892,0.6865071843596307,53.18069986917149,10.42691240689303
1.99315787756007,0.7070240537301721,1.2861338238298978,-0.998976867648066,0.6818280560014569,54.108140664141345,10.428758226035717
0.6676431046329268,0.5736200195731189,0.0940230850598078,1.9819045154913424,0.6978523121897738,52.5709334460269,10.46084381153966
2.4916789612523282,1.6306220532836702,0.861056907968658,1.2017107480831215,0.6487271913904679,66.46202159366057,10.454665700821758
2.2923654491710166,1.399999790493477,0.8923656586775396,1.4647001266437265,0.619544281250019,60.24129526379798,10.462429571586584
-0.46369488224696165,-0.8280004486211329,0.3643055663741712,-0.0887436578437,0.5717389919214312,52.800957052412954,10.476280452049725
2.041166392502616,2.2256468543720715,-0.1844804618694557,0.2246125332439786,0.6907899643362055,63.0222228407616,10.478127819532672
2.0392286435038156,2.1299126550766867,-0.0906840115728712,-1.0582411640600944,0.6711587343080464,58.50170648073674,10.490184539859907
-0.19078964200864168,0.1249733957027651,-0.3157630377114068,-0.1493943584606557,0.6018180877992609,58.79162807768045,10.488266108224762
0.9162329334986015,1.147054426932763,-0.2308214934341615,0.8692802943908278,0.6233214950342396,55.790122891191274,10.49497665560752
1.7803901378345275,1.245995876061152,0.5343942617733753,1.6720459066706028,0.6270551973581107,53.77257696299927,10.50002859227035
0.8997386516238062,1.0133542518853798,-0.1136156002615736,-0.7308165737717154,0.5763868756131736,59.215635355887734,10.502160334264058
1.4878584200873572,0.2030901284991116,1.2847682915882457,0.011191704187,0.6097949366386497,54.808516673467366,10.52240565277231
2.17302092892754,0.0824867106895396,2.0905342182380005,0.2257558190812732,0.5941304978852006,66.62487893415143,10.54651465931066
0.7530774624776827,0.7292708039192053,0.0238066585584774,-1.0183767647371598,0.6303410243877333,51.201793222890984,10.562062351648914
2.7721049279434196,1.9282686904530744,0.843836237490345,0.9691190773552552,0.6141730593222638,65.23618057621182,10.564574068737048
2.4045433063555506,1.2998546220712015,1.104688684284349,-0.3458630980042245,0.5699006474520164,57.00595043077869,10.532885930197454
1.4639326136008597,0.3863549316737225,1.0775776819271372,0.1830942807028902,0.7525233642804398,59.06512130770382,10.621491727155249
2.21148528664163,1.5293827706912326,0.6821025159503977,-0.0731073418904337,0.7141638485600391,61.742629433576056,10.621729602457808
-0.7407422608836478,-2.0901437643041283,1.3494015034204805,-0.4101390775567007,0.6127288001891902,54.43274208823729,10.61891519702434
2.9974192277489724,1.90787935298111,1.0895398747678624,0.3725118408239485,0.6654438003544818,61.91237844958325,10.658149813451066
-1.609684993099679,-0.9798853298860338,-0.6297996632136451,0.1643046458780105,0.672838944269478,44.060565212014765,10.610452717650327
1.8756929643013662,0.3981023037719929,1.4775906605293734,0.0084137403088969,0.7116629417736989,54.00548478564155,10.67775250241252
1.1378854172653303,-0.3584118531679594,1.4962972704332898,-0.3478326009512505,0.611321356958633,52.99226637787652,10.63069571846499
-0.6864164719652485,-0.532708637979662,-0.1537078339855865,0.7005110896535773,0.70699990674737,51.35219831555363,10.664774758505828
2.571602364069867,1.9235144214028224,0.6480879426670445,2.0349610855044364,0.6251422615945139,56.552102149848274,10.644523253497317
1.5897521660524305,0.2957012289954711,1.2940509370569595,0.5215884479928086,0.5858873658530419,59.5627741439821,10.680293881910886
1.5126010700141137,1.1106211083211377,0.4019799616929759,1.3781768282063398,0.6890302732838092,61.154472258400745,10.697723329959969
2.402755110059094,0.717911443994297,1.6848436660647967,-1.007805913716722,0.7175043257808177,58.85270401473685,10.69690619337731
4.218897596324255,1.242587646379662,2.9763099499445933,0.5405348488720397,0.7825048125078424,54.32700086709767,10.724277548881805
0.6701067662165527,0.8430835064998551,-0.1729767402833024,-0.7142375112512667,0.5932660598334093,59.50769834352183,10.721980288989746
-1.283479286241558,-0.5160158124659106,-0.7674634737756475,-1.0934367216705718,0.6883412665985712,58.29119259148084,10.71955170543245
2.6819295894623085,1.7639580274528583,0.9179715620094504,-0.355525803456177,0.6330481794114671,62.357192919737265,10.728663733643954
1.6109367296846309,0.2746494211274652,1.3362873085571656,1.5761023365579616,0.6928491363839571,61.56874355754536,10.766218275452314
-0.4030308314752133,-0.787461098087914,0.3844302666127007,1.334576228955564,0.5802996825528048,57.843590075321515,10.74692515940386
2.410849576693935,0.3417204358889838,2.0691291408049515,0.6279225204818478,0.5908286305860511,53.21209093774267,10.7883080594097
1.5491446985593824,2.2713101837722665,-0.7221654852128842,-1.147425363320953,0.615316337469267,54.44075315221916,10.804454235856635
2.9314177061029314,1.621486931534508,1.3099307745684232,0.1893519433225707,0.6582012401676072,54.96370509601998,10.756625722753078
0.4350510191005813,0.4233278512962151,0.0117231678043662,0.6876900017537727,0.6223419338138971,56.14346818745946,10.822658527746022
2.760970809465709,0.4234370776687049,2.337533731797004,0.5618836205721648,0.6874916735930977,59.0671999578201,10.851208453968894
3.063017542837083,0.4517745270528103,2.611243015784273,-1.4570887943456492,0.7060266465669344,61.30996773334222,10.825040075224038
2.703515269973347,2.8508723581140933,-0.147357088140746,-0.5032556607432457,0.6848037519729182,57.48565028045564,10.841981683705896
1.2270888238283342,1.156774623067865,0.0703142007604692,0.3233418212694392,0.7359072161503057,57.829015647865475,10.860740106487382
2.6856266749857394,1.2055956143104405,1.4800310606752989,0.9240678930768754,0.6759021248966414,58.47207119619373,10.844490353696418
2.040436578366702,1.8065522174342723,0.2338843609324297,-1.8079934393987311,0.5944089171634777,55.1831610683626,10.863645604470756
1.5919483485281567,1.0157727187120031,0.5761756298161536,0.2263678043628864,0.7235655376140149,53.14287430864012,10.843716009407538
1.1662033154650953,0.5186562101478458,0.6475471053172495,0.5318979478632269,0.62528185941341,48.99979407313194,10.88277270057061
-0.7148793312297397,0.58206330316663,-1.2969426343963697,1.2388185646420171,0.7012035554346002,54.30838473213172,10.899962239912892
1.3169913018541006,0.7075266891206037,0.609464612733497,1.0824215585047705,0.734512300534689,60.157006751685614,10.91032326045853
0.6767669300978933,0.7426205083078854,-0.0658535782099921,0.9724926912176688,0.6788029495000654,54.28387025797944,10.931308494471953
1.6395102952186231,1.508187084737766,0.131323210480857,-0.409661736151541,0.5813035675619248,56.61654022387817,10.904503956437289
2.9018680965670356,0.833218223191145,2.0686498733758905,-1.5173659684313847,0.6103438591512795,60.14487981090003,10.91934786486653
0.883710023536752,1.5146272108824843,-0.6309171873457323,-0.0020591902279484,0.7225346500776377,60.42331881878239,10.977910146919829
2.1413520805493307,0.701985349841382,1.4393667307079487,1.392982790183542,0.648084251707852,52.42935503866944,10.946993432524726
1.2098223672037245,0.8620519165491142,0.3477704506546104,1.7851628906409434,0.660662021993713,62.81946404459844,10.964000675746249
-0.8665241124989929,-1.2140691620160249,0.347545049517032,1.1026148635558268,0.694767525311397,63.47806567193825,10.968659799165495
3.1194229445926487,1.7011739935016237,1.4182489510910252,0.8217639822013054,0.6917854068638446,52.199213901898624,10.9635663834739
2.1005497776148463,1.1320495909801944,0.968500186634652,0.7724202059270663,0.6710522136357133,53.73642680261624,11.022470584217835
2.9839197475366532,1.7842860212249132,1.1996337263117398,-0.1629807910781501,0.6468217637120289,63.818212529383565,10.989445971761588
-0.5114874438938519,-2.109264670545369,1.5977772266515171,0.2634350602705401,0.6417647192430462,57.1356394702067,10.98745428952586
3.174936228673888,2.876080208712107,0.2988560199617809,2.062922277792021,0.7004360420508431,46.77816530205454,11.010985194453944
0.6673301777230659,0.6488306720592651,0.0184995056638008,-0.5483478556846568,0.6853625365962774,50.88579547848096,10.989965879965489
1.4434754638752154,1.8973179132350149,-0.4538424493597994,2.0093463389586006,0.6449620192686102,56.644502839112576,11.026974250700338
-0.44358665009948217,-0.2500560343449732,-0.193530615754509,0.0728967918982204,0.7120755942057685,52.083285676382566,11.030637428042954
4.984884770685806,1.403338594126187,3.581546176559619,1.7207144536268868,0.6516612320562343,55.83852803745396,11.072348572618546
1.615567091187148,-0.2621360778269799,1.877703169014128,-1.0111752668242002,0.6156727883526156,58.07477592188466,11.056531715208802
-0.5492536199703024,0.1682253209339304,-0.7174789409042328,0.9819013419795168,0.6204503213807799,65.231215836471,11.097756078711576
2.0184497373662467,2.706740431779581,-0.6882906944133341,-0.3404155969912245,0.6096047737670707,56.47482119798901,11.117969679861384
1.7193466345076827,0.6027414734325076,1.116605161075175,-1.0185552548262604,0.6450642740089865,63.29694773982233,11.115623506725752
2.1941472774197344,1.0115715436586363,1.1825757337610978,0.6156033776504024,0.7205139480125924,65.08518751497299,11.105692234222795
2.84968780617767,1.664921197450727,1.1847666087269428,1.4068985219769552,0.6187159343008691,65.12008301438011,11.122822289934112
1.6727489678999647,1.2912501510176368,0.3814988168823279,-0.4471573070709803,0.6685374406599116,59.37945559737816,11.09950030119712
1.4582741519312412,0.946701964471668,0.5115721874595731,-1.1008744307943554,0.6264221445842476,48.14638485408605,11.137324412549576
2.1274366667256546,1.1619588580773763,0.965477808648278,0.3066541634706203,0.6463841190586583,60.27410288313083,11.132791230638665
3.925191364941184,3.201128237132485,0.7240631278086986,0.311420997169924,0.5840404697795795,63.219125958009805,11.173886527622988
-0.8397497630620353,0.7408086511436841,-1.5805584142057194,0.9475333516431336,0.6486585781776271,57.57893895459561,11.22145504778489
1.4097554561683658,1.0002412911752965,0.4095141649930693,1.3491656935946523,0.6501431799018177,66.71434179497953,11.189996432719475
1.6389906350853976,1.8505114367510005,-0.2115208016656029,0.3405133390992,0.6869858053504625,62.29773821477117,11.150177197020906
2.7217666585141016,1.9060977699844313,0.8156688885296701,2.2557892333074867,0.671278413068058,60.84708525602839,11.192775396141714
5.614605248120903,1.988316938869887,3.626288309251016,0.6248780611900452,0.6003377204142991,63.44476988912426,11.21244981850749
2.4498144607701082,1.4407316516217508,1.0090828091483577,0.0545742087893834,0.7146101981206903,59.68686355223005,11.221747148505203
-0.011645392326755544,-0.340288686854858,0.3286432945281025,-1.2102092461650151,0.6710583971862248,45.56310976177949,11.215383737487825
4.001408874163981,2.436862554459781,1.5645463197042,0.1390559907631746,0.6706058802906113,55.53861546423502,11.24490583485274
0.7838049673856642,-0.3421995745769438,1.126004541962608,0.0656859638097358,0.6603700460190919,64.02729832065671,11.225149983261613
2.171479062195521,1.1074960799638367,1.0639829822316842,1.362735103643872,0.6350842505838497,54.01064944675656,11.241101825546298
1.3026104830104661,0.0512995609885048,1.2513109220219614,0.8652713295707855,0.6720051991890088,56.93839158389393,11.282915952832074
3.443727591360209,0.7421518606979296,2.701575730662279,-0.7762240179871561,0.6850374632546136,52.83872050339387,11.259686735382402
0.6504829814107314,1.1357674138774618,-0.4852844324667305,0.5757568881980282,0.5740562161475186,66.98966301174866,11.300764232109849
2.2488849320044006,1.1290770153073135,1.1198079166970871,1.075391071657574,0.6346059181041034,66.48466028566048,11.27261072450688
0.9507218973059265,1.2303553503753848,-0.2796334530694583,1.9322486574578828,0.6489395707078406,53.66500148569735,11.345296517675836
3.6256928217625823,2.4228606614818062,1.202832160280776,1.292078663625639,0.6746384087693459,58.82798392617701,11.30451460155192
0.9926033296990796,1.263398490220199,-0.2707951605211193,1.1657787486645872,0.7216383880376,54.69617164824195,11.325526668563931
0.7975187240849675,0.5664223496986294,0.2310963743863381,0.4653754871098026,0.6235287562680165,61.18051304504967,11.346612265221808
2.1293260603406585,1.7753809495606947,0.3539451107799637,0.7939588960596183,0.6373606639135754,60.66135319893502,11.338693000949975
3.6269026478690636,2.0014790664800373,1.6254235813890263,1.655509189483857,0.6367750099787519,62.178613633620294,11.362868119221426
1.1537487017146424,-0.4148844412985364,1.5686331430131788,-0.9264157105604216,0.6224682952624642,59.786825976924,11.381507134490404
0.8158713996222016,1.4108382399713737,-0.5949668403491721,0.0572797578438017,0.6453283092686899,72.81141273315748,11.399212264650073
2.2215821928389814,1.515325708715473,0.7062564841235085,-0.3654922655539533,0.7013707042803136,53.00191083899205,11.40582994871946
0.45961861472857685,0.5173042593276421,-0.0576856445990653,0.7865870000699411,0.6102817777693095,49.59566085469377,11.396563790723947
1.585250508783533,2.191289372282313,-0.6060388634987798,1.6380134551361345,0.6845072315517838,56.19037458619963,11.407067364519127
1.1022626019998578,0.6662417682212259,0.4360208337786318,-0.1888256090941975,0.5781643595498338,50.32303222473618,11.4669821711605
1.2877155377819844,0.9425886050083544,0.34512693277363,-1.981798291701032,0.6353355304852522,50.70781016533816,11.448997781364984
3.7255531681374214,0.6446551235360017,3.08089804460142,-0.0033572711145344,0.647070924553075,53.17069620720888,11.421563526873594
1.9217340123274391,0.8340207916843982,1.0877132206430409,1.3226946040688718,0.7474313324662893,53.57347291387117,11.451999763275312
-0.9994108149546568,-0.2771185465092117,-0.7222922684454451,0.9472081731428748,0.6500911928395636,53.41847489410959,11.453297137224435
-0.5290564807609478,-0.620179545925245,0.0911230651642972,0.8381219161451008,0.553912093661264,60.78980811891755,11.46729331532154
4.092943397968167,2.415091196177081,1.6778522017910853,0.1302997646015746,0.5641727812473593,55.6749160240944,11.45541009684584
2.7198230971748996,-0.0256604190831598,2.7454835162580595,-0.8683802716022024,0.6659616651643676,57.315436417989275,11.48176153531228
-1.097747355761456,-0.1693766239380798,-0.9283707318233764,0.926302184383581,0.6950916878931409,62.69132112768695,11.536231115463876
-2.5523995595004436,-1.3306595918024282,-1.2217399676980156,-0.4229165491339814,0.68331889724162,54.39569259410573,11.52158152601751
2.7142050002341027,0.1844835703948437,2.529721429839259,2.595819392422629,0.6730675689069187,56.91172368731985,11.47017677183697
0.5500125898247352,-0.498929679040093,1.0489422688648282,0.9825872655382186,0.7229450027487644,60.07040107413863,11.55433446984996
2.258497267430839,2.4668900707868335,-0.2083928033559946,-0.1682108472287187,0.6379954210932364,48.54091010340354,11.561792590458184
3.030507647945413,1.8354067962761584,1.1951008516692547,-0.1985903939218662,0.7098634691880461,46.33136952458233,11.542814293913873
-1.8365499784047516,0.1381541580388595,-1.974704136443611,0.3202080449947034,0.5836601563919959,59.99363167615445,11.574345270875664
3.7444460510408266,3.0794551048439516,0.6649909461968752,0.1740077277280715,0.6201564682530252,60.73026439783092,11.552812015783656
2.799508032243543,1.809499582774296,0.9900084494692468,1.530700823421305,0.5751947494099496,68.59844163208908,11.570594885674671
2.0906467617475775,0.5036175085571388,1.5870292531904389,0.600640615776927,0.6519475133796626,59.074963299991666,11.619970927213396
-2.0208070281382335,-1.6702420265247526,-0.3505650016134811,-0.3170498947341177,0.6635196768064471,62.39033546977868,11.594565399202606
3.8704110063314845,3.1208210572226216,0.7495899491088631,2.305379927471723,0.671680771537702,57.32142162838893,11.5726053667609
-0.8199291871762926,-0.5589791858486568,-0.2609500013276358,0.4646049719776922,0.6692128238273447,59.79206891707482,11.618733935544377
0.10633954767382281,-0.8140906697588932,0.920430217432716,1.1844937145678962,0.6198839488990133,66.64936498072765,11.628428232141712
1.6248652819125209,1.8545933054906985,-0.2297280235781776,-0.1922150707042302,0.6568925324755508,47.7002646441824,11.66396737138747
3.530579372754463,3.27249007610339,0.2580892966510732,0.779484462626582,0.5916752005225361,60.395457985499576,11.650286728443517
1.8886718626052073,2.217725284557695,-0.3290534219524877,0.7278362241667835,0.7348519419660479,69.01245831085859,11.651568353771196
2.7165464340704415,1.3980763823825957,1.3184700516878458,-1.4725656609310351,0.6516521488211471,59.75184371934907,11.690901122904624
2.955993163825883,1.4296364002785813,1.5263567635473017,2.4327161397672876,0.6425321057704745,66.60168540229719,11.682415804650022
2.122869327636332,1.6890124136766622,0.4338569139596699,1.7084428883707243,0.746566387401475,55.209907801316334,11.674999546368683
2.3025275568697383,1.595240240966179,0.7072873159035595,0.0209605094437193,0.6051500035584213,58.202879040975574,11.723099951210834
0.33924761476828347,1.118217871431849,-0.7789702566635655,-0.6837565167246189,0.6111259337908962,58.53788798656767,11.713873235290336
1.3124586946870478,0.9419423476974086,0.3705163469896391,0.7664322356763182,0.6127372325056782,47.289457040661475,11.72005851933359
1.3964231271101983,0.7758629121290694,0.6205602149811289,0.5059257194286925,0.6642976389207443,52.54367126103491,11.733558167828232
3.377336007524271,0.0852062474449749,3.292129760079296,0.775254366719055,0.6894157487442101,52.907332966196584,11.718586632571668
0.11915203602954133,0.5592105557279364,-0.4400585196983951,0.6115202124914448,0.7049608999248338,62.50918671610974,11.739446924476434
1.2843011965370383,-0.8523563853176156,2.136657581854654,0.9265412037448112,0.7967198516503025,62.76676981719797,11.760071652036656
2.4128865519605505,0.7429755983660793,1.6699109535944714,1.8679633119722212,0.5557914223221276,60.03333446514095,11.766106726099506
0.8076993359382183,-0.1465610857070289,0.9542604216452472,0.9891182158505905,0.6988427837449985,62.54081469871741,11.805448567656333
2.171971838887869,-0.260844499488823,2.432816338376692,-0.6282830900464672,0.6406924349167781,57.606701113660606,11.79434811705454
2.0702269289783546,1.0233537651634856,1.0468731638148687,1.7842926597174555,0.6393711653575628,64.44425448779779,11.817098078452728
3.3006754205400477,2.2361766966376657,1.064498723902382,2.062701768634821,0.6378462756459194,58.48568631609102,11.810187907091516
2.3859965248217945,1.763205812578439,0.6227907122433555,3.574501337800148,0.6235393577748265,58.73821230289504,11.841125769674925
1.1751554839419838,-0.7248966007639919,1.9000520847059756,-0.7006920318100054,0.7533470423020097,57.12807686227979,11.837950555131464
1.6302149356965865,-0.143309337428093,1.7735242731246794,0.6660414127213973,0.711378626179144,61.88544037960458,11.84026840970777
1.8397543722575505,1.7878047834135198,0.0519495888440306,-1.658581905476335,0.6705665180129295,56.36434187118847,11.84973433822082
-0.7757874830620232,-0.1347390018299464,-0.6410484812320768,0.9770233522333908,0.7371004659660226,63.35964080307397,11.84091122747418
1.099619950991879,0.623830037994398,0.4757899129974809,-0.1239687041710613,0.5940661893333408,52.82388617633419,11.880138314402728
1.2785339063209729,1.3992300832990336,-0.1206961769780609,2.3480347869621943,0.6033003402883501,52.99719856910385,11.879195905309274
0.4979379755245838,-0.1184516743060941,0.6163896498306779,-0.3496685797398113,0.5610801695017739,61.93606158120793,11.879960160796376
2.87390727914318,0.9559830829865604,1.9179241961566196,-1.2638792495469615,0.6351507883619557,58.06335469549094,11.92212923541624
-0.2589468783824067,-0.4827031217945446,0.2237562434121379,-0.0456025541406897,0.6783494009599695,56.24376665047096,11.884995679482104
0.8894758796693059,0.2506695254555054,0.6388063542138004,-1.549469186513778,0.6755503627779605,62.97066035644448,11.91155008209135
1.9127582071925335,1.1725338998323154,0.740224307360218,1.1774754373521992,0.6780174886909498,55.49121258646736,11.95055437497559
0.7916773202247234,-0.7395269715588315,1.5312042917835549,-1.6383496652699017,0.6001405108412634,57.53366134822653,11.946310458818404
-0.2688877911635914,1.2946562962162962,-1.5635440873798876,0.4555483603111074,0.7109940487818805,65.53795533291476,11.949042821446946
0.9124753444781435,0.8352585556122751,0.0772167888658684,-1.6503636425867183,0.6829606468197412,66.24467527444281,11.965020070863003
2.303873718176249,1.4081011052391634,0.8957726129370854,0.1075077708743659,0.7077749442377032,66.41810255957179,11.973588283420977
2.965379795280658,1.0802400811697366,1.8851397141109216,2.0715411293570716,0.5766270805415125,57.15263058638119,11.949666749074282
2.4149113205662807,2.221181173361978,0.1937301472043024,0.7891682631298622,0.6869826916175164,64.72392195880369,11.983014762293042
-0.20736823198581777,0.9829800423191012,-1.190348274304919,-0.4346158351293371,0.6121628459383625,53.83279125786854,12.032330433090277
1.735552509558539,0.429064794829,1.3064877147295388,0.3980316790380425,0.6518279045632825,54.05018898593222,11.996813517304457
1.0334683522338168,0.9814826352695962,0.0519857169642206,0.4476094381631028,0.6985552713792816,46.83957205925132,12.013633979717913
0.9014512412826958,1.4031979575567597,-0.5017467162740639,0.9025803101035914,0.6765346660168701,66.96334029469637,12.019167584733818
0.973621185258656,0.9094747951291352,0.0641463901295208,-0.9365510008791108,0.6295459459717203,54.28624800265392,12.038259695533638
1.4064594715037155,0.9019212122903728,0.5045382592133428,1.023232034390576,0.6725795620265189,57.98063231212961,12.038337543373515
0.24494341892022142,0.1600526295627943,0.0848907893574271,-2.2733694729180005,0.5958320977117278,54.06882146405408,12.069734830043162
-1.3155005700753208,0.1998581961016609,-1.5153587661769818,-0.1985049955375058,0.7300651925254367,62.10341737817679,12.073946268245804
1.0487139629716418,-0.5391313618640252,1.587845324835667,-0.0565368874837104,0.6624305810123211,56.75657079576999,12.09547095230214
4.579991455659371,2.6137654494056672,1.9662260062537045,1.0654211791806023,0.728765238456512,52.11780261002254,12.06898117667622
0.9644850604514377,-0.378959732889498,1.3434447933409357,0.4550826039277627,0.6466541161455552,60.85734784594817,12.093193190342342
-0.2724779304080005,0.172713100988939,-0.4451910313969395,-0.9727539044638636,0.6469448603366401,51.48753286379733,12.105485547367756
0.6395007716055148,0.1479258294987082,0.4915749421068066,-0.5518265782830623,0.6350572796816889,54.4763023241016,12.129112938201771
2.4490892661467205,1.7619722682954064,0.687116997851314,0.6322039552228894,0.7172182748548468,48.13603334037924,12.11413557605586
1.8658175490111262,0.5728130093419965,1.2930045396691296,0.3548140019524559,0.638080979660381,51.557836315352205,12.158313076085168
3.4793420324425655,2.1162195565908175,1.363122475851748,-0.1448853676772046,0.7059252684041756,59.57742068777323,12.173728311810352
0.1568816813378932,0.1957016559562744,-0.0388199746183812,-0.0462376494119078,0.6547158361565641,48.8692426114868,12.140222553047288
1.9268224563071268,1.1489012387070043,0.7779212176001223,1.13112153540089,0.5751832503020595,51.29334214172344,12.16018254210213
1.1890527223347551,0.0352748195065043,1.1537779028282509,-0.0823816364860838,0.6456086711639291,58.69437414699858,12.169361369834158
5.169377454208933,3.0164857968227095,2.152891657386223,0.3475770904955871,0.6153119230917218,55.99533221002795,12.24264772409355
1.086600758393495,-0.3155469536971325,1.4021477120906274,2.605962320746733,0.6761054292505929,68.68069783312035,12.191401997895843
2.669856668510338,1.182586971842467,1.487269696667871,-0.9872995060762032,0.6150328655393634,67.89714534627628,12.243552508843123
2.2898694130787574,1.507257938830597,0.7826114742481601,-1.4151022026254092,0.7209949666154307,54.395198265229226,12.194667360097869
3.397810780181808,1.2879949516330569,2.1098158285487507,1.2206875918893858,0.6702853778186604,61.527646633832994,12.210206980676713
1.799314307918101,0.6896229915869093,1.1096913163311917,-0.2411877360617944,0.6661023303549866,62.49551928904343,12.226267909363036
0.585217194238822,0.7458047470142508,-0.1605875527754288,0.1195751956312182,0.7079196962389146,55.76886017735475,12.23308621377107
3.0245938795596254,0.9201517150098458,2.1044421645497797,-0.342986256615746,0.7234633953099404,51.28569474781635,12.25464202531683
2.1296003416753715,0.7300530376853069,1.3995473039900643,0.1787273788893852,0.6744060702742766,58.70905814659767,12.25582443594557
2.100820799740766,1.8416489523917647,0.2591718473490016,2.037423029894769,0.6369939521419065,57.91346998189799,12.26361316814531
3.3123023715759534,3.0890076334712653,0.223294738104688,1.2413707745580764,0.5869984455703764,56.60602383394605,12.313169439929467
1.3216427308262808,0.32170764315514,0.9999350876711408,1.301823225968464,0.6415373977808357,61.00357862245216,12.324475872450265
0.6772274196913661,-0.4898887551330448,1.167116174824411,-0.976269943569629,0.6451222325568086,55.045494209432334,12.328985929967509
1.6941424545923176,0.7923469723778374,0.9017954822144802,-0.7108392261883232,0.6814786767954333,53.04630246939521,12.330479979111686
4.477436881719076,3.46105315466647,1.0163837270526062,-2.398406750979351,0.659011419345529,59.35885302187067,12.331854861315591
2.483988310538029,0.07838404532548,2.405604265212549,-0.3683515144351486,0.7108083712616136,60.75043659579649,12.33005938618668
4.299652094919839,2.5218902150223377,1.777761879897502,1.3980898911747937,0.6459055183521196,52.94450937628244,12.330936849904898
3.4586151758918584,2.5611890199377703,0.8974261559540881,0.9586906186790356,0.6738455828296188,63.475335113568704,12.367259914068653
1.9792877429193887,0.3306147604363942,1.6486729824829944,0.2205882381200705,0.7360399725887223,49.9896243325635,12.346527392149063
1.1293112128271428,1.4539008776127236,-0.3245896647855809,0.4201586154956711,0.694074820383238,55.95861069069627,12.360121581416491
3.6204623435542604,2.5140292178390453,1.1064331257152151,-0.2460692452201518,0.6741246418576733,57.56628326611703,12.413058265124096
3.0256039125340433,0.5072196500060797,2.5183842625279635,0.6479325778985676,0.6471722561019545,55.68235534667602,12.438012980834442
1.1750856816031916,0.6834818271742644,0.4916038544289272,1.209409373118928,0.6457508676195765,56.0453195050103,12.41786590276333
0.1686837278397054,0.3060960696110417,-0.1374123417713363,-1.17199829563063,0.6350247340643397,68.23314224713742,12.442129143045891
-0.06756041556898679,-0.126264950850122,0.0587045352811352,0.7438935777587206,0.6506480126794041,54.630497353232954,12.42508303365112
-0.13833874538194793,0.239929031059797,-0.3782677764417449,1.377038159017569,0.7156246071623766,71.09817437361761,12.413246516278246
-0.4068437045540054,-0.334018894353393,-0.0728248102006124,0.0298603972410621,0.6668898609171593,61.084847622743894,12.462243432372372
1.2667204733146582,0.9247196369511488,0.3420008363635094,1.146018696466545,0.610638580269323,59.366637373479186,12.471385786465405
-0.5711085132823159,0.1213777339163403,-0.6924862471986563,3.260329926960044,0.7666786576479857,61.29471141668815,12.471433371077604
1.8551226160048253,1.125851673048789,0.7292709429560362,0.3416900876421288,0.6944114118088665,71.57029635884018,12.475152490837898
0.9533865311570014,-0.6631150886625264,1.616501619819528,0.839697328775874,0.6082089414825617,53.959840555753765,12.50924421157162
1.031415688951025,1.2243755860386172,-0.1929598970875922,-0.2913094067493115,0.6566066244027908,53.33286394355966,12.48028533933145
3.9623911554436884,1.727739111716144,2.2346520437275443,0.6283562376556602,0.6843863491628648,55.16777051821259,12.494524388422189
0.12792134945864175,-1.0988106961811763,1.226732045639818,0.9077340981774432,0.7642145939429246,59.10996519872559,12.499837869864791
3.016788692283638,1.2696963125209102,1.7470923797627278,0.6426622116068071,0.6237223256217241,50.32754180267052,12.531699459252716
2.1832726087426706,2.12402353142969,0.059249077312981,-0.571518050230658,0.7280729437590768,59.07524158615701,12.518242139757817
1.2596090118064325,-0.3125716834517487,1.5721806952581812,0.654896438945179,0.7493881883965086,67.43842901946293,12.536315156389696
2.1966499231829193,2.5703565183602195,-0.3737065951773001,1.911088004478895,0.6481241110507747,59.73487826834905,12.545884888755456
2.92656458025259,1.3175179371716206,1.6090466430809691,0.897885228417315,0.6658241046181035,57.52156198317937,12.56478783335332
1.085412187394665,0.1942018683302259,0.8912103190644391,1.4115940511161584,0.6280272824490385,55.90133499746821,12.55025251107192
2.1173534789961272,0.8441594427139881,1.273194036282139,0.2129522901732193,0.6698126470203236,63.49184372647477,12.591744099840746
1.0038902768754272,1.458970229176476,-0.4550799523010488,1.2002218977510872,0.6782991646138041,54.8772693003573,12.624946073013293
0.8033801524238698,0.9773635043502242,-0.1739833519263544,0.7299468946854324,0.7132541224916811,68.24556073237437,12.612709827446334
2.7597154472973235,1.440828901667241,1.3188865456300825,-0.499874275076796,0.7349237553951968,68.68752783078051,12.650826422896028
-0.2440037273964903,-0.0178858875754348,-0.2261178398210555,0.7699148575508401,0.643152737869704,60.31163104834825,12.65667996371754
2.258871619351784,1.0728633258230689,1.1860082935287155,-0.539945412546815,0.5823342471460985,58.97744957748668,12.655554700944958
-1.153261166839136,-0.5094971988349302,-0.6437639680042057,-0.1807716258497669,0.679781220650198,64.1954720219083,12.651493716852736
2.365825921153565,0.7937060330044091,1.5721198881491558,0.6417943544689289,0.695663295369054,64.52331345466771,12.66045000776491
-0.506266553088195,0.001739249171379,-0.508005802259574,0.7500677186982084,0.6936002625114858,55.02651025106461,12.685275995447263
1.4482210315443669,0.1708317443294614,1.2773892872149055,-0.736051621617515,0.6649386750083934,56.43084120350877,12.67216658780992
3.4944617786205554,2.1431696584127247,1.3512921202078307,1.50752401278402,0.6876529016236542,52.459027658606395,12.65234958497065
2.028562605238318,1.9991014000796157,0.0294612051587025,1.025901918043146,0.7573304963146819,61.12323748652376,12.70984008108206
2.826475624375035,1.5176441966755831,1.308831427699452,-0.2504753977266808,0.7007879236018066,62.41820017496852,12.6873786274013
0.804727068353615,-0.1830918926211135,0.9878189609747284,-1.0829743604234428,0.6631757531601389,52.34258053120829,12.700757175436191
0.7826338971146043,0.5935272186397227,0.1891066784748816,0.310063255085831,0.6569772428121052,56.82336215926445,12.730004478959916
1.8437138522146266,2.1237481645967673,-0.2800343123821408,0.0093815184476318,0.6736374750396302,52.37023505826909,12.73809750244893
-0.18045130841151624,1.053082174540548,-1.2335334829520643,0.5688230875033444,0.7641100502716607,54.619653557787245,12.721758487873688
4.310723690212052,3.231409597165397,1.0793140930466558,0.0929233674362848,0.6732509759604307,61.87588587296853,12.763309831282662
0.4715458042724885,1.306112692861134,-0.8345668885886455,-1.5510594340116288,0.681569253467317,55.46053820127622,12.78932279321722
1.9317106854810184,1.105558766239853,0.8261519192411654,0.0684078865737522,0.6585862514031491,57.63096671733672,12.757433168594686
1.0730393225744348,0.6051079818303793,0.4679313407440555,0.1514931119481273,0.7377940570786744,51.00568582059223,12.815449666616976
2.4595743163891695,1.048480147098222,1.4110941692909476,1.091130645932029,0.7809797112004219,60.08434347178272,12.768796583497402
1.1936619336077907,0.7631842022184554,0.4304777313893353,-0.24037265531155,0.7056614601913693,58.93517378676675,12.85234648288742
2.0281247931292046,1.6244775115706491,0.4036472815585556,2.1368590908135956,0.687412412165683,55.518892098654774,12.81177479139033
3.339323557180092,1.873785947959702,1.46553760922039,-1.4530987350691982,0.6852558678917353,58.225764823238805,12.832912339936538
1.2011057379828873,0.1318089669402278,1.0692967710426595,1.770066711526713,0.5643443460503481,60.07945867699899,12.802159328550289
0.6382468063412263,-0.4127197298265413,1.0509665361677676,0.2349376409875135,0.7209601879604882,55.11079149276565,12.848757278670613
0.28767265273096254,-0.9169773530890006,1.2046500058199632,1.319198882350704,0.6905539248026514,51.81096748013407,12.864569643554365
0.6283162730406776,1.427934143209899,-0.7996178701692215,0.5397728922074108,0.7054056657925074,68.22730032640763,12.86827675791801
1.3106057764578547,-0.182708993593459,1.4933147700513136,1.5998843423156766,0.6485584128118977,56.04021260225279,12.868738378458954
0.11804853701537277,-1.2315181840890088,1.3495667211043816,0.0733242398789257,0.6650516378238402,58.729923572700294,12.871068709629444
1.0316524452182272,1.3106658096774977,-0.2790133644592705,-0.6375768226045455,0.663866194204148,64.2750707265669,12.922610532390747
3.909962646331856,3.4158015188623834,0.4941611274694729,1.881905287985859,0.7356415494895705,76.87329595214834,12.91061614269996
1.616952036715249,0.9174458861727586,0.6995061505424904,0.3482777529741848,0.6657653677123757,53.012735727682184,12.950815047530336
2.3676108592421894,1.7627223684473532,0.6048884907948363,0.6836742706220662,0.7889793349046321,61.49145200858966,12.9194703529041
2.0805928276178864,1.0067757488263356,1.073817078791551,1.6972251091841803,0.706532399006506,55.71170247631717,12.931304106132556
2.998667264451335,0.8267715333706873,2.1718957310806477,-0.56912464881352,0.6213481043125795,56.562660342734745,12.966311884891924
3.6683199797813977,1.8454524658326577,1.82286751394874,1.058678889061702,0.67884788190638,55.66269972341494,12.92754050075993
0.06626966481024987,0.6368162349392972,-0.5705465701290473,-0.1263493668989166,0.652834399717769,53.64263295227656,12.945730732796942
2.5595123401177657,1.195197889482911,1.364314450634855,0.3317334320611321,0.5758419915912004,59.07159894518677,13.001949699427064
3.321967794780744,1.2502181778900807,2.0717496168906635,0.5365391512313225,0.7656776213445029,51.9126902816995,12.966561321415536
1.3913413694049819,0.2611447143340778,1.130196655070904,-1.0356042774583727,0.7210041607064255,64.02638951233061,12.96361897969395
3.7569327103908243,1.9219923137967083,1.834940396594116,-0.3138620606903418,0.7126503587470029,59.574514322768735,13.047370543761462
3.5125072579831977,0.7557050038478366,2.756802254135361,1.816405272684762,0.6944031351236342,61.41882246993965,12.992123647042517
1.944447588901485,0.1756343973334598,1.7688131915680252,1.351880966997948,0.617175032930639,56.982852508531934,13.033682387966564
2.4635882748089872,1.4686041966797674,0.99498407812922,0.403407599227447,0.662238013644101,57.4849238600349,13.041381703854489
1.825676961200078,0.0343411676013859,1.7913357935986922,0.7095280332091047,0.7286508686176854,60.76591101976087,12.99378743366764
1.853412092681888,0.9617051030446108,0.8917069896372773,0.1725194672012835,0.6341437876459715,53.5149862947257,13.054653659536644
1.6964137821661276,0.9251197453143384,0.7712940368517891,1.823702756807253,0.5602592825791677,57.552435247518744,13.078968264989582
2.417397698952728,2.0208491040731795,0.3965485948795485,0.2671241913266367,0.675635407259274,55.051467813023734,13.087086187630378
3.72231459385645,1.4103665674046133,2.311948026451837,0.6996762593971783,0.6800457892035552,54.903839292291536,13.108070413676067
0.8420340107667507,0.911356172062576,-0.0693221612958254,1.614221709545925,0.6940547969822795,48.814640104948985,13.09225017370189
4.036910292641806,1.7548642262910663,2.2820460663507394,-0.308822521300517,0.7238455175938826,66.06761221830779,13.124250088841842
3.578134574830594,2.328020272391152,1.2501143024394423,2.0276955461838133,0.7194428352863281,55.945433467969536,13.1062134186384
0.8478536669323369,1.49633782600876,-0.6484841590764232,-1.061197649914928,0.7006439941935756,65.20215547238674,13.101790651671744
2.068638081526725,0.9495949357833378,1.1190431457433874,2.099263289082778,0.7476250325923269,64.73638476637103,13.114045432486376
-1.719939938000354,-0.3718791201271431,-1.3480608178732107,0.0973029721595336,0.6120429334039376,52.9695725896477,13.120757790896093
1.2536037890665999,-0.1244417545692967,1.3780455436358965,0.2276372064277561,0.7133634724250847,53.96466290669653,13.180191719357824
2.274502847254767,0.6361620004344675,1.6383408468202991,-1.4193168187883751,0.7196042591246741,72.21638184466977,13.13970852981883
0.49391454411861335,0.3325892989129113,0.1613252452057021,0.0162560331584043,0.6264421859104269,68.17564472035767,13.185480776812986
1.633645728209593,0.7558449943698078,0.8778007338397854,-0.5683983823492573,0.6134197290369313,59.270570406912015,13.18468151611855
3.709163327196357,1.0001810185354203,2.7089823086609366,-0.135880798554316,0.6514091124038826,60.72217646846988,13.197947028530988
1.7235886519532646,1.4739386442781033,0.2496500076751613,0.3348119791718066,0.6557721058585099,56.28822688447778,13.237272145903995
0.5715228700522855,0.8744619081453405,-0.302939038093055,1.4302719575751217,0.726663110416008,61.61137043304602,13.211231452655696
3.6703809147662847,1.432177126313693,2.2382037884525916,0.6804410926443714,0.6584081573129434,55.87084532126255,13.242232031230994
3.730564107127906,1.0108646935806709,2.719699413547235,0.7808717927863891,0.6464606298400499,49.302133966213574,13.240751267027624
-0.2669817594095264,-1.0283614913002617,0.7613797318907353,-0.6219668513187575,0.658839328175994,52.863271817980845,13.246959621887346
1.7782034099956063,0.0084844775179148,1.7697189324776916,-0.4068441539343956,0.7454955909750445,59.58366245261962,13.305999382487729
2.9047507615247765,0.8044471118981129,2.100303649626664,2.272992352161176,0.6903591022427934,53.830010498684345,13.241173165085693
-0.24352994035447373,-0.2604452789383198,0.0169153385838461,-0.2605763028118527,0.680887341512712,59.1561073144602,13.30578263670875
1.824558562962861,1.5498929901820515,0.2746655727808094,2.131190382150219,0.6844925771021169,54.126337404694155,13.3031281313098
4.472847647142464,2.481429888812604,1.99141775832986,0.2322783293535867,0.7547388280101075,55.59502095217909,13.290409500107366
4.616285065359365,2.1701557044492823,2.4461293609100823,0.4779848625194869,0.652820184220231,63.779765059585614,13.342586370348831
2.063233557507192,0.738665778104817,1.324567779402375,1.5464194847474424,0.7561971443540102,60.75848922855077,13.283037797752227
2.3259939849204496,2.4435495821680364,-0.1175555972475866,1.7483041445976988,0.701089504009692,59.47991234661411,13.31956466685402
3.8520974037836115,1.1022056988032554,2.749891704980356,0.3659565605214844,0.6826866792214614,63.93020228136469,13.31583035591462
0.8495985992615618,0.6171670667661637,0.232431532495398,0.0888834654205626,0.8158956324735547,61.945573345578765,13.35824166929743
0.7704016567886808,0.3415651706263226,0.4288364861623582,0.4215634685614181,0.6382115923435226,66.78249479792946,13.337738717976256
1.7600968828120722,0.6532129439621933,1.1068839388498788,0.8157988434572792,0.6734522381117141,57.25752999292752,13.378661278934828
2.8874989702936316,0.5682206081921523,2.319278362101479,1.369502400236446,0.6296579233884763,57.41579937469627,13.376271271683567
2.747194200357304,1.127528445391928,1.619665754965376,0.4827859705023717,0.7390455431300965,53.06557589820768,13.38041292114688
2.2995281161508743,1.1184010003493643,1.1811271158015102,1.0977998076729034,0.7760248505424839,57.43336660613289,13.407772944920666
2.191709818320127,0.9615878357359736,1.2301219825841536,2.11763064006222,0.7752045021867439,64.40926762733781,13.40462756752124
2.207114739747929,1.3961947816119682,0.8109199581359608,0.8609379181975938,0.7530487600304239,66.09250297996685,13.39822730313882
3.4767343239724675,2.150617682935019,1.3261166410374483,0.7916385600791171,0.6821132582399373,64.40123992192012,13.4860274597927
0.14922922572414765,1.9102403398730607,-1.761011114148913,-1.0385677228741992,0.6738751920118551,50.63590271157018,13.430256656339417
-0.05098362623306846,-0.5234969677351072,0.4725133415020388,-2.150029636471665,0.608721711518256,65.02973607045163,13.40564781839696
-0.5807907653890338,-1.5918053379040993,1.0110145725150654,0.8694336277290962,0.7942168361586608,50.4285648536182,13.443158026205571
1.5164008955254138,1.8971505045201889,-0.380749608994775,0.3865910653595852,0.7160150225636064,64.11889255342089,13.444654466232546
0.7538263206112927,-0.4033333088514468,1.1571596294627395,-0.0330099801327548,0.6681112326693207,57.79653126278447,13.496522912320811
1.3064317116458555,0.7394947839543501,0.5669369276915055,0.7256602971098615,0.7592548816187552,63.155268428139614,13.496433053191833
2.3223176400902976,-0.2051380439292666,2.5274556840195643,0.4220837618681382,0.6443567705880185,52.987508081828096,13.507974256035808
1.5092808887785112,-0.8362906591668674,2.3455715479453785,1.6106251398404747,0.7134690573937642,65.51273594766225,13.502599550683255
1.8151853935398061,1.5078673029009997,0.3073180906388065,0.5693131556070837,0.6846494582247006,52.33917201643767,13.51441299505886
2.3491323164986393,1.7262745312819177,0.6228577852167215,-0.2633635995805321,0.7253577311898693,56.328919155526826,13.522581377927848
1.0916435347370825,0.3913237665356108,0.7003197682014718,1.4740833225904542,0.69038815649316,54.68786853377813,13.538376136317291
-1.2993136339228315,-1.6224933285995204,0.323179694676689,0.2671434068264923,0.6211633981535167,50.9140653713414,13.566706668707296
1.3934553034668522,0.4230193115759662,0.970435991890886,1.0111685635865315,0.6976315705991918,60.165275436226835,13.566721508250108
1.3794833375156712,1.3617825615140549,0.0177007760016164,0.0075785718629536,0.7464389183160698,68.73023115029989,13.580002256592415
-0.8622788694014334,-0.5082182163795612,-0.3540606530218722,-0.1644802093001526,0.6926778501862143,73.04145963554572,13.589991178164984
2.5546058112991528,1.1547680684567825,1.39983774284237,0.5698723045245097,0.7330373858149797,60.19986042220751,13.607688848747635
2.3640410359780506,0.9568130957876906,1.40722794019036,0.4988901160240282,0.6421481147084347,65.30463582494447,13.605763000830803
1.526083674179838,1.552129240844834,-0.0260455666649958,0.966245905988706,0.6932545085852565,60.88885060208014,13.617176961453575
2.7673303667250018,1.0931329059409582,1.6741974607840435,0.2181305154536599,0.6634849847509321,62.22994134910911,13.643776124823864
0.1490345308108688,0.0011983929283087,0.1478361378825601,-1.3492261168654651,0.7322025087672084,58.031930082462445,13.616699081639938
3.204704573869735,2.1715536317574147,1.0331509421123202,0.0547171814580731,0.6965710041316845,60.72520592804224,13.62288514840097
2.4180689070622554,0.8171673533490128,1.6009015537132425,1.2816669303318071,0.7296430690920273,62.44436278679197,13.626281568016264
1.6966239965726313,0.9491071831491104,0.7475168134235208,0.1908297820864146,0.7496678658397018,56.87181858220877,13.663658291272403
1.280300687163721,0.0438585598689055,1.2364421272948156,0.2421798569565027,0.7300062325444898,59.38379368995608,13.632925355175615
0.8004024723262075,0.5345590640336505,0.265843408292557,1.4752971635185177,0.7092241847597144,59.48626255726417,13.689243081921193
0.6801317032597982,0.0937533974813192,0.586378305778479,-0.2226951715048126,0.6458006093760738,63.91757770173483,13.687816138109987
1.38388214322054,0.8063248478678566,0.5775572953526833,-1.05316776434726,0.6957148760249109,54.46254821977439,13.722692793996424
2.7291044009359147,2.6916941842166824,0.0374102167192322,0.329361732511675,0.6693426207140761,59.542145997705134,13.6965616537907
0.2165855945961785,-0.3912006425739581,0.6077862371701366,0.006176298929962,0.6789369022362683,69.36703234883747,13.71593363429165
-1.3956321627876642,-0.6321461012362837,-0.7634860615513807,-0.4755386714330253,0.6775563517905789,65.63445372933427,13.752444066665868
2.7478507476138345,2.4533004204171256,0.2945503271967088,0.3156865905630677,0.6474297398455912,66.5671961736787,13.767662712935564
1.2749216300503003,0.7735212120547101,0.5014004179955902,0.9829280918500718,0.5987020483846157,59.95060809295593,13.736396952684965
0.8451549427260472,0.3144869468297189,0.5306679958963283,0.4824912811770019,0.6633047846815388,61.44058467332647,13.763635624651744
2.5701013087161484,2.024179169168771,0.5459221395473771,0.7991183135725852,0.7065238689507469,64.85392565124158,13.77588837955368
1.1056009609033643,0.37937373831889,0.7262272225844745,2.3059023375433,0.6295890033397764,67.6511704282122,13.787473068112424
4.079718565442865,2.8117137878857497,1.2680047775571148,0.1499731756118426,0.6979249266913439,50.0990261789737,13.784748486813688
3.327996912591163,1.664344741961142,1.663652170630021,0.7715580699556059,0.7922971953399228,53.286982170969495,13.825627667962474
0.639163965434908,0.4992222587592294,0.1399417066756787,-0.0156465291466684,0.7485795611435985,66.41855717606256,13.77220593032757
2.732234591614744,3.145156676453495,-0.4129220848387512,-0.3524354882929771,0.7797467680936248,58.4940378530359,13.811577395303978
0.13165453180145004,0.3828483364677123,-0.2511938046662623,-0.0906260236822444,0.7172690457408465,56.52702864842012,13.83895861465546
2.035592951171778,1.7313734277634172,0.304219523408361,0.0158804563553665,0.7562311023001443,53.621975622563085,13.849144496238988
1.7293583962568877,1.2892854324436611,0.4400729638132265,0.8544722235657103,0.6618003338840446,57.12484501265115,13.877055180612295
2.3150189901777525,2.2924489377190267,0.0225700524587257,2.844429610860872,0.6659245163129466,52.895230066083165,13.883964507864023
2.049954932762877,2.552933641330141,-0.5029787085672639,-0.2203322139741962,0.561327478613784,70.36969580969526,13.864289167493856
1.3617303551870037,1.024141389952114,0.3375889652348898,0.0794433148277112,0.7577347218793845,59.809192148960605,13.905997424870613
1.21514241667272,0.2394341668232232,0.9757082498494968,0.4333030054734551,0.7755866064248758,59.63876766288048,13.875719165124451
2.84342190898912,1.4535389763915825,1.3898829325975377,0.8925822654359801,0.6710545044231297,62.876051710363825,13.918617747655835
0.5545685106635184,0.3165662599834192,0.2380022506800992,0.7606916268225477,0.6861587406272434,64.7545421436881,13.94621044956842
3.3913829922166414,3.008383673545208,0.3829993186714338,1.7815940069574097,0.6613061795191688,64.67940504295905,13.9442988821371
1.002117222378386,1.1322465533843815,-0.1301293310059954,-1.928536459384386,0.7182749220342034,65.3252219425543,13.932115407670482
1.396806111765581,0.6311044672725947,0.7657016444929864,-1.8887168609033211,0.7555318309821027,56.81003243189275,13.933364424564555
1.1311051384360669,1.1818211207326712,-0.0507159822966043,0.002692235423732,0.6122895642795005,58.48207412389332,13.919428174074817
1.0221416237829835,-0.3492706783788745,1.3714123021618578,1.5962279931191197,0.7200430487622771,63.823714388719594,13.966210792758284
-0.9600537970637761,0.0269563689232298,-0.987010165987006,-1.0663628278886557,0.685880492900819,57.34875876614071,13.947695655440585
2.6394976021824563,2.1996991116613662,0.4397984905210902,-2.507989737835287,0.7055267603417227,59.96731887703328,13.96413730672772
1.4442130602203462,0.3431057210286042,1.101107339191742,1.0711794062192088,0.7229497000837146,61.99381882212407,13.966185083985266
